marker	mapped_alignments.CRH01	mapped_alignments.CRH02	mapped_alignments.CRH03	mapped_alignments.CRH04	mapped_alignments.CRH05	samples_supported	minimum_count	total_count	gene
anura-00895_sacs-ex2	49140	9960	17855	46384	46132	5	9960	169471	sacs
anura-03830_anon-2430	4928	2081	2704	2284	2801	5	2081	14798	anon-2430
anura-05626_pdp1	5167	1678	2671	5056	4999	5	1678	19571	pdp1
anura-05623_det1-ex2	4987	1614	2911	4526	4818	5	1614	18856	det1
ranoidea-04710_rev3l-ex3	7774	1579	3057	7199	7319	5	1579	26928	rev3l
anura-05742_uce-1408	3199	1462	2432	3156	2716	5	1462	12965	uce-1408
ranoidea-02359_znf219	7083	1457	2458	7695	6318	5	1457	25011	znf219
anura-00500_aftph-ex2	7352	1398	2151	6815	7060	5	1398	24776	aftph
anura-05760_uce-1598	2467	1386	2135	2470	2554	5	1386	11012	uce-1598
anura-01752_klhl11-ex2	4787	1316	1895	4840	5089	5	1316	17927	klhl11
anura-04222_rreb1-ex4	1611	1841	2640	1316	1797	5	1316	9205	rreb1
ranoidea-02510_fat4-ex1	5108	1315	1990	4029	5103	5	1315	17545	fat4
ranoidea-03412_msh6-ex1	4042	1311	2023	4274	3493	5	1311	15143	msh6
anura-05761_uce-1624	2665	1289	1947	2802	2314	5	1289	11017	uce-1624
ranoidea-03768_loc100494784	11752	1252	1966	6629	6252	5	1252	27851	loc100494784
ranoidea-05769_lig4-ex1	6978	1203	1714	8027	7810	5	1203	25732	lig4
anura-00539_camsap3	4159	1438	1143	4730	4210	5	1143	15680	camsap3
ranoidea-00110_heca	2678	1225	1140	4084	3813	5	1140	12940	heca
ranoidea-03312_anon-1888	3873	1122	1092	4327	4345	5	1092	14759	anon-1888
anura-05667_uce-0374	1885	1083	1473	2391	2082	5	1083	8914	uce-0374
anura-05834_uce-2703	1852	1041	1495	1793	1632	5	1041	7813	uce-2703
anura-00737_loc100488825	2162	968	1470	2673	2388	5	968	9661	loc100488825
ranoidea-03812_fignl1	6563	964	1712	9445	6894	5	964	25578	fignl1
anura-05744_uce-1412	1843	958	1532	1768	1524	5	958	7625	uce-1412
anura-05739_uce-1376	1846	950	1461	2059	1674	5	950	7990	uce-1376
ranoidea-00383_shroom2-ex1	5007	949	1633	6000	6535	5	949	20124	shroom2
ranoidea-00455_eif2ak4-ex2	1026	1043	931	2136	2105	5	931	7241	eif2ak4
ranoidea-00725_igsf9-ex2	3547	1832	929	12681	2087	5	929	21076	igsf9
anura-04193_sms-ex1	1599	891	1158	1497	1523	5	891	6668	sms
ranoidea-06991_gemin4	8890	852	1170	7808	8420	5	852	27140	gemin4
ranoidea-07334_uce-0708	1685	845	1434	1841	1284	5	845	7089	uce-0708
ranoidea-07359_uce-3584	1552	821	1414	1633	1338	5	821	6758	uce-3584
anura-02519_c11orf95	1174	813	1314	1330	1944	5	813	6575	c11orf95
anura-01316_gemin5-ex1	1520	956	812	1869	1240	5	812	6397	gemin5
anura-05782_znf423-ex2	1724	807	1394	1656	1413	5	807	6994	znf423
anura-04275_klhl8-ex2	2262	805	1247	1879	2327	5	805	8520	klhl8
anura-05759_uce-1588	1958	804	1539	1967	1437	5	804	7705	uce-1588
anura-05776_uce-1920	1295	787	895	1530	1321	5	787	5828	uce-1920
ranoidea-05892_rai14-ex2	5810	772	1072	39026	8484	5	772	55164	rai14
ranoidea-07331_uce-0610	1701	738	1246	1881	1568	5	738	7134	uce-0610
anura-04657_pars2	2672	734	1131	2093	2327	5	734	8957	pars2
anura-04693_xetrov90013451mg-ex8	1273	718	1073	1948	1603	5	718	6615	xetrov90013451mg
anura-02235_pla2g15	2751	1014	710	2410	2780	5	710	9665	pla2g15
anura-00517_lrp2-ex1	1486	706	1206	1915	1756	5	706	7069	lrp2
ranoidea-01748_arhgef28-ex1	1889	698	1518	1804	2186	5	698	8095	arhgef28
anura-05634_rag1	4833	688	1211	3473	4753	5	688	14958	rag1
anura-05758_uce-1563	1126	682	853	1135	1007	5	682	4803	uce-1563
anura-05573_extl3	1425	681	1101	1708	1798	5	681	6713	extl3
anura-04372_piga-ex1	1557	792	675	1103	1641	5	675	5768	piga
ranoidea-03675_anon-1999	1027	1270	666	2611	1538	5	666	7112	anon-1999
anura-04015_pycr1-ex1	1735	652	819	1892	2910	5	652	8008	pycr1
anura-06019_upf3a	1314	651	970	1385	1084	5	651	5404	upf3a
anura-05629_cpt2-ex3	3443	646	1051	3485	3310	5	646	11935	cpt2
anura-04407_rad50	1628	646	1053	1753	1626	5	646	6706	rad50
ranoidea-07382_uce-7136	1356	642	1072	1204	1139	5	642	5413	uce-7136
anura-04627_ncdn-ex1	2272	683	641	2736	1608	5	641	7940	ncdn
anura-05641_uce-0055	1233	641	1068	1224	1162	5	641	5328	uce-0055
anura-00587_otc-ex1	1293	637	1133	1190	860	5	637	5113	otc
anura-02532_nfic	1806	628	751	2114	1941	5	628	7240	nfic
anura-05673_uce-0464	911	658	626	1052	895	5	626	4142	uce-0464
anura-05142_smc2-ex6	1831	618	1009	1891	1718	5	618	7067	smc2
anura-02380_st5	2038	1041	614	1640	1381	5	614	6714	st5
ranoidea-05027_anon-2431	2608	605	761	2607	2200	5	605	8781	anon-2431
anura-01678_chdhl-ex1	3098	598	824	2812	2618	5	598	9950	chdhl
anura-05662_uce-0322	1155	597	905	1273	992	5	597	4922	uce-0322
anura-05681_uce-0591	1188	596	844	1131	1012	5	596	4771	uce-0591
anura-05738_uce-1363	1206	595	1019	1160	1044	5	595	5024	uce-1363
anura-01363_moxd1-ex2	806	794	589	1254	935	5	589	4378	moxd1
anura-01045_pik3cb-ex2	1050	582	655	1400	1030	5	582	4717	pik3cb
anura-03084_ercc4-ex8	2658	573	984	2110	2643	5	573	8968	ercc4
anura-03031_a1cf-ex2	1494	569	761	1689	1408	5	569	5921	a1cf
anura-05788_uce-2018	1329	565	1233	1255	1238	5	565	5620	uce-2018
anura-05628_mgat4c	710	562	997	1080	998	5	562	4347	mgat4c
ranoidea-05122_scaf8-ex1	6700	559	646	7143	6259	5	559	21307	scaf8
anura-06027_uce-5332	1073	556	883	978	1214	5	556	4704	uce-5332
anura-04339_eepd1	2120	551	1066	2684	2515	5	551	8936	eepd1
anura-04567_trmt11-ex3	579	549	910	664	676	5	549	3378	trmt11
ranoidea-04674_loc101733932	2595	544	823	2796	2758	5	544	9516	loc101733932
anura-05630_bdnf	966	544	704	1064	1426	5	544	4704	bdnf
anura-04579_iqcg-ex1	1108	540	1078	1828	1465	5	540	6019	iqcg
anura-02253_fam198b	1119	670	832	2007	540	5	540	5168	fam198b
anura-02839_senp5-ex2	4890	757	538	4878	4069	5	538	15132	senp5
anura-02803_wdr81-ex2	2792	531	730	2591	2449	5	531	9093	wdr81
ranoidea-07330_uce-0381	1217	528	974	1191	828	5	528	4738	uce-0381
ranoidea-01243_sec24a-ex1	1089	526	708	1020	1147	5	526	4490	sec24a
anura-05084_lats1	1638	523	861	1402	1478	5	523	5902	lats1
ranoidea-07012_loc100489540-ex2	1457	517	834	1729	1757	5	517	6294	loc100489540
anura-06056_uce-5634	1003	515	863	1069	830	5	515	4280	uce-5634
anura-05627_09589	1914	514	799	2249	2109	5	514	7585	09589
anura-05255_slc37a4	1447	510	758	1446	1243	5	510	5404	slc37a4
anura-01084_ric8b-ex1	815	509	940	1163	709	5	509	4136	ric8b
anura-00406_sptb-ex7	4376	508	1221	3369	3289	5	508	12763	sptb
ranoidea-06797_trim14	2079	508	680	2593	2171	5	508	8031	trim14
ranoidea-04829_nrm-ex1	2195	504	995	2072	2239	5	504	8005	nrm
ranoidea-05693_anon-2652	825	503	857	1199	843	5	503	4227	anon-2652
anura-02185_matn2-ex2	1363	596	502	1811	1177	5	502	5449	matn2
ranoidea-04145_lrp1-ex11	631	502	562	565	863	5	502	3123	lrp1
anura-06228_uce-7981	1048	501	907	1074	1084	5	501	4614	uce-7981
anura-02216_cep85l-ex1	2207	498	699	2136	1567	5	498	7107	cep85l
anura-01315_ptpn9-ex4	1733	498	568	1147	1551	5	498	5497	ptpn9
ranoidea-03220_afg3l2-ex1	1282	498	963	1488	1238	5	498	5469	afg3l2
anura-00174_sh3tc2l	1147	498	778	1630	1260	5	498	5313	sh3tc2l
anura-03440_anon-2263	2191	1056	497	1682	1344	5	497	6770	anon-2263
anura-05735_uce-1348	907	496	802	1039	951	5	496	4195	uce-1348
anura-06021_baz2b-ex3	1087	493	851	969	955	5	493	4355	baz2b
ranoidea-01548_anon-1335	1415	3956	1411	490	1691	5	490	8963	anon-1335
anura-00307_mbtps1-ex3	1470	489	667	1740	1591	5	489	5957	mbtps1
anura-05920_uce-3857	992	485	723	1047	815	5	485	4062	uce-3857
anura-05676_uce-0526	1066	484	850	1147	1110	5	484	4657	uce-0526
ranoidea-05108_sgpl1-ex3	481	488	701	795	1282	5	481	3747	sgpl1
ranoidea-01510_stat1	870	480	636	1174	1376	5	480	4536	stat1
anura-05305_loc100494793-ex1	1142	657	1084	649	479	5	479	4011	loc100494793
ranoidea-04090_fkrp	1734	699	478	1940	1265	5	478	6116	fkrp
ranoidea-02902_atml	576	476	479	2410	701	5	476	4642	atml
ranoidea-07365_uce-4741	1050	474	849	990	939	5	474	4302	uce-4741
anura-02020_chac2	1463	471	705	855	1379	5	471	4873	chac2
anura-01670_gpbp1l1	807	633	469	832	657	5	469	3398	gpbp1l1
anura-05732_uce-1285	744	467	619	808	709	5	467	3347	uce-1285
ranoidea-07324_rag2-ex1	3244	466	608	3159	3504	5	466	10981	rag2
ranoidea-03225_psmg2-ex1	1599	466	851	1548	1437	5	466	5901	psmg2
ranoidea-02070_jund2	3824	464	756	3895	3551	5	464	12490	jund2
anura-04624_zmym4-ex4	923	464	591	1138	774	5	464	3890	zmym4
anura-00936_anon-1217	1349	647	463	1714	1318	5	463	5491	anon-1217
anura-05972_uce-4553	739	616	462	782	675	5	462	3274	uce-4553
ranoidea-05878_myo18al-ex1	2517	461	557	2883	2206	5	461	8624	myo18al
ranoidea-03511_anon-1945	763	461	850	484	648	5	461	3206	anon-1945
ranoidea-00197_pcyox1l-ex3	3770	457	2076	3461	3159	5	457	12923	pcyox1l
anura-03609_c4orf33-ex1	2299	457	688	2370	2427	5	457	8241	c4orf33
anura-05679_uce-0558	1222	456	560	1104	1221	5	456	4563	uce-0558
anura-05781_uce-1964	942	453	654	958	826	5	453	3833	uce-1964
anura-01071_cog8-ex2	2658	449	687	2464	2461	5	449	8719	cog8
ranoidea-06508_urb1-ex1	1533	449	480	1449	1126	5	449	5037	urb1
ranoidea-04093_usp48-ex5	900	449	960	858	736	5	449	3903	usp48
anura-00038_ercc8	3012	448	529	2386	2089	5	448	8464	ercc8
ranoidea-06352_usp40-ex1	1259	447	691	1838	1119	5	447	5354	usp40
anura-05674_uce-0517	1082	446	911	1067	958	5	446	4464	uce-0517
ranoidea-04026_tbc1d8b-ex3	683	445	780	812	1114	5	445	3834	tbc1d8b
ranoidea-04001_loc108698971	1684	444	620	1047	2159	5	444	5954	loc108698971
ranoidea-05092_cfap97	2090	443	922	1851	2365	5	443	7671	cfap97
anura-04856_csgalnact1	1628	441	708	1333	1246	5	441	5356	csgalnact1
ranoidea-00529_mybbp1a-ex3	880	441	563	1246	1314	5	441	4444	mybbp1a
anura-01287_ubr3-ex4	1226	438	1084	1210	664	5	438	4622	ubr3
anura-03311_mocs1	1736	446	438	487	494	5	438	3601	mocs1
anura-05671_uce-0415	851	436	686	886	770	5	436	3629	uce-0415
anura-00746_rhoj	630	436	573	1004	730	5	436	3373	rhoj
ranoidea-06725_tbkbp1-ex1	1346	435	496	1445	1023	5	435	4745	tbkbp1
anura-06199_uce-7665	658	434	677	663	581	5	434	3013	uce-7665
ranoidea-03406_kiaa1257	2612	551	433	1949	1970	5	433	7515	kiaa1257
ranoidea-00228_ttc26-ex1	1345	433	579	1586	1198	5	433	5141	ttc26
anura-02942_ddc-ex3	1007	431	755	666	1212	5	431	4071	ddc
anura-05769_smarca2-ex3	798	429	581	892	767	5	429	3467	smarca2
ranoidea-06296_macf1-ex8	1230	428	434	1112	989	5	428	4193	macf1
anura-06159_uce-7048	921	427	737	956	910	5	427	3951	uce-7048
ranoidea-02764_phactr4-ex2	1870	424	488	593	816	5	424	4191	phactr4
ranoidea-00235_crtc1	1175	423	643	893	839	5	423	3973	crtc1
ranoidea-03510_prr14l	1962	422	1109	1954	1693	5	422	7140	prr14l
anura-04922_prrc1-ex1	1777	421	735	2591	2890	5	421	8414	prrc1
anura-05554_zeb2	1154	421	821	1062	1130	5	421	4588	zeb2
anura-03305_gclm-ex2	705	419	652	832	1032	5	419	3640	gclm
anura-06187_uce-7491	957	418	620	850	901	5	418	3746	uce-7491
ranoidea-02252_znf341-ex3	808	417	519	648	782	5	417	3174	znf341
anura-04575_abcc5-ex2	1098	415	649	890	1156	5	415	4208	abcc5
ranoidea-07347_uce-2288	1368	414	664	1589	1399	5	414	5434	uce-2288
anura-00579_slc35e2b-ex2	1346	410	522	1018	630	5	410	3926	slc35e2b
ranoidea-07378_uce-6196	1013	408	807	1035	822	5	408	4085	uce-6196
ranoidea-04192_c2orf42-ex3	1298	406	630	1472	1024	5	406	4830	c2orf42
ranoidea-05763_chd8-ex2	1066	406	588	679	684	5	406	3423	chd8
anura-03500_klf11-ex1	618	406	506	673	1188	5	406	3391	klf11
anura-04712_kiaa0430-ex2	2452	405	468	2954	2961	5	405	9240	kiaa0430
anura-04499_slc27a3-ex3	2596	402	576	1970	1463	5	402	7007	slc27a3
ranoidea-06331_mcm3ap-ex1	1616	402	994	1229	1180	5	402	5421	mcm3ap
anura-05700_uce-0783	696	402	557	619	683	5	402	2957	uce-0783
anura-05227_chac1	1715	401	476	1546	1050	5	401	5188	chac1
ranoidea-05470_alg14-ex2	690	515	401	754	820	5	401	3180	alg14
ranoidea-00278_zmiz1-ex3	963	399	639	951	908	5	399	3860	zmiz1
ranoidea-06663_gpc3-ex1	859	399	498	985	757	5	399	3498	gpc3
ranoidea-01517_rictor-ex3	2574	398	751	2371	3010	5	398	9104	rictor
ranoidea-00744_fmnl2-ex2	1385	398	445	1558	1342	5	398	5128	fmnl2
anura-05711_uce-0962	1332	398	853	1024	1402	5	398	5009	uce-0962
ranoidea-02419_atf3-ex1	989	395	711	481	982	5	395	3558	atf3
ranoidea-06619_nxpe3-ex1	2214	392	819	1997	1822	5	392	7244	nxpe3
anura-04933_map3k10	1078	472	392	956	949	5	392	3847	map3k10
anura-05717_uce-1059	877	392	749	990	789	5	392	3797	uce-1059
anura-01709_slco2a1-ex1	767	391	470	611	888	5	391	3127	slco2a1
anura-00438_colec10	2308	390	634	1818	1732	5	390	6882	colec10
anura-06095_adam22l	782	390	592	718	721	5	390	3203	adam22l
anura-05539_bbs1-ex2	578	388	428	1370	476	5	388	3240	bbs1
ranoidea-07362_ank3	2535	387	616	760	767	5	387	5065	ank3
anura-05854_uce-2925	816	386	847	825	823	5	386	3697	uce-2925
anura-03434_lonp1-ex7	628	388	385	741	471	5	385	2613	lonp1
ranoidea-00567_slc1a4-ex2	1393	382	868	1605	804	5	382	5052	slc1a4
ranoidea-04715_ric1-ex2	1351	382	509	1268	1338	5	382	4848	ric1
anura-05843_uce-2812	777	381	436	974	743	5	381	3311	uce-2812
ranoidea-07336_uce-0899	818	380	596	901	749	5	380	3444	uce-0899
ranoidea-03213_dnajc18	5228	379	1333	5218	6498	5	379	18656	dnajc18
anura-05549_lrp5-ex7	1335	378	572	1238	1009	5	378	4532	lrp5
ranoidea-05701_zc3h4-ex2	474	375	471	728	604	5	375	2652	zc3h4
anura-01230_naglu-ex1	1091	484	374	1420	909	5	374	4278	naglu
anura-01631_loc100145110-ex1	861	425	807	1030	372	5	372	3495	loc100145110
anura-05915_uce-3783	699	370	443	693	599	5	370	2804	uce-3783
anura-02764_gzf1-ex2	944	489	369	825	746	5	369	3373	gzf1
anura-02180_cpq-ex1	2293	367	393	1866	1419	5	367	6338	cpq
anura-00528_ttll12	1754	367	592	1581	1434	5	367	5728	ttll12
anura-05291_stradb-ex2	1610	365	467	1565	1422	5	365	5429	stradb
anura-06106_uce-6340	370	654	365	447	391	5	365	2227	uce-6340
anura-01911_pdgfrl2-ex1	1843	362	578	1626	1784	5	362	6193	pdgfrl2
anura-01761_cenpn	992	765	362	547	459	5	362	3125	cenpn
anura-06086_ctnnd2	627	361	681	659	564	5	361	2892	ctnnd2
ranoidea-00359_upp1-ex1	1372	360	430	1286	1122	5	360	4570	upp1
anura-06099_uce-6210	943	358	1071	1454	867	5	358	4693	uce-6210
ranoidea-06933_kmt2a-ex3	1010	381	357	1280	1379	5	357	4407	kmt2a
ranoidea-06807_paics1	1316	356	404	934	756	5	356	3766	paics1
anura-02110_atp10a-ex2	1207	355	678	1136	874	5	355	4250	atp10a
anura-05951_uce-4259	764	355	576	642	586	5	355	2923	uce-4259
anura-01932_anon-1614	857	354	730	844	880	5	354	3665	anon-1614
anura-05870_slc6a6	566	352	515	1647	501	5	352	3581	slc6a6
anura-05718_uce-1065	857	351	562	955	672	5	351	3397	uce-1065
anura-04841_tfeb-ex1	930	350	555	1361	1289	5	350	4485	tfeb
anura-02246_slc38a4	1015	348	595	1256	966	5	348	4180	slc38a4
anura-03897_man2b2-ex2	824	348	632	793	787	5	348	3384	man2b2
ranoidea-02329_irs2	1787	347	523	1566	2752	5	347	6975	irs2
anura-04076_slc35a4	872	521	347	915	870	5	347	3525	slc35a4
anura-00903_zfat-ex2	1845	345	535	1570	1893	5	345	6188	zfat
anura-05642_uce-0063	639	345	521	647	578	5	345	2730	uce-0063
anura-02947_mtx2	549	371	345	569	506	5	345	2340	mtx2
ranoidea-05086_nwd2	3328	344	931	3385	3450	5	344	11438	nwd2
ranoidea-06038_ece2	1292	344	587	1431	1151	5	344	4805	ece2
anura-04374_asb9-ex1	886	344	630	893	785	5	344	3538	asb9
ranoidea-02440_znf236-ex3	1182	344	353	351	731	5	344	2961	znf236
ranoidea-07056_ccdc30-ex2	542	351	344	452	468	5	344	2157	ccdc30
anura-00743_kif26a-ex1	974	342	614	1337	1379	5	342	4646	kif26a
anura-02396_evc-ex2	1146	341	629	1177	1245	5	341	4538	evc
anura-04139_ctu1	1182	341	719	899	579	5	341	3720	ctu1
ranoidea-01995_agl-ex5	1029	340	488	683	750	5	340	3290	agl
anura-01997_nlrx1-ex4	2158	338	501	3140	2340	5	338	8477	nlrx1
ranoidea-00437_mmrn1	1057	338	653	1596	1465	5	338	5109	mmrn1
anura-03422_cdk13-ex4	1753	354	337	1313	1292	5	337	5049	cdk13
anura-03348_ddx24	1032	336	359	863	1219	5	336	3809	ddx24
anura-03572_proser1-ex1	2321	332	603	3023	2289	5	332	8568	proser1
ranoidea-00420_sin3b-ex2	1331	332	514	1923	2181	5	332	6281	sin3b
anura-03292_anon-2193	886	331	573	445	598	5	331	2833	anon-2193
anura-06204_uce-7724	685	331	501	619	692	5	331	2828	uce-7724
ranoidea-02422_traf5-ex1	2062	330	571	1967	1411	5	330	6341	traf5
anura-06200_uce-7684	651	329	506	696	622	5	329	2804	uce-7684
anura-01556_slc46a1	2169	326	540	1586	1184	5	326	5805	slc46a1
anura-00689_pigo-ex3	2539	324	500	1489	1718	5	324	6570	pigo
ranoidea-07250_dennd4a-ex8	948	324	553	825	792	5	324	3442	dennd4a
anura-06212_uce-7797	535	393	323	632	546	5	323	2429	uce-7797
anura-06209_uce-7756	962	322	495	1115	792	5	322	3686	uce-7756
anura-00285_tgm4	645	322	459	348	658	5	322	2432	tgm4
ranoidea-07361_uce-3924	483	355	321	776	457	5	321	2392	uce-3924
anura-05497_dis3l-ex2	2125	320	510	2386	1948	5	320	7289	dis3l
anura-02737_c19orf60	1200	316	395	845	1028	5	316	3784	c19orf60
anura-06215_uce-7836	762	316	494	766	605	5	316	2943	uce-7836
ranoidea-04733_anon-2330	710	322	316	779	449	5	316	2576	anon-2330
ranoidea-04477_rbl2-ex2	846	314	438	861	573	5	314	3032	rbl2
ranoidea-00911_zfyve21	547	314	608	425	792	5	314	2686	zfyve21
anura-05978_uce-4618	1656	312	592	1408	2067	5	312	6035	uce-4618
ranoidea-03759_anon-2030	1149	487	312	1052	953	5	312	3953	anon-2030
anura-04682_pcca	800	312	687	863	734	5	312	3396	pcca
anura-06083_slf1	790	312	497	918	730	5	312	3247	slf1
ranoidea-01615_mapk8ip1	1114	310	451	1253	1140	5	310	4268	mapk8ip1
anura-03847_fahd1	1149	310	581	799	642	5	310	3481	fahd1
anura-03395_polr2e-ex1	757	310	322	784	607	5	310	2780	polr2e
anura-02341_tbc1d30-ex1	919	309	591	905	804	5	309	3528	tbc1d30
anura-02259_bms1-ex2	1017	309	428	670	936	5	309	3360	bms1
anura-05646_uce-0129	768	309	641	735	683	5	309	3136	uce-0129
ranoidea-06966_hhipl1	2136	308	517	1955	2016	5	308	6932	hhipl1
anura-01301_cndp1-ex1	726	308	345	1116	854	5	308	3349	cndp1
anura-01561_slc13a5-ex3	973	307	491	598	561	5	307	2930	slc13a5
anura-04995_cpb2	714	305	447	553	789	5	305	2808	cpb2
ranoidea-06037_anon-2748	1432	304	328	1523	1279	5	304	4866	anon-2748
anura-01984_atg14-ex3	854	304	683	826	784	5	304	3451	atg14
anura-05657_uce-0277	660	304	577	757	630	5	304	2928	uce-0277
anura-05945_uce-4179	542	304	513	595	623	5	304	2577	uce-4179
ranoidea-01147_snrnp35	3930	302	1246	3301	2958	5	302	11737	snrnp35
ranoidea-03998_ogdhl-ex1	1152	302	429	754	939	5	302	3576	ogdhl
ranoidea-00751_lrp6-ex4	867	302	390	679	590	5	302	2828	lrp6
anura-05695_uce-0738	596	302	470	585	592	5	302	2545	uce-0738
ranoidea-01936_slc6a7	374	302	419	552	472	5	302	2119	slc6a7
ranoidea-03251_foxq1	2382	389	301	2457	2692	5	301	8221	foxq1
anura-00850_hdac7-ex2	1529	341	301	1226	1175	5	301	4572	hdac7
anura-05656_uce-0268	557	301	691	680	698	5	301	2927	uce-0268
ranoidea-02354_mtmr3-ex1	1746	300	510	1798	1447	5	300	5801	mtmr3
anura-01743_ltn1-ex1	668	302	354	427	299	5	299	2050	ltn1
anura-06234_hipk1-ex3	523	298	653	632	627	5	298	2733	hipk1
anura-05678_uce-0551	531	298	423	451	458	5	298	2161	uce-0551
anura-03728_tymp-ex1	717	302	297	929	528	5	297	2773	tymp
ranoidea-04263_loc100489254	297	384	444	340	562	5	297	2027	loc100489254
anura-05980_uce-4662	296	429	626	591	485	5	296	2427	uce-4662
anura-01123_slc39a3	3341	293	839	3191	3927	5	293	11591	slc39a3
ranoidea-05375_slc2a8	1028	293	725	1241	950	5	293	4237	slc2a8
anura-05173_slc1a7	838	293	538	930	843	5	293	3442	slc1a7
anura-03146_loc100498531-ex2	988	292	366	1055	756	5	292	3457	loc100498531
ranoidea-00949_ddx5-ex1	416	599	1757	292	315	5	292	3379	ddx5
anura-02016_klhl22	763	291	664	935	857	5	291	3510	klhl22
anura-03929_recql5-ex4	834	292	398	315	291	5	291	2130	recql5
ranoidea-00943_ppip5k2-ex2	391	290	589	790	720	5	290	2780	ppip5k2
anura-05977_uce-4599	546	290	479	439	737	5	290	2491	uce-4599
anura-05683_uce-0609	516	289	430	576	473	5	289	2284	uce-0609
ranoidea-01139_als2-ex2	1473	288	557	1313	858	5	288	4489	als2
anura-01965_palmd	1264	287	413	1343	1025	5	287	4332	palmd
anura-04095_wipi2-ex1	333	287	496	512	448	5	287	2076	wipi2
ranoidea-01599_tbck-ex3	826	286	418	822	507	5	286	2859	tbck
anura-04439_chrnd-ex1	389	400	285	842	833	5	285	2749	chrnd
ranoidea-07391_atp2b2	497	285	362	450	436	5	285	2030	atp2b2
ranoidea-00669_nr1h5	1218	282	411	1538	950	5	282	4399	nr1h5
ranoidea-01089_zdhhc24l	948	282	520	880	924	5	282	3554	zdhhc24l
ranoidea-00700_anon-1081	745	282	311	667	383	5	282	2388	anon-1081
anura-04281_wdfy3-ex2	940	281	452	1061	1181	5	281	3915	wdfy3
anura-05869_uce-3130	478	281	508	438	439	5	281	2144	uce-3130
ranoidea-06687_ssh2	3387	280	456	2573	2838	5	280	9534	ssh2
anura-05895_uce-3530	1167	280	656	1201	980	5	280	4284	uce-3530
anura-05768_uce-1814	568	280	388	667	565	5	280	2468	uce-1814
anura-05661_uce-0319	591	277	435	569	447	5	277	2319	uce-0319
anura-04100_mmp19-ex2	922	276	468	575	695	5	276	2936	mmp19
ranoidea-00791_henmt1-ex1	636	276	523	690	683	5	276	2808	henmt1
anura-02493_aldh8a1-ex1	2611	275	573	1615	1622	5	275	6696	aldh8a1
anura-04430_sema4d-ex3	1958	275	298	2118	2034	5	275	6683	sema4d
ranoidea-03805_mtfr1l-ex2	987	275	431	991	747	5	275	3431	mtfr1l
anura-03840_arid1a-ex2	859	275	561	585	438	5	275	2718	arid1a
anura-06022_uce-5294	507	275	383	494	409	5	275	2068	uce-5294
anura-03149_col4a6-ex3	1754	274	657	1756	1497	5	274	5938	col4a6
ranoidea-03235_loc101733524-ex2	1616	274	386	2316	991	5	274	5583	loc101733524
ranoidea-07377_uce-6169	869	274	555	626	483	5	274	2807	uce-6169
anura-00165_rpusd1-ex4	1667	273	850	964	1498	5	273	5252	rpusd1
anura-05333_reln-ex6	528	273	295	619	460	5	273	2175	reln
anura-02593_tekt1-ex4	866	421	272	767	709	5	272	3035	tekt1
anura-05995_pbx1-ex2	368	278	466	291	272	5	272	1675	pbx1
ranoidea-05387_ap4e1-ex5	842	271	379	1052	1031	5	271	3575	ap4e1
anura-00467_cyb5d2-ex3	720	882	271	733	322	5	271	2928	cyb5d2
anura-05692_uce-0717	660	271	587	539	581	5	271	2638	uce-0717
ranoidea-04072_nln-ex4	2898	269	340	3001	3298	5	269	9806	nln
anura-02897_klhl30-ex2	1912	269	382	2273	2336	5	269	7172	klhl30
anura-02175_prmt5-ex1	850	269	531	612	1227	5	269	3489	prmt5
anura-02918_helz-ex1	941	268	415	998	755	5	268	3377	helz
anura-04974_tceanc	2611	267	748	2034	2358	5	267	8018	tceanc
anura-06094_uce-6177	621	267	456	575	500	5	267	2419	uce-6177
anura-06010_cttnbp2	822	266	294	790	740	5	266	2912	cttnbp2
anura-02995_nbas-ex16	425	331	266	1098	708	5	266	2828	nbas
anura-04516_rprd1b	903	377	265	1520	1084	5	265	4149	rprd1b
ranoidea-01547_flt4-ex2	776	265	468	677	410	5	265	2596	flt4
anura-05808_rbm39	692	265	447	547	480	5	265	2431	rbm39
ranoidea-01854_loc108648166	704	264	504	430	525	5	264	2427	loc108648166
anura-05737_uce-1357	836	263	525	790	648	5	263	3062	uce-1357
ranoidea-07338_uce-1422	683	263	512	607	583	5	263	2648	uce-1422
anura-03520_sh3rf1-ex2	636	262	305	624	621	5	262	2448	sh3rf1
anura-00480_dhx33-ex1	833	261	465	1071	1934	5	261	4564	dhx33
anura-02338_scyl2	1090	261	296	1212	772	5	261	3631	scyl2
ranoidea-04761_vwa8-ex2	434	261	342	657	540	5	261	2234	vwa8
anura-04851_ap4m1-ex3	289	261	293	460	274	5	261	1577	ap4m1
anura-04020_mbtd1-ex2	1042	260	268	1105	906	5	260	3581	mbtd1
ranoidea-07086_fam167b-ex1	1884	259	520	1820	1589	5	259	6072	fam167b
anura-03674_c6orf106-ex2	668	259	385	748	534	5	259	2594	c6orf106
ranoidea-04128_epdr1-ex2	843	258	441	924	803	5	258	3269	epdr1
anura-05256_ube4a-ex3	1093	371	257	1353	1158	5	257	4232	ube4a
anura-05690_uce-0710	462	257	413	477	490	5	257	2099	uce-0710
anura-03131_cdk7	555	256	501	764	683	5	256	2759	cdk7
anura-05686_arid1b-ex5	611	256	414	696	338	5	256	2315	arid1b
anura-05537_phf2-ex2	1004	255	472	1031	869	5	255	3631	phf2
anura-02402_abca2-ex3	734	255	389	959	895	5	255	3232	abca2
ranoidea-00163_fam114a2-ex2	829	254	357	1232	936	5	254	3608	fam114a2
anura-06108_uce-6382	881	254	505	909	682	5	254	3231	uce-6382
anura-01535_htt-ex1	622	253	316	463	512	5	253	2166	htt
anura-06211_uce-7778	439	253	374	527	439	5	253	2032	uce-7778
anura-00776_dock7-ex5	512	253	428	257	580	5	253	2030	dock7
anura-03683_anapc1-ex3	2475	252	854	1536	1786	5	252	6903	anapc1
anura-05070_sp2-ex2	2053	252	383	1828	1428	5	252	5944	sp2
anura-01210_cxorf58-ex1	717	252	420	832	723	5	252	2944	cxorf58
ranoidea-04170_acly-ex1	795	316	252	830	502	5	252	2695	acly
anura-05260_vps11-ex3	483	309	252	310	328	5	252	1682	vps11
anura-00501_lgalsl-ex2	870	251	725	925	1092	5	251	3863	lgalsl
anura-00505_ehbp1l	404	251	458	447	518	5	251	2078	ehbp1l
anura-01012_tbc1d241-ex2	2413	250	726	1736	2357	5	250	7482	tbc1d241
ranoidea-00122_adamts7-ex1	1287	250	466	1409	1544	5	250	4956	adamts7
ranoidea-01407_wsb2-ex4	711	351	250	673	494	5	250	2479	wsb2
anura-05176_rfc3-ex1	483	250	567	794	324	5	250	2418	rfc3
ranoidea-01303_clstn3-ex3	292	250	692	514	356	5	250	2104	clstn3
anura-00075_ints8-ex4	492	284	512	250	522	5	250	2060	ints8
ranoidea-07328_uce-0198	419	249	301	491	419	5	249	1879	uce-0198
ranoidea-02930_hsd17b7-ex3	1420	248	424	797	573	5	248	3462	hsd17b7
anura-02167_thtpa	763	265	248	759	684	5	248	2719	thtpa
ranoidea-03440_ahcyl1-ex3	422	248	335	747	738	5	248	2490	ahcyl1
anura-06068_uce-5806	499	247	413	959	494	5	247	2612	uce-5806
anura-04237_sptbn4-ex3	1393	362	246	1376	1302	5	246	4679	sptbn4
anura-01020_xetrov90023622mg-ex1	573	246	461	831	647	5	246	2758	xetrov90023622mg
anura-06119_uce-6550	634	246	521	623	717	5	246	2741	uce-6550
ranoidea-04407_trib1	505	253	246	414	804	5	246	2222	trib1
anura-01236_cyp2u1-ex1	1048	245	351	1619	1238	5	245	4501	cyp2u1
anura-00963_dhx57-ex6	245	304	377	707	694	5	245	2327	dhx57
ranoidea-05638_herc2-ex5	376	245	304	556	586	5	245	2067	herc2
anura-06008_uce-5087	425	245	286	364	374	5	245	1694	uce-5087
anura-05675_uce-0520	596	244	478	644	517	5	244	2479	uce-0520
ranoidea-07341_uce-2028	628	244	432	595	439	5	244	2338	uce-2028
anura-04042_naif1	1309	242	488	1492	1009	5	242	4540	naif1
ranoidea-03956_cux2-ex2	1332	319	242	996	1358	5	242	4247	cux2
ranoidea-03422_ccdc191	945	242	521	1004	783	5	242	3495	ccdc191
ranoidea-00671_sytl5	527	242	503	1228	588	5	242	3088	sytl5
anura-04843_cept1-ex2	623	242	460	976	634	5	242	2935	cept1
anura-05392_fnip1-ex1	655	242	244	747	471	5	242	2359	fnip1
anura-05877_uce-3244	574	242	317	621	400	5	242	2154	uce-3244
ranoidea-00901_cep170b-ex1	4808	241	416	4254	3489	5	241	13208	cep170b
ranoidea-01385_anon-1285	1211	241	543	1349	874	5	241	4218	anon-1285
anura-05653_uce-0200	652	241	410	618	553	5	241	2474	uce-0200
anura-04857_ints10	628	240	441	626	677	5	240	2612	ints10
anura-01771_tmf1-ex2	2745	238	336	2030	1711	5	238	7060	tmf1
anura-02048_tubgcp2-ex5	1068	238	558	1171	897	5	238	3932	tubgcp2
anura-04316_tubgcp5-ex2	815	309	238	1257	1196	5	238	3815	tubgcp5
anura-00256_cobll1l	724	238	459	795	829	5	238	3045	cobll1l
ranoidea-07388_uce-7823	559	238	238	564	481	5	238	2080	uce-7823
anura-00911_dpepe	756	237	547	500	876	5	237	2916	dpepe
anura-03242_lamb1-ex5	380	237	394	1194	534	5	237	2739	lamb1
ranoidea-05527_rbm22-ex2	723	237	473	447	544	5	237	2424	rbm22
anura-02497_taf6l-ex4	506	237	386	426	372	5	237	1927	taf6l
anura-05664_uce-0353	353	237	403	368	342	5	237	1703	uce-0353
anura-02506_loc100216027	3537	236	341	3529	3364	5	236	11007	loc100216027
anura-05815_uce-2474	795	236	554	888	498	5	236	2971	uce-2474
anura-05763_uce-1660	686	236	368	708	596	5	236	2594	uce-1660
anura-05786_uce-2007	526	236	416	457	501	5	236	2136	uce-2007
anura-01001_anon-1235	2293	235	298	2289	2364	5	235	7479	anon-1235
ranoidea-07121_anon-3089	1704	338	235	1237	1778	5	235	5292	anon-3089
anura-02282_mpdz-ex5	610	235	445	630	503	5	235	2423	mpdz
anura-04058_scfd2l-ex1	235	284	387	596	450	5	235	1952	scfd2l
anura-05240_plekha4-ex2	2346	296	234	2942	1990	5	234	7808	plekha4
anura-04451_ntn4-ex2	1460	233	304	1466	843	5	233	4306	ntn4
anura-05923_mycbp2-ex2	487	233	382	383	416	5	233	1901	mycbp2
anura-00376_uso1-ex1	1104	232	319	1269	870	5	232	3794	uso1
ranoidea-03678_loc100496476	589	232	271	673	1334	5	232	3099	loc100496476
anura-05649_uce-0166	601	232	584	652	452	5	232	2521	uce-0166
anura-05704_uce-0882	484	232	309	487	415	5	232	1927	uce-0882
anura-05651_klhl29	363	232	349	557	352	5	232	1853	klhl29
ranoidea-02782_b3gnt6	4085	231	581	3688	5366	5	231	13951	b3gnt6
ranoidea-06730_loc108716664	1068	342	231	1199	512	5	231	3352	loc108716664
anura-02525_rps6ka4	558	231	270	779	293	5	231	2131	rps6ka4
ranoidea-07300_c11orf68	1617	230	312	1458	1485	5	230	5102	c11orf68
anura-05399_usp24-ex1	555	230	372	292	450	5	230	1899	usp24
ranoidea-06451_ubr1	1329	229	506	1155	951	5	229	4170	ubr1
ranoidea-05835_emsy-ex1	1062	229	250	1059	682	5	229	3282	emsy
ranoidea-06088_loc100485534-ex2	725	229	329	618	702	5	229	2603	loc100485534
anura-02706_depdc5-ex2	961	227	323	1071	739	5	227	3321	depdc5
ranoidea-02888_atf7-ex2	307	227	302	342	457	5	227	1635	atf7
anura-02462_cep76-ex4	450	247	227	251	355	5	227	1530	cep76
anura-05856_uce-2943	441	226	315	508	436	5	226	1926	uce-2943
anura-02079_sec31b-ex3	1049	225	455	1129	923	5	225	3781	sec31b
ranoidea-06040_alg3-ex2	1144	225	238	1087	997	5	225	3691	alg3
anura-04695_ascc3l-ex1	1191	225	264	947	699	5	225	3326	ascc3l
ranoidea-05877_abhd15-ex1	2015	223	490	2299	2009	5	223	7036	abhd15
ranoidea-07046_vps13d-ex17	1613	223	553	1724	2203	5	223	6316	vps13d
anura-03469_wdr35-ex4	1397	223	369	1855	1253	5	223	5097	wdr35
anura-06024_prrc2b-ex7	467	223	424	426	405	5	223	1945	prrc2b
anura-06231_map4k4	552	222	274	528	520	5	222	2096	map4k4
ranoidea-00979_mief2	454	273	222	581	391	5	222	1921	mief2
anura-02029_wdr19l-ex1	398	222	339	380	239	5	222	1578	wdr19l
anura-05767_uce-1783	691	221	437	772	571	5	221	2692	uce-1783
ranoidea-05400_znf408	2323	220	488	2536	2403	5	220	7970	znf408
ranoidea-01692_hspb1-ex1	610	220	360	511	469	5	220	2170	hspb1
ranoidea-03457_blzf1l	378	220	378	346	226	5	220	1548	blzf1l
anura-01374_anon-1399	5442	219	394	568	406	5	219	7029	anon-1399
anura-04102_spryd4s	955	219	265	1256	916	5	219	3611	spryd4s
anura-03564_kpna3	851	219	478	1111	750	5	219	3409	kpna3
ranoidea-03652_mgc108117l	1066	219	222	226	415	5	219	2148	mgc108117l
anura-05956_uce-4309	580	219	381	490	399	5	219	2069	uce-4309
anura-03579_rad54b-ex4	650	218	250	1064	972	5	218	3154	rad54b
anura-04751_phactr2-ex2	218	225	465	528	390	5	218	1826	phactr2
anura-05482_map3k13	1654	235	217	1583	1864	5	217	5553	map3k13
ranoidea-02925_dnaaf2	1878	468	216	1756	2215	5	216	6533	dnaaf2
ranoidea-00020_atp11b-ex2	1028	216	343	748	510	5	216	2845	atp11b
ranoidea-04198_klhdc4-ex3	742	391	216	635	668	5	216	2652	klhdc4
anura-00393_epg5-ex8	215	348	706	605	251	5	215	2125	epg5
anura-00484_loc105947918	2243	229	214	2256	2720	5	214	7662	loc105947918
anura-00736_phc3	1726	214	591	1676	1147	5	214	5354	phc3
anura-04208_nek4s	1105	214	586	1197	328	5	214	3430	nek4s
anura-02999_dohh-ex3	790	2745	213	728	544	5	213	5020	dohh
anura-04789_selo-ex1	605	213	323	1348	1026	5	213	3515	selo
anura-02643_kansl3-ex5	1279	213	355	485	1093	5	213	3425	kansl3
anura-05882_uce-3331	516	213	403	508	740	5	213	2380	uce-3331
anura-02939_kdm1a-ex2	284	213	333	385	441	5	213	1656	kdm1a
anura-05954_uce-4295	213	224	262	285	268	5	213	1252	uce-4295
ranoidea-03350_jade2	993	223	211	952	885	5	211	3264	jade2
anura-00219_b3galt6	699	386	211	512	481	5	211	2289	b3galt6
anura-03799_myo5bl	232	211	228	230	218	5	211	1119	myo5bl
ranoidea-06347_pcnt-ex5	2568	237	210	1901	2599	5	210	7515	pcnt
anura-01565_nek8-ex4	701	210	271	564	579	5	210	2325	nek8
ranoidea-03465_exoc4-ex1	461	210	469	576	393	5	210	2109	exoc4
anura-05891_uce-3470	401	210	395	451	363	5	210	1820	uce-3470
anura-02431_itpr3-ex5	816	208	420	902	832	5	208	3178	itpr3
ranoidea-02994_lck-ex1	301	208	233	704	502	5	208	1948	lck
anura-05890_uce-3463	230	208	338	421	370	5	208	1567	uce-3463
anura-04823_fnbp1-ex2	821	207	448	871	972	5	207	3319	fnbp1
anura-02459_slmo1	618	207	397	633	522	5	207	2377	slmo1
anura-05750_uce-1450	437	207	267	417	421	5	207	1749	uce-1450
anura-02695_coq5-ex2	1508	215	206	1847	1452	5	206	5228	coq5
ranoidea-07289_ampd2-ex5	1415	206	538	576	942	5	206	3677	ampd2
anura-05650_uce-0169	522	206	409	436	377	5	206	1950	uce-0169
ranoidea-06962_l2hgdh-ex4	393	324	206	546	217	5	206	1686	l2hgdh
ranoidea-04866_flna-ex2	307	221	248	206	397	5	206	1379	flna
ranoidea-04429_mettl9	888	382	205	983	693	5	205	3151	mettl9
ranoidea-01113_hectd4-ex3	614	205	378	617	478	5	205	2292	hectd4
ranoidea-01763_ar-ex1	1248	204	669	1270	1268	5	204	4659	ar
anura-01707_tox3-ex2	956	204	300	939	860	5	204	3259	tox3
anura-04867_sdc3	359	203	237	311	394	5	203	1504	sdc3
anura-02290_pter-ex2	2065	202	598	1722	1620	5	202	6207	pter
anura-00991_kiaa0368-ex9	854	202	234	521	663	5	202	2474	kiaa0368
ranoidea-01386_loc100497007	785	202	333	578	538	5	202	2436	loc100497007
anura-01276_loc100485014	540	202	355	637	529	5	202	2263	loc100485014
anura-04653_lrp8-ex2	462	202	549	487	355	5	202	2055	lrp8
ranoidea-02171_cacna1d-ex1	3006	201	286	1246	1287	5	201	6026	cacna1d
ranoidea-01987_tbccd1-ex1	1030	201	269	937	786	5	201	3223	tbccd1
anura-05832_uce-2662	507	201	345	529	332	5	201	1914	uce-2662
ranoidea-01185_apaf1-ex1	593	201	224	437	450	5	201	1905	apaf1
anura-06067_uce-5803	444	201	371	414	452	5	201	1882	uce-5803
anura-01891_serpinc1-ex1	1199	200	323	531	1023	5	200	3276	serpinc1
anura-06169_uce-7190	497	200	355	545	387	5	200	1984	uce-7190
ranoidea-00407_dhx29-ex1	274	200	223	460	436	5	200	1593	dhx29
anura-05872_dclk2	348	200	282	372	310	5	200	1512	dclk2
anura-02339_fam214b	1783	199	367	1315	1859	5	199	5523	fam214b
ranoidea-01874_polr1a-ex2	1158	199	487	1089	998	5	199	3931	polr1a
anura-01739_phr-ex1	745	199	426	1158	876	5	199	3404	phr
anura-01209_zfx	808	199	302	548	930	5	199	2787	zfx
anura-06195_prkce1	503	279	342	199	263	5	199	1586	prkce1
ranoidea-04414_pus7l	1785	323	198	1226	1146	5	198	4678	pus7l
ranoidea-04509_anon-2262	1138	198	331	1133	669	5	198	3469	anon-2262
anura-04462_pipox-ex1	1087	238	198	719	811	5	198	3053	pipox
ranoidea-05876_tmem5-ex2	855	198	342	530	910	5	198	2835	tmem5
anura-00698_edem2-ex1	1246	198	265	320	782	5	198	2811	edem2
anura-05746_uce-1419	441	198	357	419	440	5	198	1855	uce-1419
ranoidea-04550_rprd2-ex3	266	198	226	326	446	5	198	1462	rprd2
anura-06123_uce-6588	302	198	269	360	238	5	198	1367	uce-6588
anura-03418_sugct	1370	197	212	1269	1085	5	197	4133	sugct
anura-02623_hspg2-ex5	653	197	215	704	276	5	197	2045	hspg2
anura-04737_abhd14a-ex2	647	285	196	695	569	5	196	2392	abhd14a
anura-03355_rdh8	552	196	586	595	381	5	196	2310	rdh8
ranoidea-06377_foxred2-ex2	492	282	196	876	251	5	196	2097	foxred2
anura-05806_uce-2350	318	196	308	335	264	5	196	1421	uce-2350
anura-00861_loc100145161-ex2	375	196	281	254	304	5	196	1410	loc100145161
anura-05726_uce-1172	254	196	264	326	314	5	196	1354	uce-1172
anura-04501_vegfc	1081	195	264	886	848	5	195	3274	vegfc
anura-05637_uce-0016	731	195	318	789	796	5	195	2829	uce-0016
ranoidea-04868_hcfc1-ex2	375	195	376	414	315	5	195	1675	hcfc1
anura-05752_uce-1474	383	195	261	397	230	5	195	1466	uce-1474
ranoidea-01832_loc100145516-ex2	1691	194	505	1576	1831	5	194	5797	loc100145516
ranoidea-04456_anon-2250	988	239	194	497	464	5	194	2382	anon-2250
anura-01807_pole-ex16	757	193	199	1195	1237	5	193	3581	pole
anura-04549_loc101732899	977	193	193	454	484	5	193	2301	loc101732899
anura-00251_fam169a-ex3	650	193	287	525	461	5	193	2116	fam169a
anura-03040_dtnbl	429	193	215	679	474	5	193	1990	dtnbl
ranoidea-02933_dnah12-ex1	530	193	300	509	407	5	193	1939	dnah12
ranoidea-06473_anon-2885	193	274	398	258	633	5	193	1756	anon-2885
anura-02374_ifih1-ex4	472	202	193	415	381	5	193	1663	ifih1
anura-05640_uce-0044	409	193	365	240	264	5	193	1471	uce-0044
ranoidea-06259_anon-2810	704	192	575	568	618	5	192	2657	anon-2810
ranoidea-01247_efr3al	469	192	379	483	814	5	192	2337	efr3al
anura-01005_cnot11	513	192	250	555	545	5	192	2055	cnot11
ranoidea-03590_mrps28	242	192	470	307	479	5	192	1690	mrps28
anura-01730_pigtl-ex3	402	192	285	275	313	5	192	1467	pigtl
ranoidea-01668_slc24a5	1422	191	468	1158	1137	5	191	4376	slc24a5
ranoidea-06318_tubgcp6-ex1	731	191	230	629	689	5	191	2470	tubgcp6
anura-05875_uce-3214	352	191	340	442	378	5	191	1703	uce-3214
ranoidea-05448_thumpd1	306	191	394	288	322	5	191	1501	thumpd1
anura-04513_heatr5b-ex17	553	190	216	512	453	5	190	1924	heatr5b
anura-03911_mmp28-ex2	1246	189	433	1204	1044	5	189	4116	mmp28
ranoidea-03774_anon-2036	821	189	380	970	1049	5	189	3409	anon-2036
anura-05976_uce-4586	309	189	290	377	299	5	189	1464	uce-4586
ranoidea-02024_kiaa0100-ex4	1362	188	319	1303	1287	5	188	4459	kiaa0100
anura-05024_smarcad1	837	188	394	973	1088	5	188	3480	smarcad1
anura-03174_nfx1-ex3	520	188	301	1580	663	5	188	3252	nfx1
anura-05253_pi4k2b	557	188	310	648	437	5	188	2140	pi4k2b
ranoidea-03738_anon-2023	392	218	419	188	385	5	188	1602	anon-2023
ranoidea-04079_serinc5-ex3	245	236	188	420	295	5	188	1384	serinc5
anura-06149_fign-ex2	296	188	191	338	332	5	188	1345	fign
anura-00389_nipbl-ex3	522	187	281	578	485	5	187	2053	nipbl
anura-03475_bbs9-ex3	510	187	440	390	448	5	187	1975	bbs9
ranoidea-01680_cadm4	899	186	380	821	874	5	186	3160	cadm4
anura-03735_sbf1-ex5	552	186	427	674	623	5	186	2462	sbf1
ranoidea-06589_ddb1-ex7	586	186	282	372	372	5	186	1798	ddb1
anura-05864_uce-3069	433	186	393	349	394	5	186	1755	uce-3069
anura-02248_dnajc22	1793	185	455	1831	2045	5	185	6309	dnajc22
anura-05188_sugp1-ex2	1465	185	378	1483	1709	5	185	5220	sugp1
anura-01504_hmgxb3-ex3	892	185	330	887	876	5	185	3170	hmgxb3
anura-00575_dgcr14-ex1	596	225	185	560	459	5	185	2025	dgcr14
anura-05762_uce-1650	546	184	273	567	290	5	184	1860	uce-1650
anura-01257_ano1-ex2	1546	183	699	1478	1631	5	183	5537	ano1
anura-04561_aldh5a1-ex1	456	183	493	739	700	5	183	2571	aldh5a1
anura-00422_anon-1020	783	183	288	524	692	5	183	2470	anon-1020
ranoidea-00703_anon-1083	384	183	318	553	417	5	183	1855	anon-1083
anura-05928_uce-3942	396	183	261	401	436	5	183	1677	uce-3942
anura-00678_acadsb-ex3	778	182	230	510	670	5	182	2370	acadsb
ranoidea-02147_ift122-ex1	500	182	233	635	771	5	182	2321	ift122
ranoidea-07184_neo1-ex2	613	182	356	685	339	5	182	2175	neo1
anura-05703_uce-0881	407	181	366	509	506	5	181	1969	uce-0881
anura-04942_tusc3	349	181	232	427	341	5	181	1530	tusc3
ranoidea-05433_lamb2-ex12	334	181	242	318	383	5	181	1458	lamb2
anura-06148_uce-6943	338	181	262	331	317	5	181	1429	uce-6943
ranoidea-01251_chst10-ex1	2103	180	262	2447	2271	5	180	7263	chst10
ranoidea-06217_loc100486629	2177	527	180	969	1657	5	180	5510	loc100486629
anura-00087_anapc2-ex1	1949	180	386	1253	1260	5	180	5028	anapc2
anura-04517_loc108702491	810	180	196	1183	867	5	180	3236	loc108702491
anura-00464_zzef1-ex7	800	190	180	443	511	5	180	2124	zzef1
ranoidea-00585_spata5l1-ex5	1302	200	179	1304	1692	5	179	4677	spata5l1
ranoidea-05523_lrrn1-ex1	1291	179	277	993	865	5	179	3605	lrrn1
anura-02081_ankrd45-ex1	573	179	393	812	244	5	179	2201	ankrd45
anura-01428_steap4-ex2	662	205	179	348	551	5	179	1945	steap4
ranoidea-03705_aass	639	223	179	393	466	5	179	1900	aass
ranoidea-03715_zbbx	432	216	179	588	376	5	179	1791	zbbx
ranoidea-07333_uce-0692	441	179	332	463	367	5	179	1782	uce-0692
anura-04417_fam193a	416	179	255	439	305	5	179	1594	fam193a
ranoidea-03949_acad10-ex2	715	178	376	750	709	5	178	2728	acad10
anura-03324_dph7-ex2	1122	178	377	419	327	5	178	2423	dph7
ranoidea-00674_rpgr-ex3	542	178	207	473	521	5	178	1921	rpgr
anura-05328_flad1l-ex1	423	179	316	178	430	5	178	1526	flad1l
anura-05029_nelfb	411	183	178	252	326	5	178	1350	nelfb
ranoidea-04157_manea	1166	177	267	1130	1258	5	177	3998	manea
ranoidea-01896_pik3ca	629	177	237	979	248	5	177	2270	pik3ca
ranoidea-02658_gpsm3-ex2	640	177	342	511	563	5	177	2233	gpsm3
anura-05775_uce-1904	360	177	413	382	219	5	177	1551	uce-1904
ranoidea-04163_mms22l-ex4	867	185	176	984	859	5	176	3071	mms22l
ranoidea-01201_prc1	433	176	323	377	482	5	176	1791	prc1
anura-01901_loc108716109	675	175	229	402	710	5	175	2191	loc108716109
ranoidea-00577_loc100489579-ex1	545	175	353	687	423	5	175	2183	loc100489579
anura-05716_uce-1043	456	175	345	419	473	5	175	1868	uce-1043
ranoidea-00273_nav2-ex2	315	175	275	445	469	5	175	1679	nav2
anura-01000_tbc1d2b-ex1	178	175	277	481	366	5	175	1477	tbc1d2b
ranoidea-04615_gdpgp1	2758	174	549	2457	1847	5	174	7785	gdpgp1
anura-05272_map3k4-ex3	1318	174	365	984	750	5	174	3591	map3k4
ranoidea-06710_dhx15-ex1	547	174	237	961	688	5	174	2607	dhx15
anura-05166_cc2d1b	1020	300	231	442	174	5	174	2167	cc2d1b
ranoidea-06135_hspb2	366	234	174	814	559	5	174	2147	hspb2
ranoidea-01754_ism1	601	174	276	514	558	5	174	2123	ism1
anura-05021_lars2-ex2	320	174	238	512	489	5	174	1733	lars2
ranoidea-07356_uce-3170	343	174	214	305	371	5	174	1407	uce-3170
anura-05836_uce-2729	664	173	367	673	594	5	173	2471	uce-2729
anura-06011_uce-5125	403	173	317	401	374	5	173	1668	uce-5125
ranoidea-01137_rnft1-ex3	1085	172	253	1125	875	5	172	3510	rnft1
anura-05820_uce-2489	459	172	320	362	344	5	172	1657	uce-2489
ranoidea-05104_tdrp	398	172	225	422	351	5	172	1568	tdrp
ranoidea-02491_atr-ex7	232	172	260	192	382	5	172	1238	atr
ranoidea-04438_tmem259	812	171	706	805	750	5	171	3244	tmem259
ranoidea-06270_lrp11-ex2	874	171	436	690	845	5	171	3016	lrp11
anura-01758_bbs2-ex6	625	171	390	574	653	5	171	2413	bbs2
anura-03677_uhrf1bp1-ex2	480	171	266	563	424	5	171	1904	uhrf1bp1
ranoidea-01087_nmd3	273	171	310	701	295	5	171	1750	nmd3
anura-02326_enox1-ex1	532	171	269	298	266	5	171	1536	enox1
anura-04705_mgme1-ex3	1181	170	230	978	843	5	170	3402	mgme1
ranoidea-04236_mtor-ex5	638	170	326	325	411	5	170	1870	mtor
anura-01078_galnt4	478	170	197	464	454	5	170	1763	galnt4
ranoidea-02202_sart3-ex2	208	170	325	429	527	5	170	1659	sart3
anura-02106_nphp3-ex5	245	170	218	287	331	5	170	1251	nphp3
anura-05669_uce-0398	272	170	219	316	269	5	170	1246	uce-0398
anura-03073_ddhd1	1059	169	360	1282	964	5	169	3834	ddhd1
ranoidea-04440_rin2	874	169	193	1025	968	5	169	3229	rin2
ranoidea-01157_dnah10-ex2	519	169	569	755	877	5	169	2889	dnah10
ranoidea-07384_uce-7468	621	169	190	639	518	5	169	2137	uce-7468
ranoidea-02499_polr3a-ex4	545	169	311	260	501	5	169	1786	polr3a
ranoidea-06071_slc9a5	270	169	194	202	285	5	169	1120	slc9a5
ranoidea-06057_dpy19l3-ex2	721	168	237	509	658	5	168	2293	dpy19l3
anura-05812_uce-2409	394	168	287	348	283	5	168	1480	uce-2409
anura-00469_ankfy1-ex2	354	168	176	347	411	5	168	1456	ankfy1
ranoidea-04939_loc108716896-ex3	657	167	353	600	381	5	167	2158	loc108716896
anura-05373_rptor-ex3	243	220	167	750	454	5	167	1834	rptor
ranoidea-06852_pds5b-ex2	394	167	181	382	330	5	167	1454	pds5b
anura-05855_uce-2933	326	167	285	274	332	5	167	1384	uce-2933
anura-03822_btd	3199	166	608	1613	3017	5	166	8603	btd
ranoidea-07264_rasal3-ex3	2062	166	285	2454	2381	5	166	7348	rasal3
anura-03005_khnyn-ex3	1967	166	170	2568	2441	5	166	7312	khnyn
anura-04240_parp16-ex2	925	166	317	667	596	5	166	2671	parp16
ranoidea-05298_anon-2529	388	166	595	376	436	5	166	1961	anon-2529
anura-04043_pip5kl1-ex1	390	166	207	667	497	5	166	1927	pip5kl1
anura-05332_msl1-ex1	467	286	166	489	364	5	166	1772	msl1
anura-06084_uce-6031	303	166	204	299	285	5	166	1257	uce-6031
ranoidea-06893_kif21a-ex1	985	165	484	1926	991	5	165	4551	kif21a
anura-04738_arhgdib-ex1	833	165	324	763	979	5	165	3064	arhgdib
ranoidea-03393_tsr1-ex2	511	165	263	1208	902	5	165	3049	tsr1
anura-04730_prorsd1p	833	270	165	654	244	5	165	2166	prorsd1p
anura-02480_abhd10-ex1	481	165	224	524	480	5	165	1874	abhd10
anura-05658_uce-0278	344	165	251	399	300	5	165	1459	uce-0278
ranoidea-04627_polg-ex14	1848	164	335	1189	1376	5	164	4912	polg
ranoidea-02761_rab39a-ex1	1444	164	237	902	532	5	164	3279	rab39a
ranoidea-01529_dock6-ex3	986	164	244	579	598	5	164	2571	dock6
anura-05636_cxcr4	460	164	308	434	410	5	164	1776	cxcr4
anura-05810_uce-2387	331	164	243	391	340	5	164	1469	uce-2387
ranoidea-06114_anon-2774	687	163	226	1544	730	5	163	3350	anon-2774
ranoidea-06462_loc100497142-ex2	991	163	227	1000	929	5	163	3310	loc100497142
anura-06025_uce-5313	424	163	340	432	398	5	163	1757	uce-5313
anura-01648_dscr3	360	163	271	532	419	5	163	1745	dscr3
anura-05643_uce-0083	460	163	310	454	320	5	163	1707	uce-0083
anura-06016_uce-5200	296	163	285	296	324	5	163	1364	uce-5200
anura-01849_mlst8-ex1	370	163	225	381	215	5	163	1354	mlst8
ranoidea-00591_armt1-ex3	763	162	491	904	981	5	162	3301	armt1
ranoidea-03099_utp20-ex8	943	200	162	984	746	5	162	3035	utp20
anura-04581_anon-2753	606	162	348	631	528	5	162	2275	anon-2753
anura-03783_slc43a2	518	162	474	663	439	5	162	2256	slc43a2
ranoidea-00925_kctd18l	603	162	459	338	431	5	162	1993	kctd18l
ranoidea-00570_ncoa2-ex1	644	173	162	246	444	5	162	1669	ncoa2
anura-06225_osr2	266	162	402	389	188	5	162	1407	osr2
ranoidea-02556_ap5m1-ex1	2897	161	350	1762	1739	5	161	6909	ap5m1
anura-00887_pitrm1-ex2	690	161	172	192	582	5	161	1797	pitrm1
anura-03638_ccdc146-ex2	633	186	161	320	363	5	161	1663	ccdc146
anura-05807_uce-2353	270	161	329	312	256	5	161	1328	uce-2353
anura-03527_kif7-ex1	657	160	249	512	476	5	160	2054	kif7
anura-03953_rasal2	514	160	328	473	487	5	160	1962	rasal2
ranoidea-01019_loc100496861-ex3	495	159	189	1515	794	5	159	3152	loc100496861
anura-05994_uce-4908	349	159	361	337	384	5	159	1590	uce-4908
anura-00338_arhgef17-ex1	450	270	159	473	203	5	159	1555	arhgef17
anura-02851_aldh18a1-ex2	409	159	207	339	417	5	159	1531	aldh18a1
anura-05330_rapgefl1-ex3	291	159	170	616	242	5	159	1478	rapgefl1
ranoidea-03022_steap1-ex1	1025	158	246	894	913	5	158	3236	steap1
anura-03100_rin3-ex1	558	158	262	448	704	5	158	2130	rin3
ranoidea-02088_setd2	493	158	258	520	362	5	158	1791	setd2
anura-06051_uce-5584	406	158	270	356	352	5	158	1542	uce-5584
ranoidea-01168_aacs-ex1	697	158	198	282	178	5	158	1513	aacs
ranoidea-04720_cdc7-ex2	278	158	350	266	374	5	158	1426	cdc7
anura-05925_uce-3912	338	158	274	270	346	5	158	1386	uce-3912
anura-03523_anon-2295	325	158	298	230	215	5	158	1226	anon-2295
anura-00661_pcyt2	872	157	340	730	1012	5	157	3111	pcyt2
anura-04854_med13l-ex2	516	157	487	743	1006	5	157	2909	med13l
anura-03612_scrn3-ex2	1022	163	157	560	398	5	157	2300	scrn3
anura-05086_nup43-ex2	270	178	157	283	375	5	157	1263	nup43
anura-05186_spg20-ex2	395	190	156	430	397	5	156	1568	spg20
ranoidea-03257_mtfr2	251	156	250	612	175	5	156	1444	mtfr2
anura-04289_nphp4l-ex1	210	156	178	279	298	5	156	1121	nphp4l
anura-04640_htra1s-ex1	559	369	155	1160	1065	5	155	3308	htra1s
anura-03915_anon-2471	1046	155	358	854	820	5	155	3233	anon-2471
anura-04143_anxa13	755	155	360	738	817	5	155	2825	anxa13
ranoidea-04665_anon-2311	818	155	234	593	864	5	155	2664	anon-2311
anura-01356_fpgs-ex1	797	155	216	796	454	5	155	2418	fpgs
ranoidea-01066_mmp2-ex1	501	155	239	285	417	5	155	1597	mmp2
ranoidea-07372_uce-5811	281	155	272	295	343	5	155	1346	uce-5811
ranoidea-05039_slc9a1-ex2	224	155	261	321	215	5	155	1176	slc9a1
anura-02144_map4k1-ex2	1062	204	154	1348	970	5	154	3738	map4k1
anura-01704_trappc8-ex1	774	233	154	530	566	5	154	2257	trappc8
anura-02563_brwd3-ex1	525	286	154	424	356	5	154	1745	brwd3
anura-05151_tekt4-ex2	402	154	205	382	444	5	154	1587	tekt4
ranoidea-01124_myo7a-ex4	408	154	222	414	318	5	154	1516	myo7a
anura-05803_uce-2328	202	154	266	165	245	5	154	1032	uce-2328
anura-01737_dnajc28	1885	153	402	1680	772	5	153	4892	dnajc28
anura-03599_lrrk1-ex11	925	153	304	1224	1022	5	153	3628	lrrk1
ranoidea-06366_loc100135231	837	153	295	1257	832	5	153	3374	loc100135231
anura-00511_naa20	764	153	221	671	674	5	153	2483	naa20
anura-01823_asb8	540	153	229	672	841	5	153	2435	asb8
ranoidea-05020_kiaa1109-ex3	717	153	265	391	450	5	153	1976	kiaa1109
ranoidea-05461_zbtb40-ex2	2633	152	245	1701	2969	5	152	7700	zbtb40
ranoidea-02278_mllt1	887	152	283	884	698	5	152	2904	mllt1
ranoidea-02911_loc733201	798	182	152	921	712	5	152	2765	loc733201
anura-03670_polrmt-ex1	1185	152	152	630	537	5	152	2656	polrmt
anura-01335_prom1-ex3	786	152	152	676	645	5	152	2411	prom1
ranoidea-00394_me3	495	152	213	346	293	5	152	1499	me3
anura-05931_ttc39c	355	152	160	291	301	5	152	1259	ttc39c
anura-03168_tmem246l	1084	164	151	1365	444	5	151	3208	tmem246l
anura-00583_lama4-ex5	678	151	299	608	349	5	151	2085	lama4
anura-01500_fam160a2-ex3	294	151	372	494	302	5	151	1613	fam160a2
anura-06110_uce-6397	313	151	327	449	324	5	151	1564	uce-6397
anura-06133_kif2a-ex3	159	151	196	328	308	5	151	1142	kif2a
anura-05792_uce-2119	201	163	242	230	151	5	151	987	uce-2119
anura-01266_lin54-ex1	1837	210	150	1756	2034	5	150	5987	lin54
ranoidea-01491_ralgapb-ex3	1132	150	305	1365	1052	5	150	4004	ralgapb
ranoidea-00212_carns1-ex1	1111	150	373	604	908	5	150	3146	carns1
anura-05757_st8sia4	843	150	163	1266	661	5	150	3083	st8sia4
anura-03508_anon-2289	505	238	150	655	498	5	150	2046	anon-2289
anura-01463_arap3-ex1	358	150	238	352	251	5	150	1349	arap3
anura-05670_uce-0408	286	150	294	349	270	5	150	1349	uce-0408
ranoidea-04443_apmap-ex7	311	150	228	366	206	5	150	1261	apmap
ranoidea-04436_ssfa2-ex2	795	149	223	1190	902	5	149	3259	ssfa2
ranoidea-05121_grpel1	852	149	171	836	859	5	149	2867	grpel1
anura-04941_exd2-ex3	1110	149	338	506	688	5	149	2791	exd2
ranoidea-00067_tbc1d1-ex2	463	149	252	845	607	5	149	2316	tbc1d1
ranoidea-07303_anon-3129	270	149	277	617	734	5	149	2047	anon-3129
ranoidea-05715_anon-2661	3914	148	446	2020	1910	5	148	8438	anon-2661
ranoidea-02547_pcnxl4-ex3	1414	148	654	1412	1401	5	148	5029	pcnxl4
ranoidea-01115_erp29	891	148	440	1154	815	5	148	3448	erp29
anura-00055_epm2a	635	148	331	537	1343	5	148	2994	epm2a
ranoidea-04486_cep120-ex1	886	148	434	489	756	5	148	2713	cep120
ranoidea-04874_opn1lw	556	148	208	497	671	5	148	2080	opn1lw
anura-02195_etv4-ex2	433	148	205	342	405	5	148	1533	etv4
ranoidea-06341_atic-ex2	351	148	285	372	288	5	148	1444	atic
anura-06201_uce-7695	393	148	247	352	277	5	148	1417	uce-7695
anura-01613_numb-ex2	2213	147	177	2092	2054	5	147	6683	numb
ranoidea-05349_loc548351-ex2	1321	147	284	1325	791	5	147	3868	loc548351
ranoidea-00214_anon-0924	1082	166	147	958	959	5	147	3312	anon-0924
ranoidea-01146_clip1-ex2	404	186	147	952	874	5	147	2563	clip1
ranoidea-06393_bag6-ex1	833	147	397	359	250	5	147	1986	bag6
anura-05709_uce-0949	217	147	309	610	566	5	147	1849	uce-0949
ranoidea-06879_helq-ex2	291	147	257	450	246	5	147	1391	helq
anura-02150_hras	299	147	175	307	266	5	147	1194	hras
anura-05866_xelaev18009682m	200	147	204	207	222	5	147	980	xelaev18009682m
ranoidea-01148_rilpl2	731	146	194	538	580	5	146	2189	rilpl2
ranoidea-03955_sh2b3l	440	146	165	672	530	5	146	1953	sh2b3l
anura-04079_slu7-ex1	594	146	197	244	459	5	146	1640	slu7
anura-06167_uce-7145	311	146	229	329	309	5	146	1324	uce-7145
ranoidea-03391_srr-ex4	266	146	172	208	179	5	146	971	srr
anura-00701_ankk1	4616	145	317	3901	3397	5	145	12376	ankk1
ranoidea-01063_dcaf17-ex5	479	145	172	279	420	5	145	1495	dcaf17
anura-06115_uce-6499	326	145	325	390	251	5	145	1437	uce-6499
anura-05785_uce-2003	337	145	290	309	281	5	145	1362	uce-2003
anura-06088_uce-6060	237	145	203	408	222	5	145	1215	uce-6060
ranoidea-06845_anon-3001	145	237	176	308	164	5	145	1030	anon-3001
ranoidea-05996_tulp1	1472	144	243	2002	1467	5	144	5328	tulp1
anura-04292_dnajc11	444	144	172	729	364	5	144	1853	dnajc11
anura-03844_anon-2436	419	144	195	332	263	5	144	1353	anon-2436
anura-05816_uce-2476	379	144	280	314	236	5	144	1353	uce-2476
anura-05749_uce-1446	276	144	248	313	305	5	144	1286	uce-1446
anura-06033_uce-5382	144	153	243	372	248	5	144	1160	uce-5382
anura-05144_chrne	825	143	246	737	1181	5	143	3132	chrne
ranoidea-03938_iqca1-ex1	793	143	198	829	718	5	143	2681	iqca1
ranoidea-05752_uggt1-ex3	495	143	232	458	386	5	143	1714	uggt1
ranoidea-00202_loc108647699-ex1	419	143	224	274	249	5	143	1309	loc108647699
anura-01275_mrps17	155	143	165	304	517	5	143	1284	mrps17
anura-06035_uce-5396	228	143	196	297	248	5	143	1112	uce-5396
anura-05729_uce-1205	249	143	227	242	210	5	143	1071	uce-1205
anura-03496_loc398368	1140	260	142	925	1256	5	142	3723	loc398368
ranoidea-04279_nr1d2-ex2	443	142	206	653	634	5	142	2078	nr1d2
anura-05461_loc100489920-ex3	379	142	292	438	379	5	142	1630	loc100489920
anura-05136_grhpr1-ex2	223	142	271	321	254	5	142	1211	grhpr1
ranoidea-07344_gata2-ex2	266	142	249	284	262	5	142	1203	gata2
anura-00359_gcc2-ex2	1009	141	349	796	992	5	141	3287	gcc2
ranoidea-06738_tcp1-ex2	571	266	141	719	683	5	141	2380	tcp1
anura-02568_kcp-ex3	472	160	141	1097	154	5	141	2024	kcp
ranoidea-05808_sfrp1	227	141	226	364	305	5	141	1263	sfrp1
anura-05242_rpia	328	141	221	204	363	5	141	1257	rpia
ranoidea-03682_pyroxd2l	926	140	406	965	978	5	140	3415	pyroxd2l
ranoidea-00204_eya4	589	140	247	658	520	5	140	2154	eya4
anura-05939_uce-4075	230	140	373	440	376	5	140	1559	uce-4075
anura-00833_trim33-ex3	433	188	140	437	327	5	140	1525	trim33
anura-06112_uce-6471	140	181	325	317	309	5	140	1272	uce-6471
anura-05862_uce-3061	273	140	184	283	248	5	140	1128	uce-3061
ranoidea-03933_vps13a-ex4	770	139	304	362	565	5	139	2140	vps13a
ranoidea-04820_ninl-ex3	455	139	202	627	683	5	139	2106	ninl
anura-00053_rasgrp3-ex1	434	139	218	306	262	5	139	1359	rasgrp3
anura-05307_anon-3051	1175	138	150	1626	911	5	138	4000	anon-3051
anura-02875_trank1	533	138	150	540	653	5	138	2014	trank1
anura-04917_cdnf	420	138	336	425	536	5	138	1855	cdnf
ranoidea-07097_brwd1-ex2	812	196	138	261	418	5	138	1825	brwd1
anura-04113_top2a-ex2	269	138	247	404	338	5	138	1396	top2a
anura-05927_uce-3927	331	138	254	305	327	5	138	1355	uce-3927
ranoidea-05666_galk2-ex1	316	138	244	275	343	5	138	1316	galk2
anura-05783_uce-1971	323	138	177	273	218	5	138	1129	uce-1971
ranoidea-06995_lig3-ex3	1396	137	490	1731	1455	5	137	5209	lig3
anura-04385_anon-2674	1086	137	268	988	985	5	137	3464	anon-2674
ranoidea-05399_ckap5-ex3	770	137	245	998	449	5	137	2599	ckap5
ranoidea-07266_pnpla7-ex1	595	137	329	478	477	5	137	2016	pnpla7
ranoidea-02895_anon-1740	606	280	137	371	477	5	137	1871	anon-1740
ranoidea-06317_hdac10l	566	137	209	751	140	5	137	1803	hdac10l
anura-06161_uce-7063	389	137	182	332	348	5	137	1388	uce-7063
ranoidea-04706_slc22a16-ex1	1476	136	156	1493	1514	5	136	4775	slc22a16
anura-02760_plcb4-ex3	1216	136	329	1200	841	5	136	3722	plcb4
anura-00493_pdcd11-ex1	1175	136	282	1172	670	5	136	3435	pdcd11
anura-05270_anon-3034	793	136	142	668	634	5	136	2373	anon-3034
anura-01727_pxmp4-ex2	534	136	202	478	220	5	136	1570	pxmp4
anura-01802_loc108715295	363	136	281	346	298	5	136	1424	loc108715295
ranoidea-06496_anon-2889	159	136	240	142	139	5	136	816	anon-2889
ranoidea-05847_c5orf42l-ex1	2869	135	168	336	255	5	135	3763	c5orf42l
anura-00455_dis3-ex7	505	135	275	830	423	5	135	2168	dis3
anura-05663_uce-0335	290	135	213	320	267	5	135	1225	uce-0335
anura-05755_uce-1523	212	135	202	219	217	5	135	985	uce-1523
anura-02000_dhrs7c-ex2	1224	134	237	508	492	5	134	2595	dhrs7c
anura-03861_apcdd1ls	660	134	307	924	389	5	134	2414	apcdd1ls
ranoidea-01857_ank1-ex1	582	134	230	595	690	5	134	2231	ank1
anura-02084_ccdc39-ex1	577	133	139	748	1452	5	133	3049	ccdc39
anura-03809_mllt6-ex2	693	133	189	838	667	5	133	2520	mllt6
ranoidea-02350_tbc1d10a-ex2	261	133	195	287	218	5	133	1094	tbc1d10a
anura-02238_fam65b	704	255	132	1216	901	5	132	3208	fam65b
anura-01333_cdh2-ex2	655	132	159	628	452	5	132	2026	cdh2
ranoidea-07091_ets2-ex1	406	132	321	521	411	5	132	1791	ets2
ranoidea-05916_agrn-ex2	511	132	192	222	247	5	132	1304	agrn
anura-05798_uce-2209	296	132	223	285	288	5	132	1224	uce-2209
anura-05015_irg1-ex1	260	135	132	401	261	5	132	1189	irg1
anura-02611_isy1l-ex1	255	140	132	205	388	5	132	1120	isy1l
ranoidea-04447_arel1-ex1	173	137	132	202	155	5	132	799	arel1
anura-00673_cog5	818	131	146	949	651	5	131	2695	cog5
ranoidea-01853_fam149b1-ex3	676	131	184	702	636	5	131	2329	fam149b1
ranoidea-00612_dach2	787	131	263	592	455	5	131	2228	dach2
anura-02613_cecr5-ex1	676	131	215	559	430	5	131	2011	cecr5
ranoidea-07198_bbs4	464	131	172	808	399	5	131	1974	bbs4
ranoidea-01177_dclre1b-ex2	549	131	259	321	334	5	131	1594	dclre1b
anura-05960_uce-4348	212	131	187	222	225	5	131	977	uce-4348
ranoidea-01685_loc100490440	2078	130	435	2454	2032	5	130	7129	loc100490440
anura-01439_pias4l	1821	142	130	1743	1976	5	130	5812	pias4l
ranoidea-00221_unc5b-ex3	771	130	213	921	792	5	130	2827	unc5b
ranoidea-02486_slc35e4	527	130	136	808	591	5	130	2192	slc35e4
anura-05880_uce-3320	695	130	225	185	190	5	130	1425	uce-3320
anura-01205_ablim1	479	130	189	197	193	5	130	1188	ablim1
ranoidea-05501_robo1-ex1	1415	129	255	1955	1351	5	129	5105	robo1
anura-04355_c5ar1	680	129	160	1642	816	5	129	3427	c5ar1
anura-03491_grinl1a-ex1	654	129	381	373	714	5	129	2251	grinl1a
anura-00277_pask-ex3	501	129	187	561	676	5	129	2054	pask
anura-05906_uce-3659	549	129	295	459	328	5	129	1760	uce-3659
anura-01146_atg2a-ex2	467	129	231	296	577	5	129	1700	atg2a
anura-04703_ralgapa2-ex1	336	129	297	396	358	5	129	1516	ralgapa2
anura-06055_uce-5629	425	129	197	357	341	5	129	1449	uce-5629
anura-05699_uce-0773	404	129	254	338	310	5	129	1435	uce-0773
ranoidea-02160_slc17a5-ex2	360	129	278	225	385	5	129	1377	slc17a5
anura-02015_trio	439	129	202	354	238	5	129	1362	trio
anura-06076_uce-5927	421	129	190	312	268	5	129	1320	uce-5927
anura-05249_pnpla8-ex2	253	129	206	343	266	5	129	1197	pnpla8
anura-05888_atxn7	265	129	192	263	228	5	129	1077	atxn7
anura-05991_uce-4849	269	133	129	229	291	5	129	1051	uce-4849
ranoidea-06200_cel2-ex2	554	264	128	507	522	5	128	1975	cel2
anura-04714_rnf111	313	128	269	271	294	5	128	1275	rnf111
ranoidea-01926_inmt-ex1	271	137	128	276	393	5	128	1205	inmt
ranoidea-06517_poll-ex3	160	249	174	210	128	5	128	921	poll
ranoidea-04479_chd9-ex5	643	127	145	596	541	5	127	2052	chd9
anura-04357_sae1-ex1	614	127	247	522	353	5	127	1863	sae1
anura-05518_wdr92-ex3	380	127	233	323	346	5	127	1409	wdr92
ranoidea-02563_syt16-ex1	1300	126	136	723	548	5	126	2833	syt16
anura-04834_loc548945	640	126	195	544	607	5	126	2112	loc548945
anura-03987_rbm27-ex5	514	126	215	580	504	5	126	1939	rbm27
ranoidea-02900_kdelc2-ex2	546	126	252	593	280	5	126	1797	kdelc2
ranoidea-00215_ppie	424	126	194	453	466	5	126	1663	ppie
anura-00128_mmaa-ex3	415	126	146	299	201	5	126	1187	mmaa
anura-05938_uce-4068	251	126	237	219	200	5	126	1033	uce-4068
anura-05937_uce-4024	193	126	276	165	197	5	126	957	uce-4024
anura-06038_uce-5402	143	126	195	157	175	5	126	796	uce-5402
anura-01176_anon-1316	1055	125	201	806	1133	5	125	3320	anon-1316
anura-03416_lox-ex1	873	125	287	830	947	5	125	3062	lox
anura-04802_traf3ip1-ex2	690	125	314	831	779	5	125	2739	traf3ip1
anura-05796_satb1-ex2	510	125	186	407	436	5	125	1664	satb1
anura-02296_loc100490407-ex2	420	125	225	370	433	5	125	1573	loc100490407
anura-04828_prrc2a-ex4	242	148	125	716	340	5	125	1571	prrc2a
anura-05982_map7	451	125	205	340	369	5	125	1490	map7
anura-00944_gak-ex2	228	125	126	541	466	5	125	1486	gak
anura-05645_uce-0103	338	125	260	370	281	5	125	1374	uce-0103
ranoidea-05186_szt2-ex1	346	132	125	263	210	5	125	1076	szt2
ranoidea-07357_uce-3186	248	125	172	252	200	5	125	997	uce-3186
anura-06186_uce-7490	152	171	383	125	136	5	125	967	uce-7490
anura-03880_tollip	298	134	125	250	135	5	125	942	tollip
ranoidea-05717_loc100145496-ex1	1804	124	491	2002	1689	5	124	6110	loc100145496
anura-04859_fbxl8	1471	124	127	1852	1367	5	124	4941	fbxl8
anura-02914_ccdc51-ex3	1370	124	246	1364	1145	5	124	4249	ccdc51
ranoidea-05101_rasgrf1	899	167	124	797	995	5	124	2982	rasgrf1
ranoidea-04257_cdh22	1247	124	215	619	774	5	124	2979	cdh22
ranoidea-03784_mapk121-ex1	609	124	141	467	564	5	124	1905	mapk121
ranoidea-04740_pikfyve-ex2	495	124	213	524	414	5	124	1770	pikfyve
anura-02108_acad11-ex3	287	124	225	485	463	5	124	1584	acad11
ranoidea-03266_map3k5-ex6	350	124	171	325	310	5	124	1280	map3k5
ranoidea-02910_rdx-ex2	209	124	211	261	229	5	124	1034	rdx
anura-05376_c9orf41-ex2	218	124	227	179	231	5	124	979	c9orf41
anura-06072_uce-5852	276	128	177	164	124	5	124	869	uce-5852
anura-05959_myt1	175	124	226	169	160	5	124	854	myt1
ranoidea-02805_phrf1-ex1	2770	123	259	2645	2826	5	123	8623	phrf1
anura-00117_kif23-ex4	752	123	201	858	1154	5	123	3088	kif23
anura-00294_tanc1-ex1	603	123	232	584	626	5	123	2168	tanc1
anura-03057_nid2-ex2	251	123	775	519	357	5	123	2025	nid2
ranoidea-00928_cdc23-ex2	631	123	243	445	431	5	123	1873	cdc23
anura-02355_rabggta-ex2	361	136	123	439	450	5	123	1509	rabggta
anura-01079_arhgap31	394	123	131	340	341	5	123	1329	arhgap31
anura-05654_uce-0256	293	123	257	282	230	5	123	1185	uce-0256
anura-06162_fgf14	208	123	184	299	244	5	123	1058	fgf14
ranoidea-06440_fut10	2147	122	312	3084	1890	5	122	7555	fut10
anura-05009_loc100490260-ex1	1687	134	122	1460	1474	5	122	4877	loc100490260
anura-05934_uce-3995	719	220	122	754	611	5	122	2426	uce-3995
ranoidea-07068_crtc3-ex2	670	122	155	541	508	5	122	1996	crtc3
anura-04140_loc108696944-ex2	435	122	182	540	574	5	122	1853	loc108696944
anura-00952_man2a2l	687	122	223	183	405	5	122	1620	man2a2l
anura-02310_c9orf72-ex2	292	122	212	323	305	5	122	1254	c9orf72
ranoidea-05408_chd1-ex1	394	122	240	236	139	5	122	1131	chd1
anura-03617_loc100135367-ex2	1028	389	121	1011	642	5	121	3191	loc100135367
anura-01114_adamts3-ex1	997	121	284	985	789	5	121	3176	adamts3
anura-01922_dusp18l	885	121	200	619	851	5	121	2676	dusp18l
ranoidea-07311_anon-3132	1097	121	242	538	534	5	121	2532	anon-3132
anura-03215_mpv17l2	236	121	132	332	265	5	121	1086	mpv17l2
anura-05770_uce-1832	202	121	179	241	244	5	121	987	uce-1832
ranoidea-00597_anon-1057	153	121	128	247	188	5	121	837	anon-1057
ranoidea-00161_hmgxb4	2458	120	147	2022	1795	5	120	6542	hmgxb4
ranoidea-07071_gas8-ex2	1684	120	456	1568	1086	5	120	4914	gas8
anura-04609_mkrn2l-ex2	926	151	120	1208	1008	5	120	3413	mkrn2l
anura-04783_zbtb41-ex2	871	120	239	912	1067	5	120	3209	zbtb41
anura-03013_yod1	906	120	151	1055	908	5	120	3140	yod1
ranoidea-00603_brd4-ex4	751	120	137	849	616	5	120	2473	brd4
anura-01091_c12orf5-ex1	602	120	183	728	255	5	120	1888	c12orf5
anura-03069_lrit1	1272	119	500	812	727	5	119	3430	lrit1
ranoidea-06361_anon-2847	822	119	723	1020	638	5	119	3322	anon-2847
ranoidea-03379_ints1-ex14	682	119	170	782	470	5	119	2223	ints1
anura-03297_taz-ex2	679	119	318	392	374	5	119	1882	taz
ranoidea-05345_apbb3-ex1	390	119	245	521	484	5	119	1759	apbb3
anura-02659_blzf1-ex1	464	119	230	430	441	5	119	1684	blzf1
anura-05189_gatad2a-ex1	481	134	119	271	284	5	119	1289	gatad2a
ranoidea-05016_loc105946226	471	125	119	353	211	5	119	1279	loc105946226
anura-00272_loc108717099	119	147	150	247	122	5	119	785	loc108717099
ranoidea-01728_anon-1391	1217	156	118	878	5025	5	118	7394	anon-1391
anura-05048_anon-2953	2729	118	177	2614	1629	5	118	7267	anon-2953
anura-02348_ints2-ex8	821	118	384	639	890	5	118	2852	ints2
anura-00213_mdm4-ex2	854	118	126	616	1091	5	118	2805	mdm4
ranoidea-06111_braf	639	118	182	617	561	5	118	2117	braf
ranoidea-05563_il6st	118	146	288	491	707	5	118	1750	il6st
ranoidea-01083_prkcd-ex2	456	118	210	509	399	5	118	1692	prkcd
anura-01701_pxn-ex1	242	118	138	577	375	5	118	1450	pxn
anura-05733_uce-1305	415	118	146	405	257	5	118	1341	uce-1305
ranoidea-01743_mib2-ex2	317	118	153	234	316	5	118	1138	mib2
anura-01978_sept9	2938	117	123	2509	610	5	117	6297	sept9
anura-01848_mgc145260	885	117	149	1769	1418	5	117	4338	mgc145260
ranoidea-06578_anon-2919	1015	117	306	1194	1083	5	117	3715	anon-2919
anura-00731_bard1	974	117	295	1013	849	5	117	3248	bard1
anura-04837_med20-ex1	678	117	202	1055	683	5	117	2735	med20
ranoidea-05569_vwf-ex1	559	117	374	655	739	5	117	2444	vwf
ranoidea-05722_anon-2662	677	117	160	664	712	5	117	2330	anon-2662
ranoidea-01381_akap1-ex1	964	117	269	409	421	5	117	2180	akap1
ranoidea-03281_plcb3	569	117	122	911	450	5	117	2169	plcb3
anura-01596_wdr24-ex3	336	117	194	259	232	5	117	1138	wdr24
anura-06103_uce-6256	253	117	141	229	226	5	117	966	uce-6256
anura-04408_sowaha	1080	116	130	1660	1520	5	116	4506	sowaha
anura-04639_d2hgdh-ex4	620	116	453	647	691	5	116	2527	d2hgdh
anura-03679_nanp	503	116	200	552	683	5	116	2054	nanp
anura-05302_etf1	448	116	191	440	357	5	116	1552	etf1
anura-01469_dhx40-ex1	252	116	171	410	203	5	116	1152	dhx40
anura-04835_taf8	116	198	323	239	252	5	116	1128	taf8
anura-06184_uce-7487	244	116	223	241	208	5	116	1032	uce-7487
anura-03361_kiaa0196-ex6	234	116	159	197	178	5	116	884	kiaa0196
ranoidea-04186_ick-ex1	268	116	147	169	159	5	116	859	ick
anura-02367_loc734020-ex2	131	117	132	180	116	5	116	676	loc734020
anura-03551_prdm4-ex2	1019	115	165	974	924	5	115	3197	prdm4
ranoidea-02891_aaas-ex1	619	189	115	804	654	5	115	2381	aaas
anura-04215_ythdc2-ex9	690	115	198	678	273	5	115	1954	ythdc2
ranoidea-06947_tmem79l	570	115	163	340	577	5	115	1765	tmem79l
ranoidea-00846_usp2	629	115	192	423	384	5	115	1743	usp2
anura-02551_adamts4	456	115	146	298	655	5	115	1670	adamts4
ranoidea-02953_med14-ex5	419	115	231	558	249	5	115	1572	med14
anura-04266_chd2-ex7	335	115	159	331	260	5	115	1200	chd2
anura-06197_uce-7637	251	115	182	218	184	5	115	950	uce-7637
anura-00837_wdr47-ex3	200	115	134	125	211	5	115	785	wdr47
ranoidea-02765_med18	1462	114	228	901	1151	5	114	3856	med18
anura-00203_c10orf105	915	114	244	1035	675	5	114	2983	c10orf105
ranoidea-03114_med13-ex2	822	114	164	776	873	5	114	2749	med13
ranoidea-05899_slc45a2-ex3	705	114	137	789	690	5	114	2435	slc45a2
ranoidea-05911_anon-2713	677	114	323	537	586	5	114	2237	anon-2713
anura-05740_uce-1378	547	114	194	557	496	5	114	1908	uce-1378
anura-04588_xarp-ex2	271	114	239	367	518	5	114	1509	xarp
anura-00175_afap1l1-ex2	264	114	232	354	407	5	114	1371	afap1l1
anura-05209_loc100497588-ex3	171	114	145	354	366	5	114	1150	loc100497588
anura-00797_etfdh-ex2	208	114	212	431	179	5	114	1144	etfdh
anura-05665_uce-0360	247	114	190	223	158	5	114	932	uce-0360
anura-03721_tfap2c	1233	113	460	1530	1420	5	113	4756	tfap2c
anura-00434_thbs1-ex2	971	113	213	845	842	5	113	2984	thbs1
ranoidea-02651_znf511-ex2	682	113	130	238	388	5	113	1551	znf511
ranoidea-02715_csgalnact2-ex3	357	113	173	473	420	5	113	1536	csgalnact2
ranoidea-06551_micu3	451	168	113	392	376	5	113	1500	micu3
ranoidea-00712_herc3-ex1	415	113	236	169	385	5	113	1318	herc3
anura-00770_chuk	282	113	171	420	206	5	113	1192	chuk
anura-02657_slc19a2-ex1	279	119	200	113	318	5	113	1029	slc19a2
anura-04612_srsf4	372	128	127	113	282	5	113	1022	srsf4
anura-04436_fat1-ex3	194	113	140	204	134	5	113	785	fat1
anura-01960_agtpbp1	2347	112	112	2946	2946	5	112	8463	agtpbp1
anura-02526_slc3a2	1310	112	279	1054	1748	5	112	4503	slc3a2
ranoidea-02181_alkbh2-ex1	1160	112	536	979	1362	5	112	4149	alkbh2
ranoidea-04849_anon-2374	144	535	112	1444	1429	5	112	3664	anon-2374
anura-04578_lrch3-ex1	720	112	272	666	635	5	112	2405	lrch3
anura-03561_tgs1-ex2	792	112	277	412	618	5	112	2211	tgs1
anura-03623_cep19	1518	111	195	1239	1355	5	111	4418	cep19
ranoidea-00966_inadl-ex1	1268	111	308	1445	1130	5	111	4262	inadl
ranoidea-03327_hnrnpu-ex1	223	747	747	111	635	5	111	2463	hnrnpu
anura-05625_mios-ex3	545	169	111	688	895	5	111	2408	mios
anura-00351_anon-1001	489	111	194	428	692	5	111	1914	anon-1001
ranoidea-05705_loc100488066-ex2	506	111	259	633	383	5	111	1892	loc100488066
ranoidea-00386_per2-ex1	648	111	142	436	333	5	111	1670	per2
anura-05179_stard13-ex2	354	111	200	339	473	5	111	1477	stard13
ranoidea-02477_cpd-ex1	267	111	139	441	431	5	111	1389	cpd
ranoidea-05328_cep135-ex3	249	111	154	413	352	5	111	1279	cep135
ranoidea-03873_vdac2	241	111	336	208	168	5	111	1064	vdac2
anura-04925_med29	334	111	113	282	219	5	111	1059	med29
anura-01653_dcakd-ex2	246	111	168	260	247	5	111	1032	dcakd
anura-01208_mpg	1798	110	481	2309	2032	5	110	6730	mpg
anura-00875_zdhhc24-ex1	2392	110	175	450	413	5	110	3540	zdhhc24
anura-03471_lancl2	1203	110	212	1257	745	5	110	3527	lancl2
anura-01080_tsen34	601	110	225	452	832	5	110	2220	tsen34
anura-01235_st3gal22-ex2	511	110	227	589	537	5	110	1974	st3gal22
ranoidea-00152_anon-0909	637	110	121	237	607	5	110	1712	anon-0909
anura-02819_anon-1993	345	170	275	364	110	5	110	1264	anon-1993
anura-05865_uce-3078	153	110	162	170	130	5	110	725	uce-3078
ranoidea-02032_pigs-ex4	1087	109	175	1320	1294	5	109	3985	pigs
anura-05306_ids-ex2	782	109	352	724	715	5	109	2682	ids
ranoidea-04525_ddx20-ex1	737	109	110	663	530	5	109	2149	ddx20
anura-03884_eif4g1-ex1	573	109	113	336	354	5	109	1485	eif4g1
anura-05745_uce-1415	291	109	170	320	254	5	109	1144	uce-1415
anura-01095_polr3b-ex3	266	109	189	241	129	5	109	934	polr3b
anura-05685_uce-0642	198	109	155	205	220	5	109	887	uce-0642
anura-05415_tie1	116	112	211	109	180	5	109	728	tie1
anura-04728_rtn4-ex1	3308	108	257	3238	3206	5	108	10117	rtn4
anura-04342_prkdc-ex3	864	108	238	621	625	5	108	2456	prkdc
ranoidea-04134_murc	723	108	167	501	563	5	108	2062	murc
ranoidea-01387_elovl4	419	108	118	262	524	5	108	1431	elovl4
anura-02881_pdzk1-ex1	483	108	118	298	342	5	108	1349	pdzk1
anura-05838_uce-2748	108	177	302	154	180	5	108	921	uce-2748
anura-05492_ell3-ex2	525	107	196	651	542	5	107	2021	ell3
anura-00767_ap3m2-ex1	502	107	248	393	514	5	107	1764	ap3m2
ranoidea-05453_bfar-ex2	502	107	222	388	417	5	107	1636	bfar
ranoidea-07163_pla2g7l-ex2	460	107	151	410	374	5	107	1502	pla2g7l
anura-05228_ino80-ex2	306	107	200	308	209	5	107	1130	ino80
ranoidea-00303_anon-0959	257	107	228	228	236	5	107	1056	anon-0959
anura-05747_uce-1424	252	107	236	251	192	5	107	1038	uce-1424
ranoidea-07387_uce-7673	269	107	156	269	237	5	107	1038	uce-7673
ranoidea-00558_vps54-ex2	246	107	187	244	199	5	107	983	vps54
ranoidea-05951_pgap3-ex1	1209	106	378	742	1021	5	106	3456	pgap3
ranoidea-06104_xpnpep3	410	106	296	773	409	5	106	1994	xpnpep3
ranoidea-07323_adgra1-ex1	231	106	194	242	177	5	106	950	adgra1
ranoidea-02288_anon-1550	220	106	171	276	175	5	106	948	anon-1550
ranoidea-06218_dapp1	272	124	114	256	106	5	106	872	dapp1
ranoidea-00419_myo9b-ex1	1206	105	162	2141	1449	5	105	5063	myo9b
anura-05389_mat2b-ex3	1055	105	111	870	1138	5	105	3279	mat2b
ranoidea-02104_dmgdh-ex2	1148	186	105	475	991	5	105	2905	dmgdh
anura-02790_chfr-ex2	694	105	257	1325	470	5	105	2851	chfr
anura-04243_b4galnt4-ex1	721	105	168	682	601	5	105	2277	b4galnt4
ranoidea-06616_zbtb11-ex1	842	105	174	349	381	5	105	1851	zbtb11
ranoidea-00908_tdrd9-ex1	470	112	105	642	471	5	105	1800	tdrd9
anura-05073_npepps	545	201	355	349	105	5	105	1555	npepps
anura-03891_dock4-ex2	430	105	144	476	327	5	105	1482	dock4
anura-05878_uce-3277	330	105	210	359	339	5	105	1343	uce-3277
anura-01233_loc100489773-ex3	415	105	154	399	208	5	105	1281	loc100489773
anura-05948_uce-4201	268	105	175	278	277	5	105	1103	uce-4201
anura-00448_tmem161a-ex2	439	105	105	184	245	5	105	1078	tmem161a
anura-05790_uce-2082	226	105	187	203	169	5	105	890	uce-2082
ranoidea-01910_sh3bp5l-ex2	225	105	190	198	149	5	105	867	sh3bp5l
anura-05853_uce-2920	204	105	182	185	151	5	105	827	uce-2920
anura-00047_men1-ex1	1631	104	224	1072	1407	5	104	4438	men1
ranoidea-00893_slc7a14	1677	104	107	1275	1139	5	104	4302	slc7a14
anura-04786_tubgcp6l	739	104	147	661	648	5	104	2299	tubgcp6l
ranoidea-06407_bysl-ex1	620	140	104	579	441	5	104	1884	bysl
ranoidea-03521_ptch2-ex2	922	134	104	245	242	5	104	1647	ptch2
ranoidea-01819_rhot2	325	104	452	163	284	5	104	1328	rhot2
ranoidea-00507_rhbdf2-ex2	628	106	201	104	144	5	104	1183	rhbdf2
anura-03470_egfr-ex2	229	104	131	301	305	5	104	1070	egfr
anura-03743_ppp6r2-ex3	393	104	125	231	200	5	104	1053	ppp6r2
ranoidea-00232_ezh1-ex1	203	104	190	273	159	5	104	929	ezh1
anura-05741_uce-1390	158	104	177	256	168	5	104	863	uce-1390
anura-06182_ppm1a	164	104	160	236	175	5	104	839	ppm1a
ranoidea-03461_dmxl1-ex7	214	104	161	189	114	5	104	782	dmxl1
anura-03525_sema4b-ex1	1892	158	103	1243	1156	5	103	4552	sema4b
anura-02830_opa1	1508	103	229	239	1511	5	103	3590	opa1
anura-00598_man1b1l-ex3	539	103	195	729	428	5	103	1994	man1b1l
ranoidea-06324_panx2-ex1	527	103	178	643	464	5	103	1915	panx2
anura-04491_p3h2-ex2	345	103	139	735	306	5	103	1628	p3h2
ranoidea-03945_rnpc31	345	104	225	306	103	5	103	1083	rnpc31
anura-04032_r3hdm1	214	103	127	341	244	5	103	1029	r3hdm1
anura-05691_uce-0712	171	103	179	179	168	5	103	800	uce-0712
ranoidea-04533_adgrl4	451	102	192	556	468	5	102	1769	adgrl4
anura-01863_ints7-ex1	581	102	110	407	550	5	102	1750	ints7
ranoidea-03717_lrrfip2	502	102	175	325	396	5	102	1500	lrrfip2
anura-05121_setx-ex2	277	196	102	385	211	5	102	1171	setx
anura-00065_acss3-ex1	102	109	203	405	350	5	102	1169	acss3
anura-06172_uce-7229	278	102	179	294	295	5	102	1148	uce-7229
ranoidea-00645_anon-1067	115	102	141	345	350	5	102	1053	anon-1067
anura-05715_uce-1036	240	102	170	233	172	5	102	917	uce-1036
ranoidea-03686_entpd7-ex1	265	102	132	217	187	5	102	903	entpd7
anura-03563_spryd7	215	111	102	269	139	5	102	836	spryd7
anura-06100_uce-6213	172	102	164	154	178	5	102	770	uce-6213
ranoidea-00941_nudt12	770	101	112	753	642	5	101	2378	nudt12
ranoidea-04291_pim3	577	101	208	283	506	5	101	1675	pim3
anura-06018_uce-5210	452	101	204	453	369	5	101	1579	uce-5210
anura-01310_cyp11a1-ex3	381	241	300	400	101	5	101	1423	cyp11a1
anura-02902_spon1	418	101	121	397	323	5	101	1360	spon1
anura-02124_lonrf2-ex3	268	101	275	377	262	5	101	1283	lonrf2
anura-03450_hsd11b1	270	101	162	239	247	5	101	1019	hsd11b1
anura-05778_uce-1928	234	101	175	263	166	5	101	939	uce-1928
anura-04816_slc25a38-ex4	101	114	149	199	176	5	101	739	slc25a38
ranoidea-04571_col6a3-ex1	1122	100	178	979	1396	5	100	3775	col6a3
ranoidea-06133_ttc22-ex2	842	100	198	944	739	5	100	2823	ttc22
anura-03397_dstn	951	128	100	892	703	5	100	2774	dstn
ranoidea-04543_fkbp9-ex2	670	100	213	798	617	5	100	2398	fkbp9
anura-04062_anon-2536	429	100	223	495	553	5	100	1800	anon-2536
anura-02510_trpt1-ex2	225	100	213	704	413	5	100	1655	trpt1
ranoidea-05803_arhgap12	337	100	119	515	534	5	100	1605	arhgap12
anura-04477_proc-ex1	387	100	214	481	410	5	100	1592	proc
ranoidea-06876_cbx1	439	108	330	100	559	5	100	1536	cbx1
ranoidea-06655_loc100216173	307	100	211	287	241	5	100	1146	loc100216173
anura-05932_uce-3981	237	100	153	272	237	5	100	999	uce-3981
ranoidea-00853_dhtkd1l	150	100	180	330	184	5	100	944	dhtkd1l
anura-01380_igdcc4-ex3	566	99	220	531	446	5	99	1862	igdcc4
anura-01040_c9orf64-ex3	375	111	99	447	341	5	99	1373	c9orf64
anura-04454_inpp4b	336	99	233	383	187	5	99	1238	inpp4b
anura-03108_fibcd1	230	154	299	169	99	5	99	951	fibcd1
anura-05791_uce-2109	234	99	175	191	241	5	99	940	uce-2109
ranoidea-06429_per1-ex2	172	140	99	192	235	5	99	838	per1
anura-01899_dhx8-ex1	99	113	103	204	159	5	99	678	dhx8
ranoidea-06449_b3gnt9	3371	98	161	2926	2984	5	98	9540	b3gnt9
ranoidea-01762_stard8-ex5	2467	211	304	285	98	5	98	3365	stard8
anura-05195_plk4	753	98	169	1015	1148	5	98	3183	plk4
anura-03228_edc3-ex3	790	98	153	1068	889	5	98	2998	edc3
anura-05111_rgs14-ex1	955	98	126	1023	734	5	98	2936	rgs14
anura-03542_ttll13p-ex2	639	117	98	629	430	5	98	1913	ttll13p
ranoidea-05005_xetrov90021399mg	98	234	275	571	654	5	98	1832	xetrov90021399mg
anura-05225_lrrk2	447	98	249	492	401	5	98	1687	lrrk2
ranoidea-05932_neil3-ex2	455	98	159	501	397	5	98	1610	neil3
ranoidea-03841_acbd3	310	98	141	565	245	5	98	1359	acbd3
anura-03626_wdr53	245	101	98	371	354	5	98	1169	wdr53
ranoidea-02719_anon-1685	210	98	139	299	368	5	98	1114	anon-1685
anura-02856_edrf1-ex5	162	98	106	372	369	5	98	1107	edrf1
ranoidea-00467_arhgap4-ex1	209	129	98	327	286	5	98	1049	arhgap4
anura-04796_wdr70	98	140	189	259	153	5	98	839	wdr70
anura-06163_celf2-ex3	195	98	128	149	194	5	98	764	celf2
ranoidea-05915_tp63	230	132	98	101	124	5	98	685	tp63
anura-05475_prrc2cl-ex1	5119	97	257	9594	6378	5	97	21445	prrc2cl
anura-04540_erbb4	815	97	191	994	866	5	97	2963	erbb4
ranoidea-04111_anon-2130	284	97	276	694	390	5	97	1741	anon-2130
ranoidea-05556_igf2	428	97	210	426	548	5	97	1709	igf2
anura-00880_pck2-ex1	438	97	173	397	279	5	97	1384	pck2
anura-03676_def6-ex2	117	97	471	247	444	5	97	1376	def6
ranoidea-02258_e2f1-ex1	332	118	97	408	313	5	97	1268	e2f1
ranoidea-04074_ppwd1-ex1	190	97	255	245	336	5	97	1123	ppwd1
anura-04753_ltv1-ex2	303	97	198	221	242	5	97	1061	ltv1
anura-01553_greb1l-ex1	285	97	158	273	235	5	97	1048	greb1l
ranoidea-05872_fgd6-ex3	5290	96	126	4762	4877	5	96	15151	fgd6
ranoidea-05598_sowahb	2913	100	96	2811	2810	5	96	8730	sowahb
anura-02971_samd8-ex1	1350	96	243	1369	1424	5	96	4482	samd8
ranoidea-01635_bod1	1267	446	96	1196	1195	5	96	4200	bod1
anura-00057_nt5e-ex2	642	96	259	550	349	5	96	1896	nt5e
anura-03034_arl11	723	96	209	390	441	5	96	1859	arl11
anura-02449_mre11a-ex2	453	96	295	575	416	5	96	1835	mre11a
ranoidea-07123_taf6-ex1	96	157	320	613	313	5	96	1499	taf6
ranoidea-05798_chmp2b	231	96	129	445	276	5	96	1177	chmp2b
anura-06029_fgf8	207	96	161	262	218	5	96	944	fgf8
anura-00537_tmlhe	149	96	131	311	224	5	96	911	tmlhe
anura-00535_anon-1055	244	96	125	250	171	5	96	886	anon-1055
anura-06178_uce-7363	237	96	193	219	116	5	96	861	uce-7363
ranoidea-03431_anon-1923	312	96	147	147	138	5	96	840	anon-1923
anura-04013_tpcn1	507	95	345	410	811	5	95	2168	tpcn1
ranoidea-06185_f9	523	95	229	578	553	5	95	1978	f9
anura-01135_vps51-ex4	447	95	313	557	372	5	95	1784	vps51
ranoidea-04996_tecpr2-ex6	95	141	126	686	417	5	95	1465	tecpr2
anura-04868_anon-2882	364	95	182	245	177	5	95	1063	anon-2882
ranoidea-00431_alg12l	202	95	183	202	296	5	95	978	alg12l
ranoidea-07375_uce-6161	150	95	114	184	156	5	95	699	uce-6161
anura-03171_msmo1	964	94	101	1011	953	5	94	3123	msmo1
ranoidea-06446_anon-2876	872	94	114	1050	553	5	94	2683	anon-2876
ranoidea-04821_atl2	689	157	94	937	741	5	94	2618	atl2
anura-04875_mettl4-ex1	494	140	94	482	438	5	94	1648	mettl4
ranoidea-05185_brinp2	373	94	121	373	289	5	94	1250	brinp2
anura-00968_dgke-ex2	253	94	142	241	298	5	94	1028	dgke
ranoidea-02061_ccdc124-ex1	242	229	94	319	140	5	94	1024	ccdc124
anura-05023_phf6	243	94	105	258	280	5	94	980	phf6
ranoidea-01440_anon-1300	201	137	154	218	94	5	94	804	anon-1300
anura-05917_uce-3799	164	94	143	184	156	5	94	741	uce-3799
anura-04000_scml2-ex2	805	93	216	842	709	5	93	2665	scml2
anura-00692_avl9-ex2	609	93	265	605	567	5	93	2139	avl9
anura-03467_trim36-ex3	305	93	155	535	613	5	93	1701	trim36
anura-05236_adcy7-ex2	375	93	270	363	296	5	93	1397	adcy7
ranoidea-03598_gpcpd1-ex2	143	93	431	310	296	5	93	1273	gpcpd1
anura-04116_leo1	217	93	125	165	291	5	93	891	leo1
ranoidea-07296_anon-3126	197	93	146	318	137	5	93	891	anon-3126
anura-05698_uce-0771	230	93	187	201	166	5	93	877	uce-0771
anura-05696_uce-0764	200	93	115	148	133	5	93	689	uce-0764
anura-05380_hdac1	664	92	277	750	657	5	92	2440	hdac1
ranoidea-02481_loc100490752-ex2	757	92	280	552	602	5	92	2283	loc100490752
ranoidea-01206_rccd1-ex2	606	92	118	741	484	5	92	2041	rccd1
ranoidea-07340_uce-1895	380	92	205	366	344	5	92	1387	uce-1895
anura-03077_smug1	364	92	165	398	366	5	92	1385	smug1
ranoidea-05827_heatr1-ex4	431	92	93	342	406	5	92	1364	heatr1
anura-01226_ddx58	441	92	194	362	223	5	92	1312	ddx58
anura-00813_atp6v0a4-ex2	253	92	162	414	258	5	92	1179	atp6v0a4
anura-03206_cse1l-ex2	174	92	149	243	243	5	92	901	cse1l
anura-06157_uce-7037	199	92	189	219	155	5	92	854	uce-7037
ranoidea-01215_pgm5-ex1	120	92	214	96	223	5	92	745	pgm5
anura-05702_uce-0865	138	92	160	157	137	5	92	684	uce-0865
ranoidea-06766_fam193b	1852	91	371	1945	1792	5	91	6051	fam193b
anura-03913_pex12	376	98	91	754	748	5	91	2067	pex12
anura-02116_vwa3b-ex2	362	91	120	750	441	5	91	1764	vwa3b
anura-04607_xetrov90030786mg	585	91	200	539	238	5	91	1653	xetrov90030786mg
ranoidea-04068_mast4	439	124	91	416	506	5	91	1576	mast4
anura-05016_cln5	287	91	161	451	391	5	91	1381	cln5
anura-02481_cuedc1-ex1	388	90	209	616	494	5	90	1797	cuedc1
anura-05339_pus7-ex5	382	90	167	628	447	5	90	1714	pus7
anura-04760_med24-ex1	580	90	237	371	273	5	90	1551	med24
ranoidea-00141_anon-0907	203	90	212	337	315	5	90	1157	anon-0907
anura-00645_gars-ex1	169	90	144	225	182	5	90	810	gars
anura-05963_slc4a7-ex4	141	90	123	128	158	5	90	640	slc4a7
anura-01585_map7d3-ex1	2079	89	256	1721	2006	5	89	6151	map7d3
anura-03610_ermp1	898	89	153	1128	1765	5	89	4033	ermp1
anura-03175_arhgap9	652	89	157	1198	900	5	89	2996	arhgap9
ranoidea-05703_kcnk6-ex2	784	169	89	1125	543	5	89	2710	kcnk6
ranoidea-02598_tnpo2-ex3	376	102	89	569	408	5	89	1544	tnpo2
anura-05443_c18orf8-ex3	308	100	89	352	329	5	89	1178	c18orf8
anura-02860_dock1-ex1	509	193	89	120	155	5	89	1066	dock1
anura-05014_spint1	203	89	213	375	159	5	89	1039	spint1
anura-00071_ccne2-ex1	211	89	157	298	261	5	89	1016	ccne2
anura-05830_uce-2611	225	89	137	212	169	5	89	832	uce-2611
anura-00577_cpsf3l	300	89	106	160	120	5	89	775	cpsf3l
anura-05316_idnk	910	188	88	720	604	5	88	2510	idnk
anura-03860_stx16	674	117	88	517	753	5	88	2149	stx16
anura-05540_fosl1	322	88	124	640	753	5	88	1927	fosl1
ranoidea-00605_brd4l	612	88	119	398	515	5	88	1732	brd4l
anura-04559_osbpl10	623	88	190	360	440	5	88	1701	osbpl10
ranoidea-04115_angptl6	304	88	115	512	234	5	88	1253	angptl6
anura-06171_uce-7218	377	147	242	331	88	5	88	1185	uce-7218
anura-03973_tram2-ex2	226	88	139	309	230	5	88	992	tram2
anura-06002_uce-4977	137	88	136	130	118	5	88	609	uce-4977
ranoidea-02162_ccar1-ex1	249	87	134	461	412	5	87	1343	ccar1
ranoidea-00755_tmem132a-ex3	289	87	102	509	344	5	87	1331	tmem132a
anura-01342_dph6-ex3	329	87	155	278	245	5	87	1094	dph6
ranoidea-03958_gab3	190	87	132	320	203	5	87	932	gab3
anura-05863_pcnp	145	87	110	198	137	5	87	677	pcnp
anura-06226_uce-7941	136	87	114	156	167	5	87	660	uce-7941
ranoidea-05603_phf13	1157	157	86	1030	1426	5	86	3856	phf13
anura-00636_gyg1-ex2	693	231	86	703	820	5	86	2533	gyg1
anura-03101_slc24a4	291	86	201	779	527	5	86	1884	slc24a4
anura-01090_c12orf4-ex3	366	86	174	615	366	5	86	1607	c12orf4
ranoidea-03978_gpr137c	905	86	163	317	111	5	86	1582	gpr137c
anura-01961_flcn-ex2	448	86	184	262	511	5	86	1491	flcn
anura-03716_ptpn3-ex3	361	86	133	302	438	5	86	1320	ptpn3
anura-00312_zbtb49-ex2	86	328	299	331	188	5	86	1232	zbtb49
ranoidea-05065_nelfcd-ex1	266	86	169	328	297	5	86	1146	nelfcd
ranoidea-04985_trak1	380	86	131	314	211	5	86	1122	trak1
anura-01788_cep83-ex2	276	86	173	110	318	5	86	963	cep83
anura-02535_cdc45	353	86	121	213	188	5	86	961	cdc45
anura-00324_emg1-ex1	230	86	150	120	317	5	86	903	emg1
anura-06124_uce-6602	175	96	86	329	161	5	86	847	uce-6602
anura-02964_vps52-ex2	179	86	146	187	228	5	86	826	vps52
ranoidea-03843_fam179a-ex2	160	86	133	148	208	5	86	735	fam179a
anura-06044_uce-5479	132	86	142	157	122	5	86	639	uce-5479
anura-01828_pkd1-ex6	2017	85	91	1915	3746	5	85	7854	pkd1
anura-04701_akap17a	1277	85	416	1184	1950	5	85	4912	akap17a
anura-01531_acox3	671	98	85	301	536	5	85	1691	acox3
ranoidea-04280_nkiras1-ex2	179	85	212	471	463	5	85	1410	nkiras1
anura-01860_tmem206-ex1	329	85	128	466	210	5	85	1218	tmem206
anura-01666_zfyve20-ex2	397	85	85	191	223	5	85	981	zfyve20
anura-05720_uce-1101	187	85	221	149	128	5	85	770	uce-1101
anura-06073_uce-5879	142	85	134	199	104	5	85	664	uce-5879
ranoidea-05412_klhl38	3531	84	339	3072	2549	5	84	9575	klhl38
anura-01289_myef2	1662	84	558	1489	683	5	84	4476	myef2
ranoidea-00297_sgk223	754	84	107	759	883	5	84	2587	sgk223
anura-00567_exog-ex2	658	84	160	747	898	5	84	2547	exog
anura-02385_adgrv1	836	84	290	557	637	5	84	2404	adgrv1
ranoidea-03500_sppl3-ex2	398	84	152	955	308	5	84	1897	sppl3
anura-03874_asmtl	623	97	84	643	322	5	84	1769	asmtl
anura-04880_anon-2886	345	84	201	385	319	5	84	1334	anon-2886
anura-00380_cc2d2a-ex3	270	84	209	248	242	5	84	1053	cc2d2a
anura-05126_adsl-ex2	283	84	117	156	256	5	84	896	adsl
anura-05082_ppil4-ex2	243	95	149	299	84	5	84	870	ppil4
ranoidea-07329_uce-0255	143	84	119	138	93	5	84	577	uce-0255
anura-02307_sirt1	819	83	173	659	824	5	83	2558	sirt1
anura-05006_ppapdc3-ex2	797	83	163	476	635	5	83	2154	ppapdc3
anura-03620_anon-2325	457	83	267	551	521	5	83	1879	anon-2325
ranoidea-06467_lhx8	463	83	188	481	408	5	83	1623	lhx8
anura-04031_zranb32-ex4	1050	83	167	110	109	5	83	1519	zranb32
anura-00414_gapvd1-ex6	496	83	195	274	426	5	83	1474	gapvd1
ranoidea-06276_sorbs1-ex2	437	83	112	281	477	5	83	1390	sorbs1
ranoidea-03407_anon-1914	83	101	137	392	252	5	83	965	anon-1914
anura-01112_anon-1288	146	83	127	279	188	5	83	823	anon-1288
anura-06206_uce-7729	110	83	103	100	129	5	83	525	uce-7729
ranoidea-00489_samd12	1305	82	165	1311	344	5	82	3207	samd12
anura-05117_thoc3-ex3	82	170	671	824	706	5	82	2453	thoc3
anura-04969_fads2-ex1	605	82	203	397	560	5	82	1847	fads2
ranoidea-03679_anon-2000	325	82	207	440	491	5	82	1545	anon-2000
ranoidea-01624_mbd2	335	82	156	351	528	5	82	1452	mbd2
anura-04923_samd4b-ex1	343	123	82	283	349	5	82	1180	samd4b
anura-00670_mrc2-ex2	315	82	128	288	330	5	82	1143	mrc2
anura-03821_cdh20	385	82	131	275	199	5	82	1072	cdh20
ranoidea-00881_stau2	259	98	140	82	264	5	82	843	stau2
ranoidea-00595_anon-1054	288	82	147	159	165	5	82	841	anon-1054
anura-02912_mtmr14	123	107	126	135	82	5	82	573	mtmr14
anura-04557_sesn1	130	82	97	100	116	5	82	525	sesn1
anura-00070_tp53inp1	1720	81	206	1488	1727	5	81	5222	tp53inp1
anura-01313_sin3a-ex2	747	81	332	1063	1062	5	81	3285	sin3a
ranoidea-01864_sh3kbp1-ex2	516	150	81	696	472	5	81	1915	sh3kbp1
anura-05062_ubfd1	446	81	141	671	365	5	81	1704	ubfd1
anura-01199_oxt	469	81	249	481	314	5	81	1594	oxt
ranoidea-06715_abca3-ex1	393	298	195	115	81	5	81	1082	abca3
ranoidea-05778_ap3d1	275	81	153	313	153	5	81	975	ap3d1
anura-00196_rgs9	302	81	110	208	192	5	81	893	rgs9
ranoidea-02724_anon-1686	138	81	184	139	238	5	81	780	anon-1686
ranoidea-02625_wdr19-ex1	151	140	81	219	176	5	81	767	wdr19
ranoidea-00130_xpr1-ex3	1479	80	182	1239	755	5	80	3735	xpr1
ranoidea-04284_anon-2191	1029	80	119	909	905	5	80	3042	anon-2191
ranoidea-07255_dpp8-ex2	868	80	493	794	621	5	80	2856	dpp8
ranoidea-05136_dopey2-ex5	605	80	107	538	739	5	80	2069	dopey2
ranoidea-06260_anon-2811	544	80	154	366	760	5	80	1904	anon-2811
anura-04840_prickle4	408	177	80	663	528	5	80	1856	prickle4
anura-00184_ngef-ex3	436	80	150	382	267	5	80	1315	ngef
anura-03693_galnt2	415	80	177	398	209	5	80	1279	galnt2
anura-04104_dhrs13-ex1	182	80	143	255	326	5	80	986	dhrs13
anura-04878_lama1-ex1	291	80	124	196	238	5	80	929	lama1
anura-06075_uce-5924	220	80	177	246	184	5	80	907	uce-5924
ranoidea-05447_acsm3-ex1	211	80	150	245	182	5	80	868	acsm3
anura-06063_uce-5713	195	80	187	135	129	5	80	726	uce-5713
ranoidea-07383_uce-7265	120	80	189	158	156	5	80	703	uce-7265
ranoidea-05978_ipo8-ex5	104	80	189	98	208	5	80	679	ipo8
anura-06000_trip12	178	80	152	103	124	5	80	637	trip12
ranoidea-03806_anon-2054	901	79	298	1124	603	5	79	3005	anon-2054
ranoidea-00046_loc100145332	649	79	173	813	798	5	79	2512	loc100145332
anura-05279_fam171a1-ex1	502	79	200	728	631	5	79	2140	fam171a1
anura-05002_zer1-ex2	467	79	139	520	749	5	79	1954	zer1
ranoidea-03048_disp1-ex1	671	79	174	442	565	5	79	1931	disp1
ranoidea-04858_anon-2382	385	190	79	275	624	5	79	1553	anon-2382
ranoidea-00935_ropn1l	378	79	101	392	334	5	79	1284	ropn1l
ranoidea-01273_hectd1-ex3	324	79	212	124	207	5	79	946	hectd1
anura-05805_uce-2349	193	79	153	212	173	5	79	810	uce-2349
anura-05264_tmem79	105	147	276	88	79	5	79	695	tmem79
anura-05748_uce-1430	146	79	94	145	133	5	79	597	uce-1430
anura-05722_uce-1138	157	79	93	138	106	5	79	573	uce-1138
anura-05789_uce-2036	125	79	131	100	93	5	79	528	uce-2036
ranoidea-03320_c5h3orf33	83	110	79	103	132	5	79	507	c5h3orf33
anura-01491_dennd1a	3745	78	131	3623	3573	5	78	11150	dennd1a
anura-03449_c1orf74	2359	78	229	2940	1999	5	78	7605	c1orf74
anura-04577_anon-2750	887	195	78	799	707	5	78	2666	anon-2750
anura-03515_anon-2291	620	89	78	590	724	5	78	2101	anon-2291
ranoidea-02779_kdm2a-ex3	1087	78	82	232	471	5	78	1950	kdm2a
anura-01026_klhl7	381	78	105	591	724	5	78	1879	klhl7
anura-00172_ppargc1b	524	78	163	593	514	5	78	1872	ppargc1b
ranoidea-05424_tmco3-ex2	551	78	164	505	536	5	78	1834	tmco3
ranoidea-04434_crym-ex2	548	78	187	159	489	5	78	1461	crym
anura-00747_sgpp1	544	78	122	379	316	5	78	1439	sgpp1
anura-05039_pard3-ex3	388	78	111	386	436	5	78	1399	pard3
ranoidea-02717_dfnb31-ex2	239	78	133	464	445	5	78	1359	dfnb31
ranoidea-05037_anon-2434	584	78	123	312	144	5	78	1241	anon-2434
anura-03838_wdtc1	219	78	201	314	308	5	78	1120	wdtc1
anura-03331_kdm7a-ex1	192	78	166	363	247	5	78	1046	kdm7a
ranoidea-04274_cabp1	335	78	168	233	216	5	78	1030	cabp1
anura-00659_sirt7-ex1	293	92	78	204	357	5	78	1024	sirt7
anura-03209_anon-2154	319	113	78	167	252	5	78	929	anon-2154
anura-00708_dhtkd1-ex5	155	78	105	329	250	5	78	917	dhtkd1
anura-05876_uce-3223	141	78	173	204	190	5	78	786	uce-3223
anura-05777_uce-1925	120	78	115	120	158	5	78	591	uce-1925
anura-02582_thrsp	1077	249	375	1707	77	5	77	3485	thrsp
ranoidea-02743_anon-1689	1133	77	124	873	509	5	77	2716	anon-1689
anura-00666_itgb3-ex2	583	77	278	692	500	5	77	2130	itgb3
ranoidea-01840_pcm1-ex3	654	77	186	570	489	5	77	1976	pcm1
anura-04132_ddb2-ex2	539	77	125	500	338	5	77	1579	ddb2
ranoidea-03321_slc33a1-ex1	312	77	140	492	336	5	77	1357	slc33a1
anura-03780_prpf8-ex2	281	77	89	379	374	5	77	1200	prpf8
ranoidea-05174_sec16b-ex2	296	77	82	392	342	5	77	1189	sec16b
ranoidea-02854_acin1-ex1	149	77	152	320	251	5	77	949	acin1
anura-00155_stil	304	77	160	176	213	5	77	930	stil
anura-02476_ipo9-ex3	291	77	94	236	173	5	77	871	ipo9
anura-03850_gfer-ex1	134	77	124	118	83	5	77	536	gfer
anura-02755_anon-1969	1524	76	141	1459	1536	5	76	4736	anon-1969
anura-01189_pcyox1-ex3	2439	76	96	635	1302	5	76	4548	pcyox1
ranoidea-02829_mfsd6	1152	76	141	1538	1437	5	76	4344	mfsd6
anura-00432_mrpl44	777	76	124	1344	1043	5	76	3364	mrpl44
ranoidea-07075_fanca-ex2	1111	76	249	752	760	5	76	2948	fanca
anura-02813_aar2-ex1	518	76	108	587	397	5	76	1686	aar2
ranoidea-00640_dlec1l-ex1	256	76	77	292	307	5	76	1008	dlec1l
anura-05659_uce-0287	237	76	197	170	199	5	76	879	uce-0287
anura-05149_kiaa1524-ex3	287	86	76	279	129	5	76	857	kiaa1524
anura-05800_eif5-ex2	216	76	104	196	219	5	76	811	eif5
ranoidea-04374_sash1	180	78	76	193	192	5	76	719	sash1
anura-05697_uce-0765	173	76	141	145	154	5	76	689	uce-0765
ranoidea-01351_rnf145-ex5	90	76	138	78	184	5	76	566	rnf145
ranoidea-02223_sirt4-ex2	1440	76	75	1419	1329	5	75	4339	sirt4
anura-00485_sbk1	1106	75	143	1237	1542	5	75	4103	sbk1
anura-05620_zbed4	295	75	121	1033	561	5	75	2085	zbed4
ranoidea-00338_upp2	453	75	126	469	362	5	75	1485	upp2
ranoidea-04349_mtmr12-ex2	276	75	88	509	352	5	75	1300	mtmr12
ranoidea-00888_nat10-ex3	254	75	179	202	361	5	75	1071	nat10
anura-06216_uce-7843	248	75	116	215	224	5	75	878	uce-7843
anura-05844_uce-2816	182	75	91	210	148	5	75	706	uce-2816
anura-05861_uce-3055	75	85	128	98	84	5	75	470	uce-3055
ranoidea-01308_loc100493526	15890	129	74	452	466	5	74	17011	loc100493526
ranoidea-04905_smarcc2	1207	74	272	989	676	5	74	3218	smarcc2
ranoidea-03282_ubxn1-ex1	489	74	111	605	278	5	74	1557	ubxn1
anura-02165_nlgn2	400	74	167	225	272	5	74	1138	nlgn2
ranoidea-00753_arhgap18l	330	92	74	266	367	5	74	1129	arhgap18l
ranoidea-05268_h2afy-ex1	308	74	115	339	282	5	74	1118	h2afy
anura-04390_mettl3-ex2	393	74	163	316	154	5	74	1100	mettl3
anura-03825_hacl1-ex4	319	74	106	282	252	5	74	1033	hacl1
ranoidea-03851_gli2-ex3	192	74	126	254	262	5	74	908	gli2
anura-02321_katnbl1-ex1	287	74	93	158	236	5	74	848	katnbl1
anura-05966_uce-4446	160	74	139	146	183	5	74	702	uce-4446
ranoidea-02197_myo18b-ex4	99	74	146	169	137	5	74	625	myo18b
ranoidea-02821_loc108706470-ex2	74	130	104	129	111	5	74	548	loc108706470
ranoidea-03895_loc100489307-ex4	1338	256	73	989	427	5	73	3083	loc100489307
anura-02513_fermt3-ex3	760	73	280	1111	768	5	73	2992	fermt3
anura-01815_tnrc6a-ex2	854	73	124	735	786	5	73	2572	tnrc6a
anura-01695_trmt1l-ex1	358	73	228	350	403	5	73	1412	trmt1l
anura-05320_anon-3056	261	73	291	287	352	5	73	1264	anon-3056
anura-02121_kiaa1211ls	258	73	139	244	253	5	73	967	kiaa1211ls
ranoidea-04822_anon-2364	155	73	146	311	269	5	73	954	anon-2364
anura-04928_ltbp4-ex1	231	92	73	311	194	5	73	901	ltbp4
ranoidea-05354_trmt13l	269	76	73	192	223	5	73	833	trmt13l
ranoidea-01643_ipo11	114	73	116	228	258	5	73	789	ipo11
ranoidea-02318_pfas-ex7	96	90	73	155	110	5	73	524	pfas
anura-00489_mogat12-ex1	689	72	142	1198	1150	5	72	3251	mogat12
anura-00148_znf609-ex1	558	72	389	801	827	5	72	2647	znf609
anura-01846_telo2-ex3	875	1165	72	181	206	5	72	2499	telo2
anura-00959_loc108716647	659	72	175	579	506	5	72	1991	loc108716647
anura-00266_cant1	584	72	129	470	551	5	72	1806	cant1
anura-02454_fuca2-ex3	439	72	98	562	432	5	72	1603	fuca2
ranoidea-02454_rc3h1	570	72	80	643	236	5	72	1601	rc3h1
anura-03372_tsr3-ex2	504	72	188	492	322	5	72	1578	tsr3
anura-01271_pparg	332	72	169	499	422	5	72	1494	pparg
ranoidea-06156_ercc5-ex3	438	72	114	488	239	5	72	1351	ercc5
anura-02242_usp9x-ex2	205	73	72	361	491	5	72	1202	usp9x
anura-02331_actr6	284	72	124	328	233	5	72	1041	actr6
anura-00715_prr12l	235	72	73	275	216	5	72	871	prr12l
ranoidea-05787_anon-2685	264	72	96	179	182	5	72	793	anon-2685
ranoidea-04014_coq7-ex1	143	72	152	91	181	5	72	639	coq7
anura-05445_rbbp8	84	72	138	95	100	5	72	489	rbbp8
anura-04476_ugt3a2-ex2	5384	122	71	1238	2355	5	71	9170	ugt3a2
anura-01225_crat1-ex3	542	71	212	372	1435	5	71	2632	crat1
anura-04046_mcoln2l-ex1	693	71	240	520	938	5	71	2462	mcoln2l
ranoidea-02360_morc2-ex1	591	85	71	788	739	5	71	2274	morc2
ranoidea-01193_c21orf91	478	79	71	672	812	5	71	2112	c21orf91
ranoidea-06861_nme9-ex1	865	84	71	364	645	5	71	2029	nme9
anura-03667_banp-ex1	236	71	157	570	231	5	71	1265	banp
ranoidea-01421_rln3	276	71	251	327	308	5	71	1233	rln3
ranoidea-02193_kiaa1671	239	71	114	430	367	5	71	1221	kiaa1671
ranoidea-06220_znfx1-ex1	187	71	101	366	281	5	71	1006	znfx1
anura-04057_scfd2-ex1	289	71	99	146	344	5	71	949	scfd2
anura-05839_uce-2781	209	71	135	165	140	5	71	720	uce-2781
anura-00540_xab2-ex4	163	88	71	220	107	5	71	649	xab2
anura-02037_ggcx-ex2	110	71	110	147	195	5	71	633	ggcx
anura-06004_uce-5011	93	71	91	119	140	5	71	514	uce-5011
anura-00556_csrnp1-ex1	501	70	443	501	474	5	70	1989	csrnp1
anura-03750_erbb3-ex2	650	91	70	569	506	5	70	1886	erbb3
ranoidea-07080_fbxo8	470	70	176	618	492	5	70	1826	fbxo8
anura-04023_fasn-ex2	728	207	70	473	279	5	70	1757	fasn
ranoidea-05340_ik	455	94	70	558	450	5	70	1627	ik
anura-01270_tsen2l-ex1	304	70	183	448	484	5	70	1489	tsen2l
anura-00323_c1s-ex2	365	70	93	427	180	5	70	1135	c1s
ranoidea-06107_xrcc6-ex1	275	70	167	290	317	5	70	1119	xrcc6
anura-00881_rnf31-ex1	226	70	88	329	271	5	70	984	rnf31
ranoidea-05059_mtmr4-ex2	259	118	70	231	279	5	70	957	mtmr4
anura-01247_cdh11-ex1	70	111	279	147	168	5	70	775	cdh11
anura-00863_fancm-ex1	112	89	70	228	157	5	70	656	fancm
anura-06160_uce-7053	179	70	109	151	111	5	70	620	uce-7053
anura-01889_rabgap1l-ex2	163	70	89	142	132	5	70	596	rabgap1l
anura-02359_loc108704915	74	104	141	70	162	5	70	551	loc108704915
anura-02304_degs1	123	75	70	126	152	5	70	546	degs1
ranoidea-04080_anon-2121	185	104	76	83	70	5	70	518	anon-2121
anura-05997_uce-4939	70	71	84	97	78	5	70	400	uce-4939
anura-05097_irf2	847	69	75	495	620	5	69	2106	irf2
ranoidea-02328_pou2f1-ex1	890	69	91	406	274	5	69	1730	pou2f1
anura-02091_adgra2	519	69	157	491	454	5	69	1690	adgra2
anura-03815_ankrd9	421	69	189	600	411	5	69	1690	ankrd9
anura-00943_pigg-ex2	541	97	69	365	410	5	69	1482	pigg
anura-02956_parp1-ex3	354	69	99	434	419	5	69	1375	parp1
anura-02916_plxnb1-ex1	204	69	155	367	371	5	69	1166	plxnb1
ranoidea-07342_uce-2051	353	69	72	429	199	5	69	1122	uce-2051
ranoidea-02850_efs-ex2	234	69	146	306	246	5	69	1001	efs
ranoidea-05768_myo16	373	105	203	69	143	5	69	893	myo16
ranoidea-03148_srebf2-ex1	192	69	101	206	232	5	69	800	srebf2
anura-05774_uce-1898	188	69	130	211	175	5	69	773	uce-1898
ranoidea-02270_kiaa0226-ex2	169	69	96	231	174	5	69	739	kiaa0226
anura-05701_uce-0788	113	69	134	169	149	5	69	634	uce-0788
anura-05684_uce-0618	151	70	107	150	69	5	69	547	uce-0618
anura-03631_mettl21a	69	75	83	95	123	5	69	445	mettl21a
ranoidea-07252_vwa9-ex2	4465	68	101	121	133	5	68	4888	vwa9
anura-00893_trafd1	2478	68	247	1135	871	5	68	4799	trafd1
ranoidea-06094_thrap3	913	68	92	1162	1035	5	68	3270	thrap3
anura-04881_twsg1-ex1	982	68	74	556	742	5	68	2422	twsg1
ranoidea-06689_loc101733641	1313	68	82	388	257	5	68	2108	loc101733641
ranoidea-02071_phf14-ex1	502	68	147	490	367	5	68	1574	phf14
anura-06147_vegfa	337	68	209	300	345	5	68	1259	vegfa
anura-03487_ensa	215	68	90	520	337	5	68	1230	ensa
anura-04273_lamb3-ex2	323	68	203	240	327	5	68	1161	lamb3
ranoidea-02840_sec22c	376	68	156	296	242	5	68	1138	sec22c
ranoidea-02007_rgs12l-ex2	327	68	85	269	333	5	68	1082	rgs12l
ranoidea-03620_ankib1-ex1	253	68	113	266	277	5	68	977	ankib1
ranoidea-00586_sqrdl-ex2	189	68	114	178	160	5	68	709	sqrdl
anura-05705_uce-0884	161	68	116	116	93	5	68	554	uce-0884
anura-04406_c3orf38	861	67	180	1048	1083	5	67	3239	c3orf38
ranoidea-00747_ambra1-ex2	977	67	76	776	979	5	67	2875	ambra1
anura-03793_elac1-ex3	707	101	67	812	544	5	67	2231	elac1
anura-04351_dhx34-ex5	377	67	164	410	594	5	67	1612	dhx34
anura-06224_uce-7917	360	67	296	273	201	5	67	1197	uce-7917
ranoidea-06867_olfml3	300	100	67	301	299	5	67	1067	olfml3
ranoidea-03495_shprh	409	67	106	273	194	5	67	1049	shprh
anura-05631_bmp2	233	67	89	236	244	5	67	869	bmp2
anura-01137_tm7sf2-ex2	244	67	97	193	143	5	67	744	tm7sf2
ranoidea-06205_gtf3c5-ex3	219	67	196	173	80	5	67	735	gtf3c5
ranoidea-01476_anon-1306	188	67	80	229	136	5	67	700	anon-1306
anura-06154_uce-6988	197	67	97	175	130	5	67	666	uce-6988
anura-06013_uce-5158	142	67	113	156	180	5	67	658	uce-5158
anura-00321_hus1	149	73	131	67	166	5	67	586	hus1
anura-02469_dennd4c-ex1	67	68	90	113	81	5	67	419	dennd4c
anura-01110_loc100497171	1393	66	218	1726	372	5	66	3775	loc100497171
ranoidea-02200_sart3l-ex1	859	89	66	789	1063	5	66	2866	sart3l
anura-02756_fermt1	732	66	169	1125	601	5	66	2693	fermt1
ranoidea-00037_nt5es	1143	66	93	698	517	5	66	2517	nt5es
ranoidea-04750_notch1-ex2	751	66	93	758	846	5	66	2514	notch1
anura-04004_tp53i3-ex4	864	66	133	490	470	5	66	2023	tp53i3
anura-04149_cul4a-ex2	378	66	403	317	305	5	66	1469	cul4a
ranoidea-05070_ttpal-ex2	410	66	141	448	386	5	66	1451	ttpal
ranoidea-01912_rbbp5	306	66	207	571	239	5	66	1389	rbbp5
ranoidea-04261_rgs4	311	66	74	380	147	5	66	978	rgs4
ranoidea-04131_cpe-ex2	284	66	75	277	267	5	66	969	cpe
anura-00725_fbxo3	268	66	98	236	286	5	66	954	fbxo3
anura-03478_prpf3-ex3	234	66	90	255	299	5	66	944	prpf3
ranoidea-05371_abcb7	233	66	228	136	228	5	66	891	abcb7
anura-05719_uce-1098	66	170	326	152	131	5	66	845	uce-1098
anura-03993_celf5	192	66	70	246	210	5	66	784	celf5
anura-05990_uce-4838	137	66	166	178	147	5	66	694	uce-4838
anura-05912_uce-3752	138	66	105	202	123	5	66	634	uce-3752
anura-04861_cdan1-ex1	131	66	126	136	172	5	66	631	cdan1
ranoidea-05819_dnah11-ex2	179	66	76	164	129	5	66	614	dnah11
ranoidea-03565_klhl17	143	66	97	136	96	5	66	538	klhl17
anura-05693_uce-0726	123	66	87	95	93	5	66	464	uce-0726
ranoidea-01318_arfgef2-ex1	80	66	90	122	76	5	66	434	arfgef2
ranoidea-05685_dyb-1-ex2	717	83	65	681	598	5	65	2144	dyb-1
ranoidea-03124_ipo4-ex6	517	65	67	619	512	5	65	1780	ipo4
anura-04432_cspg4	321	65	218	651	518	5	65	1773	cspg4
ranoidea-04492_abcc1l-ex2	349	65	181	480	432	5	65	1507	abcc1l
anura-01790_pex11g	455	65	103	506	272	5	65	1401	pex11g
ranoidea-04880_loc108699996-ex5	411	65	96	465	346	5	65	1383	loc108699996
anura-05064_ears2-ex2	418	159	65	268	319	5	65	1229	ears2
anura-06120_uce-6553	442	65	112	305	259	5	65	1183	uce-6553
ranoidea-01164_anon-1218	148	92	65	499	364	5	65	1168	anon-1218
ranoidea-04978_ncor1-ex3	259	65	100	273	423	5	65	1120	ncor1
anura-04568_clcn2-ex2	359	65	110	210	368	5	65	1112	clcn2
anura-00745_aspg-ex2	233	65	89	237	292	5	65	916	aspg
anura-02025_adamtsl5-ex1	190	87	65	294	271	5	65	907	adamtsl5
ranoidea-05218_dcaf4-ex1	274	65	70	204	227	5	65	840	dcaf4
anura-02884_she-ex2	282	84	65	126	192	5	65	749	she
ranoidea-05208_zmcm3-ex1	248	65	102	166	122	5	65	703	zmcm3
anura-05884_rcor3	153	65	126	125	155	5	65	624	rcor3
ranoidea-02166_gspt1	162	148	65	126	117	5	65	618	gspt1
ranoidea-03538_igsf3s-ex1	173	112	92	65	102	5	65	544	igsf3s
anura-05773_uce-1892	95	69	65	131	97	5	65	457	uce-1892
anura-01139_znhit2	1795	1445	64	2077	1517	5	64	6898	znhit2
anura-05531_sypl2	690	111	64	763	670	5	64	2298	sypl2
ranoidea-05128_tmem1102	564	64	188	496	504	5	64	1816	tmem1102
anura-02876_loc100487777	457	64	114	639	456	5	64	1730	loc100487777
anura-01459_anon-1431	276	64	165	359	220	5	64	1084	anon-1431
anura-00102_dync2h1-ex13	302	75	64	299	339	5	64	1079	dync2h1
anura-00139_slc35f2-ex1	423	64	165	185	136	5	64	973	slc35f2
anura-01606_use1	377	64	110	221	201	5	64	973	use1
ranoidea-01409_srsf5-ex2	74	64	80	297	269	5	64	784	srsf5
anura-02950_xdh-ex1	297	67	64	209	120	5	64	757	xdh
anura-03843_exoc6b-ex2	221	64	112	187	147	5	64	731	exoc6b
anura-04539_kdm5a-ex2	157	64	133	239	125	5	64	718	kdm5a
anura-05964_uce-4428	144	64	69	226	118	5	64	621	uce-4428
anura-05490_serinc2-ex3	82	64	91	212	114	5	64	563	serinc2
anura-04148_anon-2571	64	96	136	85	88	5	64	469	anon-2571
anura-05295_rtn4rl2	2664	63	214	2545	2224	5	63	7710	rtn4rl2
ranoidea-04007_rbm14-ex1	2004	63	127	1707	1312	5	63	5213	rbm14
ranoidea-05334_aasdh-ex1	1035	63	93	835	775	5	63	2801	aasdh
ranoidea-05149_loc108719977	83	63	67	85	2100	5	63	2398	loc108719977
anura-03309_mblac2	456	63	171	526	766	5	63	1982	mblac2
anura-03218_mpi-ex2	875	63	79	434	500	5	63	1951	mpi
ranoidea-01721_aqr-ex4	567	63	97	620	395	5	63	1742	aqr
anura-01155_mkrn1-ex4	364	63	101	474	442	5	63	1444	mkrn1
anura-04488_prrx2	301	63	160	345	348	5	63	1217	prrx2
anura-04920_lmnb1-ex2	261	63	100	241	376	5	63	1041	lmnb1
ranoidea-06846_nbea-ex1	286	63	77	299	283	5	63	1008	nbea
anura-01578_aldoc-ex2	264	63	133	298	233	5	63	991	aldoc
anura-03835_pola1-ex3	180	63	115	343	265	5	63	966	pola1
anura-02923_ddr2-ex1	354	63	112	211	206	5	63	946	ddr2
ranoidea-04397_pvrl1-ex3	265	63	107	286	214	5	63	935	pvrl1
ranoidea-00475_tomm70a-ex2	287	63	118	180	260	5	63	908	tomm70a
anura-01508_mtg2-ex2	228	63	119	316	162	5	63	888	mtg2
ranoidea-00340_ccdc148-ex2	132	63	94	134	299	5	63	722	ccdc148
anura-06054_cnot2	177	63	89	179	171	5	63	679	cnot2
ranoidea-02457_rasa1-ex2	130	63	110	192	147	5	63	642	rasa1
anura-05477_abcb1-ex1	128	111	63	64	221	5	63	587	abcb1
anura-06003_uce-4993	126	63	113	134	137	5	63	573	uce-4993
anura-01156_slc37a3	976	62	126	968	1000	5	62	3132	slc37a3
ranoidea-05265_iqcdl	1043	62	80	1198	603	5	62	2986	iqcdl
ranoidea-03507_anon-1941	786	62	121	787	985	5	62	2741	anon-1941
anura-03129_thbs4	781	123	62	905	712	5	62	2583	thbs4
ranoidea-03754_depdc7-ex3	1047	62	105	371	249	5	62	1834	depdc7
ranoidea-02795_anon-1702	444	62	256	500	325	5	62	1587	anon-1702
ranoidea-03472_tango6-ex1	378	62	160	445	189	5	62	1234	tango6
anura-03660_allc	241	62	70	328	250	5	62	951	allc
anura-01133_r3hdm4	254	62	126	310	153	5	62	905	r3hdm4
anura-03437_rfx2	275	62	94	148	306	5	62	885	rfx2
ranoidea-00926_kctd18-ex1	207	102	62	177	336	5	62	884	kctd18
ranoidea-07314_uce-0736	197	62	130	172	125	5	62	686	uce-0736
anura-03969_anon-2492	236	62	94	138	122	5	62	652	anon-2492
anura-02691_acads-ex2	161	62	134	99	167	5	62	623	acads
anura-06036_uce-5399	111	62	142	179	112	5	62	606	uce-5399
ranoidea-04209_ulk3-ex2	139	103	73	159	62	5	62	536	ulk3
anura-04999_kiaa1467	1603	61	119	1329	1193	5	61	4305	kiaa1467
ranoidea-05863_loc108713150	739	61	141	914	915	5	61	2770	loc108713150
ranoidea-00436_cdkl2l	834	61	130	694	446	5	61	2165	cdkl2l
anura-04542_trappc9-ex3	557	61	150	420	767	5	61	1955	trappc9
anura-01104_wdr1l	558	61	237	504	561	5	61	1921	wdr1l
anura-01722_mdn1-ex4	386	61	240	340	308	5	61	1335	mdn1
anura-01843_c7orf26	418	61	167	384	292	5	61	1322	c7orf26
anura-06066_uce-5797	323	61	168	247	222	5	61	1021	uce-5797
ranoidea-06325_lap3-ex2	214	61	92	357	201	5	61	925	lap3
anura-03075_nckap1l	287	61	98	179	264	5	61	889	nckap1l
anura-02141_bckdha-ex1	229	61	94	211	234	5	61	829	bckdha
anura-03801_myo5b-ex3	211	90	61	280	118	5	61	760	myo5b
ranoidea-05466_ilvbl-ex3	249	61	106	185	159	5	61	760	ilvbl
anura-05110_ddx41	192	64	61	190	181	5	61	688	ddx41
ranoidea-04791_rnf126	63	61	150	140	130	5	61	544	rnf126
anura-05799_thrb	109	61	75	126	91	5	61	462	thrb
anura-02937_ctgf	68	61	66	145	73	5	61	413	ctgf
ranoidea-04321_pak6	1574	60	123	1249	1262	5	60	4268	pak6
ranoidea-04882_anon-2389	1263	60	175	991	1152	5	60	3641	anon-2389
ranoidea-06403_celsr2	957	60	73	1270	785	5	60	3145	celsr2
anura-04662_sik2-ex2	852	60	130	809	768	5	60	2619	sik2
ranoidea-04611_c15orf26	752	60	112	681	690	5	60	2295	c15orf26
ranoidea-06257_loc100497855	613	69	60	791	544	5	60	2077	loc100497855
anura-00179_il17b-ex1	397	60	60	811	285	5	60	1613	il17b
anura-04647_lrrc42	603	60	97	290	552	5	60	1602	lrrc42
ranoidea-00169_anon-0915	399	60	198	442	245	5	60	1344	anon-0915
ranoidea-05935_anon-2720	215	60	133	409	499	5	60	1316	anon-2720
anura-03705_abcf1	420	110	60	341	352	5	60	1283	abcf1
ranoidea-06890_top3b-ex5	475	60	65	337	338	5	60	1275	top3b
ranoidea-00649_sidt2-ex2	143	60	102	501	407	5	60	1213	sidt2
ranoidea-01426_loc100491113	302	92	60	236	447	5	60	1137	loc100491113
anura-03624_gk5	300	80	60	275	287	5	60	1002	gk5
ranoidea-02722_xetrov90015179mg	213	60	84	340	267	5	60	964	xetrov90015179mg
anura-02946_myo102-ex4	498	60	60	160	162	5	60	940	myo102
anura-05793_uce-2120	230	60	120	256	247	5	60	913	uce-2120
anura-00695_trpc4ap-ex1	235	60	176	202	223	5	60	896	trpc4ap
ranoidea-02551_daam1-ex1	234	60	97	154	240	5	60	785	daam1
ranoidea-03024_cfap69-ex1	246	60	130	195	115	5	60	746	cfap69
ranoidea-01815_acsl4-ex1	216	60	118	131	173	5	60	698	acsl4
anura-06128_uce-6635	165	60	130	151	108	5	60	614	uce-6635
anura-00742_adssl1	143	60	87	155	143	5	60	588	adssl1
ranoidea-06601_rad17-ex3	115	60	90	159	112	5	60	536	rad17
ranoidea-05550_fam83h	1723	59	111	1316	1683	5	59	4892	fam83h
ranoidea-05142_fancf	858	59	101	795	1365	5	59	3178	fancf
anura-04727_neurl2	1401	59	111	939	230	5	59	2740	neurl2
ranoidea-00898_tmem212	552	59	63	499	577	5	59	1750	tmem212
ranoidea-01883_anon-1434	567	59	101	600	353	5	59	1680	anon-1434
anura-02225_dot1l	271	59	211	626	396	5	59	1563	dot1l
anura-02509_b3gat3-ex2	497	59	61	412	466	5	59	1495	b3gat3
ranoidea-01792_pqlc2l	408	59	135	437	341	5	59	1380	pqlc2l
ranoidea-04587_loc100486877-ex2	399	128	59	426	226	5	59	1238	loc100486877
ranoidea-01603_fam69a	495	59	97	420	130	5	59	1201	fam69a
ranoidea-01406_wscd2	309	59	88	344	353	5	59	1153	wscd2
anura-00763_efhb	349	59	135	308	272	5	59	1123	efhb
ranoidea-02539_srsf2-ex1	318	84	59	203	246	5	59	910	srsf2
ranoidea-05914_wdfy1-ex2	174	59	173	242	244	5	59	892	wdfy1
ranoidea-06471_anon-2884	165	59	204	178	228	5	59	834	anon-2884
anura-03902_kiaa0232-ex2	220	70	59	140	221	5	59	710	kiaa0232
ranoidea-05482_flnb	152	59	66	196	143	5	59	616	flnb
anura-01430_dus3l-ex2	133	59	131	142	118	5	59	583	dus3l
anura-06105_uce-6320	128	59	88	166	110	5	59	551	uce-6320
ranoidea-00807_anon-1118	59	118	122	90	119	5	59	508	anon-1118
ranoidea-00129_cttnbp2nl	92	59	124	92	101	5	59	468	cttnbp2nl
ranoidea-00109_reps1	63	59	81	77	164	5	59	444	reps1
ranoidea-07390_uce-7949	85	59	105	68	61	5	59	378	uce-7949
ranoidea-00819_ubap1-ex2	1142	58	196	835	1290	5	58	3521	ubap1
ranoidea-03303_anon-1886	1009	58	283	512	309	5	58	2171	anon-1886
ranoidea-06288_tceb3-ex3	643	58	116	544	500	5	58	1861	tceb3
anura-02099_topbp1-ex11	388	58	91	712	608	5	58	1857	topbp1
ranoidea-02349_anon-1572	486	58	85	524	420	5	58	1573	anon-1572
ranoidea-02113_hlcs-ex1	373	58	158	410	445	5	58	1444	hlcs
ranoidea-07182_herc1-ex19	637	142	454	113	58	5	58	1404	herc1
ranoidea-04982_wasf3	188	58	188	326	310	5	58	1070	wasf3
anura-05269_agpat4	212	58	97	368	297	5	58	1032	agpat4
anura-02679_galns-ex2	285	58	260	244	125	5	58	972	galns
anura-05534_ggnbp2-ex1	231	63	58	207	233	5	58	792	ggnbp2
ranoidea-06145_card9-ex2	225	112	58	150	82	5	58	627	card9
anura-05827_uce-2564	124	90	58	111	138	5	58	521	uce-2564
anura-06005_uce-5013	105	58	101	132	125	5	58	521	uce-5013
anura-05162_slc50a1-ex1	94	60	58	171	128	5	58	511	slc50a1
anura-06205_uce-7725	109	58	105	124	87	5	58	483	uce-7725
ranoidea-05240_reps2	148	70	66	58	100	5	58	442	reps2
ranoidea-07200_pkm-ex3	77	84	68	58	61	5	58	348	pkm
anura-03286_sft2d3s	1009	57	168	668	637	5	57	2539	sft2d3s
anura-03845_haghls	723	100	57	796	837	5	57	2513	haghls
anura-03391_cerkl-ex1	676	57	155	910	619	5	57	2417	cerkl
ranoidea-01904_rps5	922	57	190	118	140	5	57	1427	rps5
ranoidea-02836_loc105946047	271	57	159	442	437	5	57	1366	loc105946047
anura-03123_erbb2ip-ex1	242	57	105	413	432	5	57	1249	erbb2ip
anura-06207_uce-7740	318	57	106	329	309	5	57	1119	uce-7740
anura-01677_actr8s-ex4	373	57	111	314	257	5	57	1112	actr8s
anura-01703_mcm3	344	57	110	285	205	5	57	1001	mcm3
anura-01929_atrl	315	57	93	277	250	5	57	992	atrl
anura-02064_napg-ex1	217	57	148	300	259	5	57	981	napg
anura-02930_wdr13l-ex4	204	66	57	342	280	5	57	949	wdr13l
ranoidea-04269_prodh2l	291	57	151	265	183	5	57	947	prodh2l
anura-04070_anon-2539	191	57	116	253	319	5	57	936	anon-2539
ranoidea-02433_ccdc94-ex2	326	57	125	269	152	5	57	929	ccdc94
anura-03482_cers2l	176	57	155	330	193	5	57	911	cers2l
anura-05036_lancl1-ex1	269	57	75	266	224	5	57	891	lancl1
ranoidea-04322_vps39-ex1	276	57	97	288	164	5	57	882	vps39
ranoidea-00435_cdkl2	200	57	105	303	212	5	57	877	cdkl2
ranoidea-02991_asxl1-ex1	300	109	57	199	191	5	57	856	asxl1
anura-04601_anon-2764	336	57	65	130	212	5	57	800	anon-2764
anura-02610_nup210l	258	57	74	197	145	5	57	731	nup210l
anura-03367_arid2-ex1	169	57	81	304	103	5	57	714	arid2
ranoidea-03665_ednra-ex2	142	80	57	244	189	5	57	712	ednra
anura-04126_cacna1c-ex1	188	57	68	157	226	5	57	696	cacna1c
anura-02126_cdc16	253	57	65	147	142	5	57	664	cdc16
anura-05846_wtap-ex2	147	57	119	138	175	5	57	636	wtap
ranoidea-03069_jup-ex3	169	57	95	190	111	5	57	622	jup
ranoidea-02096_dcdc2b	171	57	77	126	187	5	57	618	dcdc2b
anura-04732_trpm5-ex1	169	57	163	85	128	5	57	602	trpm5
anura-06028_uce-5340	153	57	84	113	148	5	57	555	uce-5340
anura-05965_uce-4438	73	57	115	180	120	5	57	545	uce-4438
anura-05851_ubr5-ex2	128	57	115	103	100	5	57	503	ubr5
anura-00122_fchsd2	129	61	57	80	169	5	57	496	fchsd2
anura-06045_ext1	119	57	99	89	130	5	57	494	ext1
anura-05957_uce-4325	121	72	57	125	97	5	57	472	uce-4325
anura-05840_uce-2782	86	57	70	89	133	5	57	435	uce-2782
ranoidea-00053_ppm1h	931	56	220	970	1034	5	56	3211	ppm1h
anura-04812_serpinb6	456	56	117	458	557	5	56	1644	serpinb6
ranoidea-01700_snx33	426	56	100	559	495	5	56	1636	snx33
anura-03285_atp6ap12	628	62	56	341	468	5	56	1555	atp6ap12
anura-02596_ankrd16-ex1	374	56	200	429	313	5	56	1372	ankrd16
ranoidea-00216_nt5c1a-ex2	344	56	60	357	328	5	56	1145	nt5c1a
ranoidea-07128_atxn7l3	305	60	56	519	156	5	56	1096	atxn7l3
anura-02229_fam208a-ex3	226	56	136	305	324	5	56	1047	fam208a
anura-05057_cog7-ex1	231	56	104	250	272	5	56	913	cog7
ranoidea-06872_mfsd8-ex4	271	56	74	227	269	5	56	897	mfsd8
ranoidea-01052_eefsec-ex2	450	82	189	56	102	5	56	879	eefsec
anura-04146_anon-2570	255	56	57	268	234	5	56	870	anon-2570
anura-02712_crocc-ex4	367	56	164	104	161	5	56	852	crocc
anura-01042_anon-1251	262	56	70	258	161	5	56	807	anon-1251
anura-04155_tmem2-ex2	212	56	137	143	127	5	56	675	tmem2
anura-00125_znf827	163	56	84	172	143	5	56	618	znf827
anura-05918_uce-3813	119	56	124	131	83	5	56	513	uce-3813
anura-02768_mcm8-ex3	102	61	56	112	113	5	56	444	mcm8
anura-02212_fam184a-ex2	99	56	96	90	59	5	56	400	fam184a
anura-06098_uce-6209	67	59	56	71	66	5	56	319	uce-6209
ranoidea-03508_anon-1942	2927	55	145	853	1334	5	55	5314	anon-1942
ranoidea-03608_pygo1	1809	55	171	1200	1183	5	55	4418	pygo1
anura-00752_c21orf2	899	55	159	1283	881	5	55	3277	c21orf2
ranoidea-06740_lhfpl1	765	55	117	1229	837	5	55	3003	lhfpl1
anura-02550_ankrd10	1357	55	170	607	626	5	55	2815	ankrd10
ranoidea-01810_anon-1417	447	55	172	471	357	5	55	1502	anon-1417
ranoidea-04149_mbd6	356	55	69	342	255	5	55	1077	mbd6
ranoidea-01655_serinc1	431	89	55	238	144	5	55	957	serinc1
ranoidea-00106_ccdc28a-ex2	176	55	152	382	152	5	55	917	ccdc28a
anura-04718_nhsl22-ex3	234	55	71	242	167	5	55	769	nhsl22
anura-03135_obscn-ex1	146	55	127	200	153	5	55	681	obscn
ranoidea-04177_ghdc-ex2	55	73	67	99	282	5	55	576	ghdc
ranoidea-05627_pold1-ex1	71	55	114	72	191	5	55	503	pold1
anura-06158_adgrb3-ex3	114	55	105	104	107	5	55	485	adgrb3
ranoidea-04584_asap2-ex1	141	57	120	55	101	5	55	474	asap2
anura-05837_uce-2746	110	55	74	96	123	5	55	458	uce-2746
anura-05052_ptges2	72	98	72	76	55	5	55	373	ptges2
ranoidea-00312_mmp192-ex1	781	102	54	705	882	5	54	2524	mmp192
ranoidea-00155_anon-0912	527	54	185	540	290	5	54	1596	anon-0912
anura-00872_ppm1l	352	54	155	515	508	5	54	1584	ppm1l
anura-03282_oxsm	353	54	133	528	479	5	54	1547	oxsm
anura-02317_hap1-ex2	538	54	98	201	642	5	54	1533	hap1
anura-04255_setd9-ex1	399	63	54	653	310	5	54	1479	setd9
ranoidea-05264_rita1-ex1	379	54	80	518	428	5	54	1459	rita1
ranoidea-01420_rfx1s	77	194	54	96	982	5	54	1403	rfx1s
anura-05375_anon-3073	388	54	79	348	383	5	54	1252	anon-3073
anura-01367_fto-ex2	313	64	54	445	291	5	54	1167	fto
ranoidea-04923_rdm1	278	54	177	242	379	5	54	1130	rdm1
ranoidea-04972_lipg-ex3	247	54	146	302	353	5	54	1102	lipg
ranoidea-06727_kpnb1-ex3	234	54	71	274	390	5	54	1023	kpnb1
anura-01049_loc108717829	332	54	68	372	167	5	54	993	loc108717829
ranoidea-03735_exoc8-ex1	233	54	101	196	379	5	54	963	exoc8
ranoidea-05596_ptpn13	255	54	79	324	188	5	54	900	ptpn13
anura-04774_mfsd2al	265	54	101	336	132	5	54	888	mfsd2al
anura-03524_anon-2296	261	54	119	142	268	5	54	844	anon-2296
anura-04484_polr2dl	121	104	54	243	239	5	54	761	polr2dl
ranoidea-05500_sf3b1	147	54	54	227	269	5	54	751	sf3b1
anura-01955_rce1-ex3	138	54	92	231	154	5	54	669	rce1
anura-06071_uce-5837	142	54	116	207	146	5	54	665	uce-5837
anura-02540_apob-ex3	85	54	108	117	228	5	54	592	apob
anura-06218_uce-7869	145	54	61	150	103	5	54	513	uce-7869
anura-06129_uce-6645	78	54	104	111	112	5	54	459	uce-6645
ranoidea-07297_anon-3127	72	54	65	64	164	5	54	419	anon-3127
anura-00215_evc2-ex3	14760	85	53	832	623	5	53	16353	evc2
anura-00310_osgin1	1552	53	72	1447	1215	5	53	4339	osgin1
anura-02439_anon-1850	1774	163	53	1536	674	5	53	4200	anon-1850
anura-03249_dock11	1235	63	53	704	1021	5	53	3076	dock11
ranoidea-01105_rbm33-ex1	580	58	53	869	893	5	53	2453	rbm33
anura-01351_grhl2	561	53	82	635	638	5	53	1969	grhl2
ranoidea-02055_tdrd7-ex1	624	53	139	510	587	5	53	1913	tdrd7
anura-00982_mettl16-ex2	342	53	128	467	513	5	53	1503	mettl16
anura-01157_fam179b	295	224	53	591	193	5	53	1356	fam179b
ranoidea-06969_tns1-ex1	622	53	66	130	336	5	53	1207	tns1
anura-01517_dido1-ex3	557	107	141	53	136	5	53	994	dido1
anura-01407_tfip11-ex2	278	53	151	169	330	5	53	981	tfip11
ranoidea-03209_ccdc78s-ex1	226	53	67	138	472	5	53	956	ccdc78s
ranoidea-06717_eme2-ex1	321	53	75	242	171	5	53	862	eme2
ranoidea-06122_fgfr2-ex2	170	53	95	220	293	5	53	831	fgfr2
anura-01411_loc108718947	259	53	134	153	161	5	53	760	loc108718947
anura-05056_usp31-ex2	223	53	61	157	161	5	53	655	usp31
anura-01221_c2cd2	187	53	87	158	83	5	53	568	c2cd2
anura-04325_gpr125-ex2	78	55	53	130	164	5	53	480	gpr125
ranoidea-02520_whsc1l1	119	53	82	133	86	5	53	473	whsc1l1
anura-06014_uce-5176	109	53	73	130	99	5	53	464	uce-5176
anura-03760_dnah9-ex2	89	53	62	147	77	5	53	428	dnah9
anura-06049_uce-5562	53	73	169	64	62	5	53	421	uce-5562
ranoidea-05271_slc16a3-ex3	165	72	54	62	53	5	53	406	slc16a3
anura-05437_tmub2	95	68	90	88	53	5	53	394	tmub2
ranoidea-00589_scube1	66	53	137	56	53	5	53	365	scube1
ranoidea-01782_fbxl21-ex2	660	52	159	759	658	5	52	2288	fbxl21
anura-02062_loc108700569	423	62	52	803	620	5	52	1960	loc108700569
ranoidea-04138_shmt2-ex3	559	90	52	710	495	5	52	1906	shmt2
anura-02366_ror2-ex1	446	52	67	592	487	5	52	1644	ror2
anura-00559_slc22a13-ex2	373	52	121	563	471	5	52	1580	slc22a13
ranoidea-01846_arhgef4-ex1	334	52	74	383	157	5	52	1000	arhgef4
anura-04087_cdc14a	291	52	65	261	241	5	52	910	cdc14a
ranoidea-07079_anon-3072	123	52	100	187	268	5	52	730	anon-3072
anura-04465_svil-ex2	52	124	174	135	233	5	52	718	svil
anura-03700_ppp1r10-ex3	233	68	52	223	91	5	52	667	ppp1r10
ranoidea-02395_crebbp-ex5	187	52	97	187	118	5	52	641	crebbp
anura-01169_rabgap1-ex4	164	52	111	165	100	5	52	592	rabgap1
anura-05911_uce-3741	52	66	93	232	145	5	52	588	uce-3741
ranoidea-03710_anon-2008	158	52	91	146	126	5	52	573	anon-2008
anura-05652_uce-0188	109	52	128	124	146	5	52	559	uce-0188
anura-06093_uce-6152	117	52	108	114	142	5	52	533	uce-6152
ranoidea-07363_uce-4434	108	52	73	114	71	5	52	418	uce-4434
anura-01052_grem1	1830	51	213	1796	1637	5	51	5527	grem1
anura-04862_tmem62-ex1	879	51	593	566	1087	5	51	3176	tmem62
ranoidea-01540_anon-1331	624	51	108	999	1063	5	51	2845	anon-1331
anura-05379_bsdc1-ex4	652	91	51	805	686	5	51	2285	bsdc1
ranoidea-01934_smpd1-ex1	1068	51	198	431	508	5	51	2256	smpd1
ranoidea-04453_anon-2248	529	51	88	357	323	5	51	1348	anon-2248
anura-03310_lysmd3	382	51	80	317	274	5	51	1104	lysmd3
anura-02322_maxl	356	51	52	337	233	5	51	1029	maxl
anura-01182_ldlr-ex2	310	51	56	368	156	5	51	941	ldlr
ranoidea-04731_anon-2328	218	51	62	313	275	5	51	919	anon-2328
anura-01871_trerf1l	271	51	82	264	210	5	51	878	trerf1l
ranoidea-02555_prkch	213	51	70	290	242	5	51	866	prkch
anura-02685_cercam-ex4	268	51	67	197	268	5	51	851	cercam
anura-03566_fndc3a-ex8	217	51	96	230	229	5	51	823	fndc3a
ranoidea-05920_man2c1-ex1	169	65	51	225	278	5	51	788	man2c1
anura-00611_qrsl1-ex2	250	51	90	236	148	5	51	775	qrsl1
anura-00711_echdc3	100	51	113	220	273	5	51	757	echdc3
anura-02725_itsn1-ex3	92	75	51	263	264	5	51	745	itsn1
anura-05852_uce-2911	166	51	130	149	146	5	51	642	uce-2911
anura-03046_ulk1-ex1	244	62	65	202	51	5	51	624	ulk1
ranoidea-01448_rab19	205	51	110	133	121	5	51	620	rab19
anura-05979_uce-4654	127	51	109	120	84	5	51	491	uce-4654
anura-05868_uce-3122	102	51	65	118	112	5	51	448	uce-3122
ranoidea-06362_kcnq4	186	51	72	69	61	5	51	439	kcnq4
ranoidea-00286_zhx2-ex1	1735	73	50	1277	1867	5	50	5002	zhx2
ranoidea-06266_tagap	709	165	50	907	508	5	50	2339	tagap
anura-01700_gcn1l1-ex3	669	50	94	589	573	5	50	1975	gcn1l1
ranoidea-00541_scara5	805	50	51	541	434	5	50	1881	scara5
anura-02583_gys1	351	50	91	474	367	5	50	1333	gys1
ranoidea-03865_zbtb9	244	50	64	252	559	5	50	1169	zbtb9
ranoidea-06694_sptan1-ex2	332	50	63	258	231	5	50	934	sptan1
anura-02350_bcas3-ex1	230	50	82	298	141	5	50	801	bcas3
anura-00424_anon-1021	252	50	84	157	168	5	50	711	anon-1021
anura-05871_uce-3144	130	50	167	223	140	5	50	710	uce-3144
ranoidea-07244_tipins	144	104	50	314	89	5	50	701	tipins
anura-06077_uce-5928	193	50	82	150	116	5	50	591	uce-5928
ranoidea-03760_rbp4l	157	66	50	201	112	5	50	586	rbp4l
anura-02049_pum2-ex1	122	50	81	116	175	5	50	544	pum2
ranoidea-04042_ccdc88c-ex1	50	61	132	89	109	5	50	441	ccdc88c
ranoidea-06915_brd7-ex2	92	50	83	106	106	5	50	437	brd7
anura-04852_ap4m1s	59	65	50	59	150	5	50	383	ap4m1s
anura-06174_uce-7266	83	50	63	87	84	5	50	367	uce-7266
ranoidea-01120_sgcg	550	49	153	587	361	5	49	1700	sgcg
ranoidea-06102_clspn-ex2	423	49	104	382	355	5	49	1313	clspn
ranoidea-05244_mfsd2b-ex1	269	49	181	273	271	5	49	1043	mfsd2b
ranoidea-04881_loc108704466-ex3	296	49	152	302	229	5	49	1028	loc108704466
anura-04082_anon-2544	49	79	71	438	389	5	49	1026	anon-2544
ranoidea-02912_mcm9-ex2	239	58	49	370	247	5	49	963	mcm9
anura-02059_fkbpls	267	49	76	227	287	5	49	906	fkbpls
anura-01834_cluap1-ex2	234	49	70	325	227	5	49	905	cluap1
anura-03522_anon-2293	292	49	55	251	257	5	49	904	anon-2293
ranoidea-05689_fech-ex2	143	49	89	465	147	5	49	893	fech
anura-03569_loc108702495	140	49	113	317	271	5	49	890	loc108702495
ranoidea-06690_ankrd13b	252	49	93	197	230	5	49	821	ankrd13b
anura-04250_plce1-ex1	185	49	127	231	203	5	49	795	plce1
anura-00368_kif19-ex3	287	49	78	138	160	5	49	712	kif19
ranoidea-07002_srd5a1-ex3	339	49	108	61	55	5	49	612	srd5a1
anura-06012_uce-5129	161	49	64	162	162	5	49	598	uce-5129
anura-03025_osbpl11	122	49	79	119	124	5	49	493	osbpl11
anura-05224_slc2a13	70	54	49	92	62	5	49	327	slc2a13
anura-04824_rgs3-ex1	873	48	67	667	540	5	48	2195	rgs3
anura-05109_nsd1-ex1	340	48	101	847	841	5	48	2177	nsd1
ranoidea-01173_rsbn1-ex1	405	48	90	669	458	5	48	1670	rsbn1
anura-03119_ptx4	914	48	63	187	161	5	48	1373	ptx4
ranoidea-02894_prr13	376	48	118	220	469	5	48	1231	prr13
ranoidea-04953_scarf1	329	48	95	393	244	5	48	1109	scarf1
ranoidea-06767_pdlim7	376	48	59	294	187	5	48	964	pdlim7
anura-02527_stx5	290	48	48	254	320	5	48	960	stx5
anura-02268_anon-1777	182	48	111	300	277	5	48	918	anon-1777
ranoidea-00327_kdm4b-ex2	187	68	48	206	381	5	48	890	kdm4b
anura-04964_anon-2922	177	48	112	279	253	5	48	869	anon-2922
ranoidea-06928_anon-3026	83	67	48	325	314	5	48	837	anon-3026
ranoidea-03647_anon-1991	132	48	57	285	273	5	48	795	anon-1991
ranoidea-05018_kiaa1109l-ex1	305	48	53	202	177	5	48	785	kiaa1109l
anura-03689_loc100495031-ex2	179	62	48	197	183	5	48	669	loc100495031
ranoidea-07349_eif4a2	116	48	142	218	143	5	48	667	eif4a2
ranoidea-06634_endog-ex2	157	48	140	107	142	5	48	594	endog
ranoidea-01402_aldh9a1	146	48	162	109	81	5	48	546	aldh9a1
ranoidea-04895_casd1	218	64	48	104	79	5	48	513	casd1
anura-05222_pi4ka-ex1	137	48	90	79	120	5	48	474	pi4ka
ranoidea-04490_yae1d1	198	48	80	51	72	5	48	449	yae1d1
ranoidea-03734_dapk1-ex2	105	57	48	133	63	5	48	406	dapk1
anura-00573_apoa5	1381	53	47	987	1680	5	47	4148	apoa5
ranoidea-00574_capn6l-ex3	1157	47	58	1301	698	5	47	3261	capn6l
ranoidea-02057_insr-ex1	708	47	74	646	556	5	47	2031	insr
anura-03457_kif1c-ex1	462	47	145	587	543	5	47	1784	kif1c
anura-04543_phactr1-ex2	421	47	91	568	561	5	47	1688	phactr1
anura-03221_scamp2-ex2	431	47	117	648	319	5	47	1562	scamp2
anura-05514_cnrip1-ex1	690	63	47	237	307	5	47	1344	cnrip1
ranoidea-00940_gulp1	299	47	160	422	405	5	47	1333	gulp1
ranoidea-04901_pan2-ex2	484	47	80	261	349	5	47	1221	pan2
ranoidea-07313_tyr-ex2	306	47	54	455	330	5	47	1192	tyr
ranoidea-04305_ccdc18-ex3	348	47	49	319	385	5	47	1148	ccdc18
anura-04114_tmod2-ex2	341	53	47	398	237	5	47	1076	tmod2
ranoidea-02358_ascc2	406	47	169	223	203	5	47	1048	ascc2
ranoidea-02696_cdh13-ex2	329	47	88	276	288	5	47	1028	cdh13
anura-05358_anon-3066	259	47	135	358	131	5	47	930	anon-3066
ranoidea-01227_anon-1229	144	47	54	205	472	5	47	922	anon-1229
ranoidea-01032_ppip5k2l	346	47	66	325	133	5	47	917	ppip5k2l
ranoidea-01434_anon-1295	210	47	87	254	251	5	47	849	anon-1295
anura-03319_fer-ex1	152	47	122	161	354	5	47	836	fer
anura-04099_baz2a-ex1	234	47	67	299	133	5	47	780	baz2a
ranoidea-06495_srpr-ex1	187	56	47	248	147	5	47	685	srpr
anura-04124_pex26l-ex2	300	94	47	113	82	5	47	636	pex26l
ranoidea-05146_anon-2476	138	47	159	107	170	5	47	621	anon-2476
anura-06102_uce-6249	149	47	165	134	99	5	47	594	uce-6249
anura-00083_anon-0882	236	47	76	87	77	5	47	523	anon-0882
ranoidea-06836_zfyve9	146	47	59	148	117	5	47	517	zfyve9
anura-01479_speg-ex3	112	47	94	48	75	5	47	376	speg
anura-06185_uce-7489	72	47	60	99	64	5	47	342	uce-7489
anura-00091_anon-0888	56	47	63	67	54	5	47	287	anon-0888
ranoidea-04689_erap1-ex4	1507	80	46	1023	1199	5	46	3855	erap1
anura-02072_plcg2	865	46	178	590	583	5	46	2262	plcg2
ranoidea-04637_mgal	901	46	64	251	768	5	46	2030	mgal
ranoidea-03076_loc108717912	580	46	124	575	684	5	46	2009	loc108717912
ranoidea-06307_loc100485004	75	46	121	924	829	5	46	1995	loc100485004
ranoidea-01033_znf106-ex1	355	46	88	804	343	5	46	1636	znf106
anura-02149_rassf7-ex3	696	83	46	86	699	5	46	1610	rassf7
anura-03485_ctsk-ex1	349	57	46	565	421	5	46	1438	ctsk
ranoidea-06337_lss-ex2	401	46	148	313	492	5	46	1400	lss
anura-01522_cdh4-ex1	414	46	105	341	247	5	46	1153	cdh4
ranoidea-03463_taf3-ex1	91	98	46	318	241	5	46	794	taf3
anura-02777_krit1-ex2	133	46	101	388	101	5	46	769	krit1
ranoidea-00151_acbd5	248	46	50	179	227	5	46	750	acbd5
anura-04338_sec24d1-ex3	294	46	107	167	100	5	46	714	sec24d1
ranoidea-04929_anon-2406	192	46	66	255	126	5	46	685	anon-2406
ranoidea-05540_snrpa	68	46	100	221	207	5	46	642	snrpa
anura-04850_cops6-ex2	133	68	46	193	179	5	46	619	cops6
ranoidea-00239_anon-0934	165	46	77	166	165	5	46	619	anon-0934
ranoidea-00227_slc29a3-ex2	46	65	66	196	192	5	46	565	slc29a3
ranoidea-03234_chrnb1l	65	83	109	240	46	5	46	543	chrnb1l
anura-05648_uce-0146	84	46	119	192	101	5	46	542	uce-0146
anura-05710_uce-0950	124	46	86	162	109	5	46	527	uce-0950
ranoidea-07350_uce-2811	102	46	118	94	72	5	46	432	uce-2811
anura-00845_anon-1187	101	46	56	70	54	5	46	327	anon-1187
ranoidea-00954_anon-1166	1150	45	49	531	185	5	45	1960	anon-1166
anura-03037_atxn2-ex2	710	45	137	694	285	5	45	1871	atxn2
ranoidea-01737_klf10	555	45	52	506	556	5	45	1714	klf10
ranoidea-02404_rnps1-ex3	273	45	93	726	567	5	45	1704	rnps1
ranoidea-04919_scn4a	535	45	257	113	457	5	45	1407	scn4a
ranoidea-00300_loc100498039-ex1	405	45	86	476	320	5	45	1332	loc100498039
anura-05206_sec24d2	309	45	47	370	394	5	45	1165	sec24d2
ranoidea-02216_nbr1-ex2	322	45	111	343	277	5	45	1098	nbr1
ranoidea-00644_exogl-ex2	351	45	65	398	187	5	45	1046	exogl
anura-00204_ubiad1-ex1	257	45	74	261	312	5	45	949	ubiad1
anura-02917_dusp9	666	62	79	87	45	5	45	939	dusp9
anura-05632_ntf3	307	45	51	239	286	5	45	928	ntf3
ranoidea-06228_eml6	223	54	45	305	198	5	45	825	eml6
anura-05296_rap1gds1-ex1	217	45	150	105	230	5	45	747	rap1gds1
ranoidea-03301_prdx2-ex1	214	45	133	154	198	5	45	744	prdx2
ranoidea-03902_ttc5-ex3	227	45	182	172	109	5	45	735	ttc5
anura-03134_aoc1-ex2	355	49	78	45	134	5	45	661	aoc1
anura-05926_uce-3925	163	45	97	152	166	5	45	623	uce-3925
ranoidea-03683_pi4k2a-ex1	200	52	45	212	104	5	45	613	pi4k2a
anura-01203_cep89	45	74	54	169	230	5	45	572	cep89
anura-01254_snap47	172	45	61	152	136	5	45	566	snap47
ranoidea-01275_strn3-ex1	145	45	58	95	140	5	45	483	strn3
ranoidea-05543_mybl2-ex2	113	45	71	153	65	5	45	447	mybl2
anura-05885_uce-3345	76	45	55	103	71	5	45	350	uce-3345
ranoidea-01739_dpys	45	49	66	54	119	5	45	333	dpys
anura-06096_uce-6187	81	45	72	51	55	5	45	304	uce-6187
anura-03879_snx25-ex2	1357	44	179	953	1754	5	44	4287	snx25
anura-00981_cluh-ex5	887	44	169	804	582	5	44	2486	cluh
ranoidea-05439_creld1	740	44	155	532	546	5	44	2017	creld1
anura-01308_cyp11a1s-ex1	653	44	131	222	670	5	44	1720	cyp11a1s
ranoidea-05950_anon-2724	357	44	142	560	486	5	44	1589	anon-2724
ranoidea-03594_mkksl	357	44	58	716	286	5	44	1461	mkksl
anura-02698_specc1l	461	44	67	401	411	5	44	1384	specc1l
ranoidea-03982_sav1	423	44	98	324	464	5	44	1353	sav1
ranoidea-07065_anon-3067	324	85	44	59	837	5	44	1349	anon-3067
ranoidea-04398_oaf-ex1	324	44	230	352	318	5	44	1268	oaf
ranoidea-00021_mccc1-ex1	444	59	44	342	316	5	44	1205	mccc1
anura-02688_hnf1a	488	44	141	272	259	5	44	1204	hnf1a
anura-00651_trim16-ex1	261	44	84	350	294	5	44	1033	trim16
ranoidea-06521_dclre1c	174	44	85	358	354	5	44	1015	dclre1c
anura-01711_slco2a1s	263	44	77	395	219	5	44	998	slco2a1s
ranoidea-06384_rbfox2	301	44	62	204	260	5	44	871	rbfox2
anura-00146_gdap1-ex2	308	44	57	234	199	5	44	842	gdap1
anura-03621_anon-2326	349	44	129	173	63	5	44	758	anon-2326
anura-05143_melk-ex1	184	44	48	262	184	5	44	722	melk
ranoidea-05165_myo15b-ex2	272	44	71	63	259	5	44	709	myo15b
ranoidea-01450_prpf391s-ex1	124	44	118	191	161	5	44	638	prpf391s
ranoidea-04778_arsk-ex1	181	44	83	122	185	5	44	615	arsk
anura-06202_loc108697493	128	44	130	162	111	5	44	575	loc108697493
anura-05766_uce-1775	164	111	137	105	44	5	44	561	uce-1775
anura-00457_immt-ex2	112	44	118	99	136	5	44	509	immt
ranoidea-07385_uce-7472	121	44	62	146	127	5	44	500	uce-7472
anura-05784_uce-1983	152	44	63	126	101	5	44	486	uce-1983
anura-03946_gga3-ex1	211	44	54	45	81	5	44	435	gga3
anura-05423_loc100491437	137	44	47	46	49	5	44	323	loc100491437
anura-05989_uce-4830	88	47	44	50	70	5	44	299	uce-4830
anura-03498_c6orf120	1053	62	43	737	470	5	43	2365	c6orf120
anura-04582_loc101732849	660	43	164	484	668	5	43	2019	loc101732849
ranoidea-05799_anon-2691	581	43	238	533	623	5	43	2018	anon-2691
anura-02241_bcor	1168	43	59	410	147	5	43	1827	bcor
ranoidea-03673_lsg1-ex1	500	43	176	385	695	5	43	1799	lsg1
anura-00209_anon-0930	758	43	135	670	179	5	43	1785	anon-0930
anura-04749_efl1-ex3	312	43	92	731	536	5	43	1714	efl1
ranoidea-04022_cxorf57l	555	43	122	432	522	5	43	1674	cxorf57l
ranoidea-00289_epn3	382	43	57	539	397	5	43	1418	epn3
ranoidea-04723_loc100497531	328	45	43	496	502	5	43	1414	loc100497531
anura-00914_carf-ex2	382	43	63	442	427	5	43	1357	carf
anura-02010_ncapg2-ex2	410	71	43	545	217	5	43	1286	ncapg2
ranoidea-04530_ccdc112	317	43	96	263	461	5	43	1180	ccdc112
ranoidea-03228_cep192-ex2	347	70	43	380	332	5	43	1172	cep192
anura-02019_psme4-ex2	258	43	92	461	291	5	43	1145	psme4
ranoidea-06400_plekha6-ex2	312	43	164	425	178	5	43	1122	plekha6
anura-06173_uce-7257	304	43	267	290	178	5	43	1082	uce-7257
anura-04470_rad1-ex4	296	87	43	295	265	5	43	986	rad1
ranoidea-05806_entpd4-ex1	250	43	49	250	244	5	43	836	entpd4
ranoidea-03646_anon-1990	247	43	69	231	180	5	43	770	anon-1990
ranoidea-06900_dll4	106	43	96	243	238	5	43	726	dll4
ranoidea-05973_ipo7-ex4	172	43	85	184	224	5	43	708	ipo7
anura-02219_gopc-ex1	145	43	59	288	100	5	43	635	gopc
ranoidea-03450_slc35a5	227	43	55	72	198	5	43	595	slc35a5
ranoidea-05748_sema6a-ex2	148	43	84	168	91	5	43	534	sema6a
anura-03196_anon-2147	59	43	44	180	207	5	43	533	anon-2147
ranoidea-03561_slc2a5-ex3	227	43	102	50	87	5	43	509	slc2a5
ranoidea-00985_top3a-ex5	103	43	78	92	123	5	43	439	top3a
anura-01810_arhgap17-ex1	65	43	59	87	111	5	43	365	arhgap17
anura-06175_uce-7340	73	43	46	111	73	5	43	346	uce-7340
anura-00955_mcm4-ex2	75	43	46	58	92	5	43	314	mcm4
anura-05713_uce-1021	70	43	57	71	67	5	43	308	uce-1021
anura-01074_zfand4	942	42	80	2621	1085	5	42	4770	zfand4
ranoidea-06335_anon-2833	1323	42	78	1041	1559	5	42	4043	anon-2833
ranoidea-03605_numa1-ex3	802	43	42	1329	807	5	42	3023	numa1
ranoidea-00892_slc2a2	497	118	42	461	626	5	42	1744	slc2a2
ranoidea-04370_ppara-ex2	512	42	128	531	409	5	42	1622	ppara
ranoidea-04614_cemip-ex3	409	42	76	513	301	5	42	1341	cemip
ranoidea-02611_ccdc97	205	42	142	570	314	5	42	1273	ccdc97
ranoidea-04021_il1rapl2	304	70	42	295	342	5	42	1053	il1rapl2
ranoidea-02397_adcy9l	246	65	201	416	42	5	42	970	adcy9l
anura-04404_msh2-ex5	238	42	62	310	313	5	42	965	msh2
anura-03409_tmem170a	317	42	118	232	172	5	42	881	tmem170a
anura-04175_txndc11	306	42	77	191	168	5	42	784	txndc11
anura-03270_znf335-ex4	307	71	125	231	42	5	42	776	znf335
ranoidea-04828_fh-ex2	244	54	42	143	171	5	42	654	fh
anura-00547_ubash3b-ex1	171	47	42	179	174	5	42	613	ubash3b
anura-03870_kansl1-ex1	122	42	75	169	170	5	42	578	kansl1
ranoidea-06560_egln3	132	42	52	113	189	5	42	528	egln3
anura-05993_uce-4856	91	42	56	63	63	5	42	315	uce-4856
anura-01667_mrps25	60	88	42	70	54	5	42	314	mrps25
anura-01610_papln-ex2	1661	41	46	1575	1885	5	41	5208	papln
anura-01290_anon-1371	1451	43	41	1681	1399	5	41	4615	anon-1371
ranoidea-01663_klhl23	89	41	65	145	1341	5	41	1681	klhl23
ranoidea-06202_cel1-ex2	481	41	72	446	394	5	41	1434	cel1
anura-02362_anon-1822	426	41	51	368	504	5	41	1390	anon-1822
ranoidea-00133_loc108709037	361	41	77	219	317	5	41	1015	loc108709037
anura-03662_ttc37-ex1	313	41	73	239	277	5	41	943	ttc37
anura-04731_ccdc88a	283	41	45	160	243	5	41	772	ccdc88a
anura-03318_loc108714951	141	52	41	170	282	5	41	686	loc108714951
ranoidea-02802_atp13a1-ex9	165	41	144	114	212	5	41	676	atp13a1
anura-04416_haus3	323	41	58	100	144	5	41	666	haus3
anura-01113_nr4a1-ex2	161	41	46	251	129	5	41	628	nr4a1
ranoidea-06043_eif2b5-ex1	133	41	71	155	226	5	41	626	eif2b5
anura-03859_nelfcdl	373	41	45	93	54	5	41	606	nelfcdl
ranoidea-05479_mbtps2l-ex1	158	41	158	145	98	5	41	600	mbtps2l
anura-03072_dync1h1-ex3	161	41	70	218	96	5	41	586	dync1h1
anura-05743_uce-1410	131	41	99	126	149	5	41	546	uce-1410
anura-05946_ptprd-ex2	118	41	111	154	98	5	41	522	ptprd
anura-06118_uce-6538	98	41	79	175	125	5	41	518	uce-6538
anura-04034_mcm62-ex4	182	46	103	41	131	5	41	503	mcm62
ranoidea-02207_alox5	171	41	52	140	85	5	41	489	alox5
ranoidea-02080_tnks2-ex1	41	112	88	101	97	5	41	439	tnks2
ranoidea-00331_anon-0973	112	41	59	112	108	5	41	432	anon-0973
anura-06079_uce-5980	104	41	66	87	78	5	41	376	uce-5980
anura-05797_uce-2176	82	45	41	94	87	5	41	349	uce-2176
ranoidea-01932_anon-1446	49	41	96	85	49	5	41	320	anon-1446
anura-05845_uce-2830	90	41	57	64	60	5	41	312	uce-2830
anura-05708_uce-0931	67	41	41	45	45	5	41	239	uce-0931
ranoidea-00172_grik4	968	40	292	519	762	5	40	2581	grik4
anura-00931_ncor2-ex2	827	40	118	1041	527	5	40	2553	ncor2
anura-04253_ankrd55	973	50	40	553	348	5	40	1964	ankrd55
ranoidea-05599_shroom3	568	40	54	419	551	5	40	1632	shroom3
anura-01857_angel2-ex1	615	40	90	400	389	5	40	1534	angel2
anura-03043_loc100145162-ex3	359	44	40	549	518	5	40	1510	loc100145162
anura-01800_inpp5j-ex1	413	40	60	436	521	5	40	1470	inpp5j
anura-03306_arhgap29-ex1	345	40	45	374	473	5	40	1277	arhgap29
ranoidea-01163_anapc5-ex1	514	40	168	207	291	5	40	1220	anapc5
anura-04028_aspscr1	323	40	146	289	271	5	40	1069	aspscr1
anura-00300_wdsub1-ex2	265	77	40	190	378	5	40	950	wdsub1
anura-00953_unc45a-ex2	347	40	94	236	159	5	40	876	unc45a
ranoidea-04599_c2cd5-ex1	200	40	78	130	369	5	40	817	c2cd5
anura-00187_enpp3-ex3	202	40	70	233	147	5	40	692	enpp3
ranoidea-03671_atp13a3-ex3	187	40	83	196	116	5	40	622	atp13a3
ranoidea-02093_kpna7-ex2	198	40	74	188	95	5	40	595	kpna7
anura-00216_anon-0935	181	40	70	124	109	5	40	524	anon-0935
anura-05721_uce-1120	119	40	89	115	125	5	40	488	uce-1120
anura-05764_uce-1683	113	40	98	135	96	5	40	482	uce-1683
ranoidea-01716_aadac-ex1	40	47	135	158	82	5	40	462	aadac
anura-00423_psmc4	119	43	40	181	73	5	40	456	psmc4
anura-05245_eif2ak3-ex3	95	40	77	80	150	5	40	442	eif2ak3
ranoidea-02502_thul16	133	40	51	105	111	5	40	440	thul16
anura-03810_ulk4	82	46	59	155	40	5	40	382	ulk4
anura-02607_loc101732439-ex1	153	40	45	86	51	5	40	375	loc101732439
anura-03190_rhpn1-ex1	116	40	52	58	79	5	40	345	rhpn1
anura-04780_atf1-ex1	88	74	40	42	65	5	40	309	atf1
ranoidea-01552_slc7a10	73	40	41	90	64	5	40	308	slc7a10
ranoidea-01694_loc108710285	2654	39	109	2313	2184	5	39	7299	loc108710285
ranoidea-01378_prmt9-ex3	1145	39	49	1170	834	5	39	3237	prmt9
ranoidea-01886_loc108710892	1003	39	146	789	840	5	39	2817	loc108710892
ranoidea-05539_anon-2611	913	123	39	960	720	5	39	2755	anon-2611
anura-01336_tapt1-ex2	873	53	39	531	810	5	39	2306	tapt1
ranoidea-05975_loc108710748	788	39	84	660	689	5	39	2260	loc108710748
ranoidea-03271_ahi1-ex2	507	39	119	429	470	5	39	1564	ahi1
ranoidea-01183_scarf2	436	39	80	480	409	5	39	1444	scarf2
ranoidea-06519_dmtf1-ex2	605	39	45	493	258	5	39	1440	dmtf1
ranoidea-02877_ncoa6-ex3	175	39	135	910	125	5	39	1384	ncoa6
anura-03627_rasa2-ex2	311	39	94	375	437	5	39	1256	rasa2
anura-02677_acsf3-ex1	413	54	39	329	420	5	39	1255	acsf3
ranoidea-00924_rcan3	471	39	46	256	262	5	39	1074	rcan3
anura-01959_whsc1l1l-ex3	359	39	75	359	161	5	39	993	whsc1l1l
anura-04187_hccs	253	39	49	395	233	5	39	969	hccs
anura-05987_uce-4828	256	39	138	231	171	5	39	835	uce-4828
anura-02420_nup188-ex2	182	39	44	210	350	5	39	825	nup188
anura-02285_anon-1787	278	39	40	275	178	5	39	810	anon-1787
ranoidea-03713_exosc4-ex1	506	39	62	127	62	5	39	796	exosc4
ranoidea-05552_pkp3	39	49	94	234	262	5	39	678	pkp3
ranoidea-06264_anon-2813	218	39	47	113	228	5	39	645	anon-2813
anura-01207_nprl3-ex3	199	39	71	231	82	5	39	622	nprl3
anura-01376_ophn1	126	39	54	260	127	5	39	606	ophn1
anura-02397_anon-1835	201	44	39	163	130	5	39	577	anon-1835
ranoidea-02105_bhmt-ex2	157	39	72	212	94	5	39	574	bhmt
anura-00643_bzw2-ex2	166	39	85	188	94	5	39	572	bzw2
ranoidea-00890_tnik	122	39	74	138	178	5	39	551	tnik
ranoidea-01363_uhrf1bp1l	118	39	44	133	184	5	39	518	uhrf1bp1l
ranoidea-01471_loc101731716	121	39	46	103	192	5	39	501	loc101731716
anura-01529_cpz	122	43	39	144	145	5	39	493	cpz
ranoidea-06460_pnisr	211	39	41	91	83	5	39	465	pnisr
anura-02668_kin	124	51	136	39	61	5	39	411	kin
anura-05922_uce-3894	99	39	65	81	101	5	39	385	uce-3894
ranoidea-07366_uce-4792	63	39	76	67	89	5	39	334	uce-4792
anura-05970_uce-4532	65	39	67	91	71	5	39	333	uce-4532
anura-02887_fbp2-ex2	67	39	60	89	63	5	39	318	fbp2
ranoidea-07059_dync1li2-ex3	65	60	64	49	39	5	39	277	dync1li2
anura-05753_uce-1485	43	61	66	61	39	5	39	270	uce-1485
anura-05440_clec11a	1176	38	76	1128	1028	5	38	3446	clec11a
anura-04098_anon-2552	447	38	109	643	349	5	38	1586	anon-2552
anura-03243_nfkb1-ex1	370	39	38	330	300	5	38	1077	nfkb1
anura-02477_klhl12	618	38	78	248	70	5	38	1052	klhl12
anura-04829_stk19-ex2	244	38	84	330	218	5	38	914	stk19
ranoidea-05585_sh3bp5	267	44	38	299	233	5	38	881	sh3bp5
anura-04398_prepl	204	38	88	257	246	5	38	833	prepl
anura-04674_mgc75760-ex1	364	38	61	135	231	5	38	829	mgc75760
ranoidea-06024_p4ha2-ex1	272	38	59	258	188	5	38	815	p4ha2
ranoidea-06208_cdk1	307	51	38	196	216	5	38	808	cdk1
anura-05289_trak2-ex3	217	38	49	287	176	5	38	767	trak2
anura-00476_gtf2ird1-ex2	150	45	38	240	192	5	38	665	gtf2ird1
ranoidea-02468_tnip1l	152	38	42	201	223	5	38	656	tnip1l
anura-01874_anon-1594	52	38	79	369	96	5	38	634	anon-1594
ranoidea-03360_elf2	151	74	109	139	38	5	38	511	elf2
anura-01645_atp5o-ex3	57	79	60	183	38	5	38	417	atp5o
anura-05961_uce-4384	82	38	56	121	110	5	38	407	uce-4384
anura-01034_zmynd11	38	39	49	168	106	5	38	400	zmynd11
anura-05988_uce-4829	76	38	103	90	48	5	38	355	uce-4829
anura-03827_prrg1-ex2	968	101	37	1497	1341	5	37	3944	prrg1
anura-00553_mgc89248-ex1	841	37	79	583	844	5	37	2384	mgc89248
ranoidea-06729_igf2r-ex1	929	41	37	426	473	5	37	1906	igf2r
anura-05198_larp1b-ex2	509	37	54	490	366	5	37	1456	larp1b
ranoidea-05484_abhd6l	515	46	37	418	332	5	37	1348	abhd6l
anura-01528_uap1-ex2	335	37	37	479	344	5	37	1232	uap1
anura-05439_ngfr-ex4	245	37	51	396	493	5	37	1222	ngfr
anura-01918_slc35a32	350	37	108	426	264	5	37	1185	slc35a32
anura-04069_fryl-ex2	294	37	51	370	316	5	37	1068	fryl
anura-02137_hunk	244	37	94	612	79	5	37	1066	hunk
anura-04758_casp7	374	37	60	272	321	5	37	1064	casp7
ranoidea-01620_ppfia1	366	37	43	286	199	5	37	931	ppfia1
anura-00613_pdss2s	298	37	60	266	128	5	37	789	pdss2s
ranoidea-03243_kdm5b-ex2	307	37	122	124	178	5	37	768	kdm5b
ranoidea-02823_loc101733172	173	37	99	306	139	5	37	754	loc101733172
anura-00437_taf2-ex2	76	37	43	300	245	5	37	701	taf2
ranoidea-05350_dph5-ex2	173	37	65	169	220	5	37	664	dph5
ranoidea-07317_cachd1-ex4	208	37	88	176	136	5	37	645	cachd1
anura-04967_ftmt-ex2	334	81	103	74	37	5	37	629	ftmt
ranoidea-02142_yeats2-ex4	128	37	103	177	144	5	37	589	yeats2
ranoidea-01143_vps33a	189	37	82	76	147	5	37	531	vps33a
ranoidea-03420_adgrg6	91	37	110	156	136	5	37	530	adgrg6
ranoidea-04727_dsp-ex1	119	37	56	183	111	5	37	506	dsp
anura-06007_uce-5076	170	37	67	112	101	5	37	487	uce-5076
anura-03456_atp5f1-ex1	148	37	57	118	53	5	37	413	atp5f1
anura-06136_uce-6782	113	69	37	71	118	5	37	408	uce-6782
ranoidea-04275_taok2	98	37	59	107	81	5	37	382	taok2
anura-05487_smpdl3b-ex2	70	37	71	101	85	5	37	364	smpdl3b
anura-02571_irf5-ex2	169	37	42	46	60	5	37	354	irf5
ranoidea-01755_cbwd2	77	37	49	101	42	5	37	306	cbwd2
anura-01514_cables2-ex2	39	37	54	43	85	5	37	258	cables2
ranoidea-03606_znf280d	1741	36	118	1682	1548	5	36	5125	znf280d
anura-01885_cenpl-ex1	1101	36	45	1463	1864	5	36	4509	cenpl
anura-03329_hdhd3	1158	46	36	770	2239	5	36	4249	hdhd3
ranoidea-00380_anon-0992	2004	87	36	623	959	5	36	3709	anon-0992
anura-02240_urb2	845	36	181	744	751	5	36	2557	urb2
ranoidea-04704_anon-2320	804	36	76	751	337	5	36	2004	anon-2320
ranoidea-00353_anon-0982	1053	36	42	224	559	5	36	1914	anon-0982
anura-01910_fat2-ex2	540	37	36	520	469	5	36	1602	fat2
anura-01033_idi1	181	36	52	1104	94	5	36	1467	idi1
anura-01933_xrn1-ex1	482	36	49	504	321	5	36	1392	xrn1
anura-03045_pus1	553	37	36	450	197	5	36	1273	pus1
ranoidea-00185_kansl2-ex2	313	63	36	430	354	5	36	1196	kansl2
anura-05795_uce-2163	414	36	67	387	278	5	36	1182	uce-2163
ranoidea-02675_tnxb-ex1	325	36	77	399	345	5	36	1182	tnxb
anura-03377_tecpr1-ex1	459	38	36	229	356	5	36	1118	tecpr1
anura-00491_cyp17a1-ex1	320	62	100	36	561	5	36	1079	cyp17a1
ranoidea-01528_smarca4	520	72	36	235	195	5	36	1058	smarca4
anura-02004_loc108647845-ex1	351	36	129	152	348	5	36	1016	loc108647845
anura-05018_mpst-ex1	164	42	36	217	530	5	36	989	mpst
anura-05205_ankrd17	373	36	56	248	243	5	36	956	ankrd17
ranoidea-07159_slc36a4-ex3	213	139	338	118	36	5	36	844	slc36a4
anura-04415_entpd4s	130	36	39	299	323	5	36	827	entpd4s
anura-02738_isyna1	258	49	36	179	263	5	36	785	isyna1
ranoidea-02170_cacna1dl	349	47	36	180	97	5	36	709	cacna1dl
anura-02158_tyw1	265	44	36	207	140	5	36	692	tyw1
anura-04364_sppl2b	158	36	45	238	172	5	36	649	sppl2b
anura-01432_mtus1-ex2	163	38	36	189	215	5	36	641	mtus1
anura-04129_mettl1-ex2	209	48	36	209	132	5	36	634	mettl1
ranoidea-01885_mbnl2	115	36	67	106	186	5	36	510	mbnl2
ranoidea-02446_znf407	98	36	61	80	101	5	36	376	znf407
ranoidea-04908_evi5l-ex5	112	36	38	53	115	5	36	354	evi5l
anura-05241_anon-3022	73	36	38	111	90	5	36	348	anon-3022
ranoidea-00818_loc101731767	115	36	51	55	82	5	36	339	loc101731767
ranoidea-06989_rap1gds1s	89	36	75	84	38	5	36	322	rap1gds1s
anura-04921_megf10	61	39	48	74	36	5	36	258	megf10
anura-06032_glcci1-ex2	52	36	71	53	40	5	36	252	glcci1
anura-04269_prmt6	619	35	96	846	1409	5	35	3005	prmt6
anura-01217_slc12a4l	874	50	35	828	786	5	35	2573	slc12a4l
ranoidea-04709_ddo-ex4	586	71	35	352	449	5	35	1493	ddo
anura-04524_ddx11-ex2	353	38	35	399	537	5	35	1362	ddx11
anura-05069_loc100494818-ex4	393	35	59	404	351	5	35	1242	loc100494818
ranoidea-02190_git2-ex2	380	36	35	230	410	5	35	1091	git2
ranoidea-04628_rhcg-ex1	262	35	60	287	299	5	35	943	rhcg
anura-01679_anon-1515	380	35	45	225	148	5	35	833	anon-1515
ranoidea-05735_diaph2-ex3	167	35	83	295	196	5	35	776	diaph2
ranoidea-02132_ccdc43-ex2	207	61	35	237	231	5	35	771	ccdc43
ranoidea-04127_stard3nl	174	35	84	191	243	5	35	727	stard3nl
anura-03673_bsg-ex2	280	35	54	196	119	5	35	684	bsg
ranoidea-06159_fbln1l-ex1	204	45	35	155	215	5	35	654	fbln1l
anura-06030_ap3b1	190	35	76	185	160	5	35	646	ap3b1
anura-06222_uce-7906	164	35	119	142	151	5	35	611	uce-7906
ranoidea-01535_anon-1328	228	35	69	141	128	5	35	601	anon-1328
ranoidea-04361_yars2l	105	86	35	164	101	5	35	491	yars2l
anura-05395_nsdhl-ex1	75	35	121	148	96	5	35	475	nsdhl
ranoidea-01998_ablim2	171	35	50	109	79	5	35	444	ablim2
anura-02399_entpd8-ex1	116	35	139	44	101	5	35	435	entpd8
anura-03697_dhx16-ex3	125	35	51	99	125	5	35	435	dhx16
anura-02961_tapbp-ex1	101	49	100	35	51	5	35	336	tapbp
anura-00138_krt8	78	35	49	89	81	5	35	332	krt8
ranoidea-03922_fcho2-ex1	74	35	57	66	39	5	35	271	fcho2
anura-03098_golga5-ex4	57	40	68	62	35	5	35	262	golga5
anura-05582_grm2	1936	40	34	1451	1863	5	34	5324	grm2
ranoidea-04211_anon-2158	1538	45	34	1208	1222	5	34	4047	anon-2158
ranoidea-01774_gtf3c1-ex1	640	34	72	915	666	5	34	2327	gtf3c1
anura-04217_fbxl15	719	34	34	876	353	5	34	2016	fbxl15
ranoidea-04315_atrx	341	34	36	405	442	5	34	1258	atrx
ranoidea-00016_anon-0865	284	52	34	247	575	5	34	1192	anon-0865
ranoidea-01897_kcnmb3	354	46	34	429	293	5	34	1156	kcnmb3
anura-00154_bend5	280	47	34	360	373	5	34	1094	bend5
ranoidea-06934_anapc4-ex1	342	34	54	411	237	5	34	1078	anapc4
anura-03586_rab3gap2-ex3	333	34	98	196	139	5	34	800	rab3gap2
ranoidea-02899_arhgap20	145	34	91	270	256	5	34	796	arhgap20
ranoidea-04126_rnls	213	34	75	252	204	5	34	778	rnls
anura-01349_mphosph8	317	42	34	197	175	5	34	765	mphosph8
anura-01399_spon2-ex1	184	34	57	257	202	5	34	734	spon2
anura-03807_cwc22	293	34	111	161	117	5	34	716	cwc22
ranoidea-02184_ube3b	298	34	38	227	117	5	34	714	ube3b
ranoidea-07070_spire2-ex1	192	34	99	197	159	5	34	681	spire2
ranoidea-05706_loc100487902-ex1	234	40	34	232	131	5	34	671	loc100487902
anura-00211_anon-0932	118	34	36	220	153	5	34	561	anon-0932
ranoidea-01693_hmg20al	177	34	58	96	156	5	34	521	hmg20al
anura-05163_eps15l	34	95	42	238	105	5	34	514	eps15l
ranoidea-03681_pyroxd2-ex2	122	34	36	167	121	5	34	480	pyroxd2
anura-06134_uce-6763	51	34	75	206	59	5	34	425	uce-6763
ranoidea-07212_suco	136	77	49	129	34	5	34	425	suco
ranoidea-02464_glg1-ex1	99	34	79	121	90	5	34	423	glg1
anura-04520_wash1-ex1	91	34	43	153	87	5	34	408	wash1
anura-06046_uce-5521	80	34	45	101	86	5	34	346	uce-5521
ranoidea-00029_pik3r4-ex1	66	34	65	70	74	5	34	309	pik3r4
anura-01344_lipe-ex2	92	34	65	65	45	5	34	301	lipe
anura-06181_uce-7453	53	34	71	57	84	5	34	299	uce-7453
ranoidea-01822_wdr90-ex3	49	34	40	51	92	5	34	266	wdr90
anura-06087_uce-6059	62	35	48	66	34	5	34	245	uce-6059
ranoidea-01753_rpgrip1l-ex4	1026	33	33	1094	993	5	33	3179	rpgrip1l
ranoidea-04605_aadatl	994	33	54	784	525	5	33	2390	aadatl
anura-02863_mon1a-ex2	633	33	211	593	451	5	33	1921	mon1a
ranoidea-03143_yipf7-ex2	569	63	33	455	586	5	33	1706	yipf7
ranoidea-03073_gast-ex2	379	33	164	392	375	5	33	1343	gast
ranoidea-04950_tlcd2-ex2	340	33	92	416	428	5	33	1309	tlcd2
anura-03273_mmp9-ex4	553	33	177	283	161	5	33	1207	mmp9
anura-00957_anon-1227	394	33	44	399	283	5	33	1153	anon-1227
ranoidea-06593_anon-2925	313	33	52	259	358	5	33	1015	anon-2925
anura-00806_aldh1l2-ex1	321	33	70	192	301	5	33	917	aldh1l2
ranoidea-03089_nup37	216	33	94	246	263	5	33	852	nup37
anura-01143_snx15-ex2	222	52	33	239	296	5	33	842	snx15
anura-02771_mepce	198	33	50	258	258	5	33	797	mepce
anura-02443_cep295-ex1	320	33	48	112	222	5	33	735	cep295
anura-02827_cmpk2-ex3	176	33	64	111	279	5	33	663	cmpk2
anura-03852_syngr3-ex1	172	33	52	150	247	5	33	654	syngr3
ranoidea-03802_loc101731931	220	41	33	174	185	5	33	653	loc101731931
anura-05553_dpp3	93	33	99	228	193	5	33	646	dpp3
anura-02416_fbxw5s-ex3	124	33	73	204	198	5	33	632	fbxw5s
anura-05096_pidd1-ex1	151	77	133	134	33	5	33	528	pidd1
anura-03010_scap-ex2	130	33	120	93	120	5	33	496	scap
anura-01064_cops5-ex2	33	70	108	153	127	5	33	491	cops5
anura-06145_uce-6888	132	33	48	107	142	5	33	462	uce-6888
ranoidea-04764_e2f7	88	33	59	128	142	5	33	450	e2f7
ranoidea-05233_txlng	128	33	80	62	140	5	33	443	txlng
anura-03406_isoc2-ex2	91	33	50	121	81	5	33	376	isoc2
anura-04998_txndc15-ex1	106	110	38	33	58	5	33	345	txndc15
anura-03122_bnip1	52	33	54	65	92	5	33	296	bnip1
anura-05811_uce-2404	53	33	69	69	64	5	33	288	uce-2404
anura-05433_slc4a1-ex1	77	33	34	39	71	5	33	254	slc4a1
ranoidea-00325_cdcp1	562	32	35	1880	1058	5	32	3567	cdcp1
anura-04529_foxm1	1109	32	59	1117	1216	5	32	3533	foxm1
anura-05397_ednrb2	1207	32	49	1067	1088	5	32	3443	ednrb2
anura-01330_aqp4	717	32	204	929	813	5	32	2695	aqp4
anura-00681_mettl10-ex2	569	32	163	943	744	5	32	2451	mettl10
anura-03088_rnf128	781	32	71	487	945	5	32	2316	rnf128
ranoidea-04560_anon-2279	225	32	102	706	1002	5	32	2067	anon-2279
anura-01364_anon-1396	812	32	68	659	468	5	32	2039	anon-1396
anura-04820_usp20-ex2	477	32	160	839	470	5	32	1978	usp20
ranoidea-06092_rprc1-ex3	726	32	87	200	652	5	32	1697	rprc1
ranoidea-05905_farp2s	977	32	67	300	196	5	32	1572	farp2s
anura-04198_anon-2593	625	32	96	394	290	5	32	1437	anon-2593
anura-03158_fgfr3	554	32	63	317	382	5	32	1348	fgfr3
anura-00721_anon-1139	485	54	32	381	331	5	32	1283	anon-1139
anura-01263_sec31a-ex1	418	32	45	534	238	5	32	1267	sec31a
anura-01867_nek2-ex1	360	32	50	328	419	5	32	1189	nek2
ranoidea-06269_sytl3-ex2	311	32	57	450	247	5	32	1097	sytl3
ranoidea-04603_c4orf27-ex1	365	32	55	185	251	5	32	888	c4orf27
anura-04134_pacsin3-ex2	171	32	53	476	128	5	32	860	pacsin3
ranoidea-00632_ttc21a-ex1	233	32	46	234	278	5	32	823	ttc21a
anura-02320_loc100490729	371	32	92	171	101	5	32	767	loc100490729
ranoidea-06866_vps8-ex4	179	32	57	205	253	5	32	726	vps8
anura-01533_sh3tc1-ex2	177	32	37	233	238	5	32	717	sh3tc1
anura-01381_anon-1401	186	32	44	249	176	5	32	687	anon-1401
ranoidea-04505_lmnb2-ex4	102	32	69	259	110	5	32	572	lmnb2
ranoidea-00663_mmp23b-ex2	140	32	56	215	106	5	32	549	mmp23b
anura-00615_rock1	150	32	79	163	117	5	32	541	rock1
anura-00757_cdc25c-ex2	193	68	32	92	156	5	32	541	cdc25c
anura-00549_sorl1-ex2	133	32	47	138	185	5	32	535	sorl1
ranoidea-03035_swap70	153	32	41	180	73	5	32	479	swap70
anura-01690_ankrd13a-ex3	136	32	68	107	128	5	32	471	ankrd13a
anura-01282_gbf1-ex2	89	32	96	167	77	5	32	461	gbf1
anura-00253_tbc1d31-ex2	161	32	55	88	111	5	32	447	tbc1d31
anura-03589_lnpep-ex2	100	32	51	150	110	5	32	443	lnpep
anura-02837_mfi2-ex2	160	35	32	63	49	5	32	339	mfi2
ranoidea-04921_gh1	151	32	58	40	56	5	32	337	gh1
ranoidea-01521_dab2	56	32	75	117	47	5	32	327	dab2
ranoidea-02869_itch	77	32	35	110	63	5	32	317	itch
ranoidea-06303_azin2-ex4	96	32	45	99	34	5	32	306	azin2
anura-01939_smg1-ex5	88	32	58	62	36	5	32	276	smg1
ranoidea-06143_anon-2784	47	41	64	74	32	5	32	258	anon-2784
ranoidea-00357_anon-0984	2005	31	44	2030	1734	5	31	5844	anon-0984
ranoidea-03614_akap9-ex4	1844	83	31	2100	1588	5	31	5646	akap9
anura-02747_h6pd	1760	31	134	560	953	5	31	3438	h6pd
ranoidea-00680_ptpn4l	874	31	54	1002	1107	5	31	3068	ptpn4l
ranoidea-04669_anon-2312	954	31	56	580	719	5	31	2340	anon-2312
anura-01614_dmap1	741	79	31	704	420	5	31	1975	dmap1
anura-01649_itga2-ex2	525	31	54	770	309	5	31	1689	itga2
anura-04455_tbc1d9	666	34	31	664	280	5	31	1675	tbc1d9
ranoidea-01009_mgam-ex2	214	31	111	547	609	5	31	1512	mgam
ranoidea-03662_rsad2	584	31	36	232	410	5	31	1293	rsad2
ranoidea-01223_gyg2-ex3	353	31	55	205	371	5	31	1015	gyg2
anura-03886_anon-2461	383	31	66	321	195	5	31	996	anon-2461
ranoidea-05490_fam3ds	195	31	56	447	235	5	31	964	fam3ds
anura-02032_lrrcc1-ex3	306	31	62	338	157	5	31	894	lrrcc1
anura-05233_tbc1d4-ex2	285	31	77	188	138	5	31	719	tbc1d4
anura-03509_loc108710695-ex2	284	31	74	164	141	5	31	694	loc108710695
ranoidea-02339_katnal1-ex1	221	31	52	186	190	5	31	680	katnal1
ranoidea-00569_scrg1s	124	31	138	208	168	5	31	669	scrg1s
anura-01195_aak1-ex2	197	31	60	161	176	5	31	625	aak1
anura-02935_cdk20l	182	31	38	180	179	5	31	610	cdk20l
anura-03804_prosc-ex2	227	31	91	133	121	5	31	603	prosc
anura-06031_uce-5366	144	31	111	163	138	5	31	587	uce-5366
ranoidea-05308_mcoln3	246	31	62	118	86	5	31	543	mcoln3
ranoidea-06161_cep104-ex1	31	85	111	162	150	5	31	539	cep104
anura-03675_anks1a	173	31	35	156	84	5	31	479	anks1a
ranoidea-07381_uce-7028	115	31	99	107	111	5	31	463	uce-7028
ranoidea-02509_ap1m1	120	31	79	86	104	5	31	420	ap1m1
ranoidea-06647_anon-2937	99	31	33	124	111	5	31	398	anon-2937
ranoidea-02503_anon-1616	169	61	31	45	74	5	31	380	anon-1616
ranoidea-00937_loc100488704	99	31	49	102	97	5	31	378	loc100488704
anura-00694_vipr1	76	31	41	110	51	5	31	309	vipr1
ranoidea-05413_ndufb9-ex2	69	38	75	31	59	5	31	272	ndufb9
anura-03235_loc100496658-ex4	58	31	32	66	61	5	31	248	loc100496658
anura-01402_tacc3-ex2	66	34	47	31	65	5	31	243	tacc3
ranoidea-04077_anon-2120	47	31	58	42	37	5	31	215	anon-2120
anura-06219_uce-7888	31	47	57	37	40	5	31	212	uce-7888
ranoidea-01711_loc100488567-ex1	56	31	39	32	33	5	31	191	loc100488567
ranoidea-07004_anon-3048	1739	30	122	2095	1044	5	30	5030	anon-3048
ranoidea-02871_actr5-ex1	344	30	56	552	1729	5	30	2711	actr5
ranoidea-05800_shroom1	806	30	43	484	817	5	30	2180	shroom1
ranoidea-05138_setd4-ex1	622	30	85	632	426	5	30	1795	setd4
ranoidea-02217_anon-1526	485	30	36	636	472	5	30	1659	anon-1526
anura-04839_loc108709458	438	30	34	569	263	5	30	1334	loc108709458
ranoidea-03029_dnajc1	247	30	34	531	348	5	30	1190	dnajc1
ranoidea-02415_cenpf-ex2	678	110	30	238	65	5	30	1121	cenpf
ranoidea-00769_anon-1105	225	46	30	280	480	5	30	1061	anon-1105
ranoidea-02532_mapk7-ex2	442	30	62	207	308	5	30	1049	mapk7
ranoidea-04824_mertk-ex1	269	30	78	459	200	5	30	1036	mertk
ranoidea-04805_loc108709448	269	30	36	195	390	5	30	920	loc108709448
anura-04652_mrpl37-ex3	179	30	57	292	240	5	30	798	mrpl37
anura-05334_kmt2e-ex2	253	30	38	333	105	5	30	759	kmt2e
ranoidea-00604_notch2	180	30	136	198	213	5	30	757	notch2
ranoidea-02429_haao	101	30	62	261	224	5	30	678	haao
ranoidea-06171_vps53	156	30	50	228	185	5	30	649	vps53
anura-02174_anon-1728	171	30	39	179	142	5	30	561	anon-1728
ranoidea-02962_yap1	91	30	34	211	128	5	30	494	yap1
ranoidea-03765_fgb-ex1	183	80	122	78	30	5	30	493	fgb
ranoidea-02866_snx7	108	30	47	239	44	5	30	468	snx7
anura-02620_ppp1r21-ex1	103	30	48	154	102	5	30	437	ppp1r21
ranoidea-02702_fus-ex2	113	30	94	84	116	5	30	437	fus
anura-00039_arfip1-ex1	138	30	36	152	79	5	30	435	arfip1
ranoidea-01794_loc101734064	180	30	76	77	68	5	30	431	loc101734064
anura-05055_spsb3-ex2	109	30	74	161	55	5	30	429	spsb3
ranoidea-00745_dgkz	104	30	48	91	123	5	30	396	dgkz
anura-01640_gpc4	140	98	72	30	55	5	30	395	gpc4
ranoidea-00026_anon-0866	38	30	50	63	208	5	30	389	anon-0866
ranoidea-06097_kiaa0319l-ex2	30	64	44	190	54	5	30	382	kiaa0319l
anura-05974_gli3	94	30	70	79	68	5	30	341	gli3
ranoidea-05494_pbrm11	41	37	30	111	121	5	30	340	pbrm11
anura-05804_brd1-ex3	56	30	43	96	104	5	30	329	brd1
anura-00110_loc108716513	98	58	62	30	50	5	30	298	loc108716513
anura-05007_pomt1-ex1	67	30	51	63	80	5	30	291	pomt1
ranoidea-00974_myo15a-ex2	30	32	30	55	72	5	30	219	myo15a
anura-02226_pde12	782	29	98	503	578	5	29	1990	pde12
ranoidea-01068_rdh16-ex2	772	54	29	556	379	5	29	1790	rdh16
ranoidea-00565_mgc145706	478	46	29	543	376	5	29	1472	mgc145706
ranoidea-06728_prr15l	473	29	29	368	451	5	29	1350	prr15l
ranoidea-05227_c19orf70	645	32	29	93	518	5	29	1317	c19orf70
anura-02504_ccdc88b	510	29	88	201	215	5	29	1043	ccdc88b
ranoidea-00560_anon-1046	354	29	51	336	190	5	29	960	anon-1046
ranoidea-02425_tbcc	168	29	72	391	280	5	29	940	tbcc
ranoidea-04847_mdc1l	348	29	54	265	239	5	29	935	mdc1l
ranoidea-05009_c5orf22l	131	29	354	239	164	5	29	917	c5orf22l
anura-01228_coasy-ex2	396	29	29	146	245	5	29	845	coasy
anura-02484_stxbp5l-ex1	218	29	79	241	256	5	29	823	stxbp5l
anura-00842_qtrt1	208	29	85	321	179	5	29	822	qtrt1
anura-03789_ctnnd1-ex2	294	29	47	203	202	5	29	775	ctnnd1
anura-02102_ttc30a	185	29	61	176	293	5	29	744	ttc30a
ranoidea-04061_sec14l1-ex2	121	29	85	255	240	5	29	730	sec14l1
anura-03554_adamts1	144	29	51	269	179	5	29	672	adamts1
ranoidea-00105_sesn3-ex2	214	29	45	212	120	5	29	620	sesn3
ranoidea-00564_papolg	211	29	32	131	206	5	29	609	papolg
ranoidea-02841_mmp14-ex1	215	29	64	113	149	5	29	570	mmp14
ranoidea-03196_med17-ex1	177	29	64	155	142	5	29	567	med17
anura-00372_kif18a-ex2	149	29	35	104	211	5	29	528	kif18a
ranoidea-01977_anon-1463	118	46	29	175	160	5	29	528	anon-1463
ranoidea-04969_anon-2419	182	29	56	161	42	5	29	470	anon-2419
ranoidea-00652_sik3s	152	34	29	98	146	5	29	459	sik3s
ranoidea-06632_lmo7	143	29	36	151	94	5	29	453	lmo7
anura-05950_uce-4237	109	29	74	127	85	5	29	424	uce-4237
ranoidea-00160_atp9b	32	29	56	186	118	5	29	421	atp9b
ranoidea-02608_anon-1642	92	29	31	133	128	5	29	413	anon-1642
ranoidea-06197_kif16b-ex2	91	29	46	160	73	5	29	399	kif16b
ranoidea-07090_anon-3075	62	29	34	103	130	5	29	358	anon-3075
ranoidea-00173_loc108718020	105	30	29	115	75	5	29	354	loc108718020
anura-00240_hps5-ex6	84	48	29	86	72	5	29	319	hps5
anura-03222_anon-2157	79	29	41	80	87	5	29	316	anon-2157
ranoidea-02049_anon-1487	29	71	99	31	43	5	29	273	anon-1487
anura-04934_sipa1l3-ex1	52	29	57	54	50	5	29	242	sipa1l3
anura-02517_atl3-ex2	85	29	44	33	50	5	29	241	atl3
anura-06156_uce-7032	55	29	33	63	39	5	29	219	uce-7032
anura-05712_uce-0998	36	29	54	50	33	5	29	202	uce-0998
ranoidea-07146_plekho2	3834	28	82	3899	2447	5	28	10290	plekho2
ranoidea-01734_cenpj-ex1	997	73	28	1575	2097	5	28	4770	cenpj
ranoidea-05040_kdf1	1252	28	36	1342	1467	5	28	4125	kdf1
ranoidea-03755_anon-2028	1003	28	41	1043	950	5	28	3065	anon-2028
ranoidea-05938_azi2	1247	28	30	440	824	5	28	2569	azi2
ranoidea-00698_scml4-ex2	907	45	28	827	751	5	28	2558	scml4
ranoidea-06356_anon-2845	1149	33	28	684	233	5	28	2127	anon-2845
anura-02722_rbm11	94	28	58	80	1607	5	28	1867	rbm11
anura-02023_anon-1646	501	39	28	624	313	5	28	1505	anon-1646
ranoidea-05013_anon-2428	441	35	28	401	440	5	28	1345	anon-2428
ranoidea-05781_anon-2682	297	60	28	531	412	5	28	1328	anon-2682
anura-02074_xetrov90011481mg	419	28	117	382	275	5	28	1221	xetrov90011481mg
anura-03164_map3k8	408	28	86	249	316	5	28	1087	map3k8
ranoidea-03875_dupd1-ex2	298	28	163	425	148	5	28	1062	dupd1
ranoidea-05903_lmbrd2-ex3	211	28	124	330	352	5	28	1045	lmbrd2
ranoidea-02660_loc101733027-ex2	264	28	134	140	292	5	28	858	loc101733027
ranoidea-00592_ndufa9l	245	28	121	211	237	5	28	842	ndufa9l
ranoidea-06864_anon-3006	214	28	70	257	250	5	28	819	anon-3006
anura-00934_anon-1216	182	28	72	488	29	5	28	799	anon-1216
ranoidea-04273_sult1a1-ex1	198	28	138	251	162	5	28	777	sult1a1
ranoidea-04161_mms22ll	221	30	28	204	260	5	28	743	mms22ll
ranoidea-05862_nup107-ex3	264	45	28	197	171	5	28	705	nup107
anura-01295_phldb3-ex2	157	28	57	224	234	5	28	700	phldb3
anura-01417_megf8-ex8	144	28	116	166	219	5	28	673	megf8
anura-01552_abhd3	242	28	50	199	151	5	28	670	abhd3
anura-03786_anon-2415	202	28	59	124	210	5	28	623	anon-2415
anura-00519_dhrs9	170	28	60	185	172	5	28	615	dhrs9
anura-05080_pgk1	72	122	103	120	28	5	28	445	pgk1
ranoidea-01289_tra2a-ex2	193	49	28	125	36	5	28	431	tra2a
anura-04558_lace1	28	58	70	189	77	5	28	422	lace1
anura-03877_ufsp2	62	28	33	131	112	5	28	366	ufsp2
ranoidea-02262_cbfa2t2	147	46	45	28	96	5	28	362	cbfa2t2
ranoidea-04931_mov10-ex3	51	28	94	57	88	5	28	318	mov10
anura-05103_slc25a23	28	28	32	119	109	5	28	316	slc25a23
anura-03811_eml2-ex2	96	38	28	45	89	5	28	296	eml2
anura-05873_uce-3177	58	28	56	68	45	5	28	255	uce-3177
ranoidea-00079_loc100216141-ex1	92	29	52	28	32	5	28	233	loc100216141
ranoidea-07346_ss18-ex2	59	41	41	31	28	5	28	200	ss18
ranoidea-06528_ccer2	1231	27	173	1205	1005	5	27	3641	ccer2
anura-00574_dgcr2	293	56	27	661	595	5	27	1632	dgcr2
anura-04748_anon-2812	437	38	27	420	388	5	27	1310	anon-2812
ranoidea-05238_anon-2508	324	107	27	354	416	5	27	1228	anon-2508
ranoidea-04765_osbpl8-ex1	365	27	34	401	302	5	27	1129	osbpl8
anura-04327_cep164-ex1	311	27	47	286	269	5	27	940	cep164
ranoidea-01586_ndufb6	237	27	110	277	258	5	27	909	ndufb6
anura-05286_vil1-ex1	262	27	53	204	315	5	27	861	vil1
ranoidea-00142_pold2	206	27	79	211	171	5	27	694	pold2
anura-02051_skiv2l-ex2	224	27	77	122	192	5	27	642	skiv2l
anura-05008_uck1	242	53	124	187	27	5	27	633	uck1
anura-02656_f5-ex3	237	27	74	80	213	5	27	631	f5
ranoidea-04902_pmel	250	27	30	153	169	5	27	629	pmel
ranoidea-02819_anon-1706	202	39	53	27	274	5	27	595	anon-1706
anura-00354_pdcl3-ex3	136	27	36	194	173	5	27	566	pdcl3
anura-03615_metap1d	118	72	27	132	206	5	27	555	metap1d
anura-04403_ttc7a-ex3	197	27	43	167	112	5	27	546	ttc7a
ranoidea-02565_trmt5-ex1	159	27	66	111	155	5	27	518	trmt5
anura-02206_ddx10-ex3	124	46	27	100	147	5	27	444	ddx10
anura-04006_itsn2-ex2	96	27	30	126	158	5	27	437	itsn2
anura-06168_uce-7173	109	27	49	126	125	5	27	436	uce-7173
ranoidea-02858_josd1	103	50	27	72	114	5	27	366	josd1
ranoidea-02299_loc108645369-ex2	82	27	46	128	67	5	27	350	loc108645369
ranoidea-00369_pex5-ex5	78	27	51	75	98	5	27	329	pex5
anura-06150_uce-6953	76	27	56	77	88	5	27	324	uce-6953
anura-06214_uce-7833	65	27	47	81	62	5	27	282	uce-7833
anura-05465_anon-3103	63	38	68	27	71	5	27	267	anon-3103
anura-04997_fan1-ex2	31	51	27	77	40	5	27	226	fan1
anura-04553_slc2a6	60	28	27	52	45	5	27	212	slc2a6
anura-06221_uce-7892	56	27	45	38	41	5	27	207	uce-7892
anura-05969_uce-4486	39	27	49	38	42	5	27	195	uce-4486
ranoidea-02746_kiaa1211l	1209	26	75	3792	2327	5	26	7429	kiaa1211l
ranoidea-02064_mrpl14	3044	26	34	323	439	5	26	3866	mrpl14
anura-00419_tktl2	533	26	70	390	341	5	26	1360	tktl2
ranoidea-03191_panx1-ex1	401	26	68	505	316	5	26	1316	panx1
ranoidea-06140_dnm1-ex1	244	26	138	370	319	5	26	1097	dnm1
ranoidea-07240_map1a2	256	26	65	285	348	5	26	980	map1a2
ranoidea-02351_mgc107841-ex1	345	26	106	232	208	5	26	917	mgc107841
ranoidea-06275_anon-2818	151	31	26	427	135	5	26	770	anon-2818
anura-03748_slc39a5-ex4	310	26	28	161	208	5	26	733	slc39a5
anura-04107_ak3-ex1	288	26	68	208	134	5	26	724	ak3
anura-01054_ap1b1	153	26	63	250	167	5	26	659	ap1b1
anura-00334_eed	215	26	61	137	164	5	26	603	eed
ranoidea-03039_mia31-ex1	344	29	28	127	26	5	26	554	mia31
anura-04673_bivm	224	26	35	79	175	5	26	539	bivm
anura-04800_hdac4-ex1	104	26	45	174	113	5	26	462	hdac4
ranoidea-04655_sdr16c5-ex3	130	26	28	76	202	5	26	462	sdr16c5
ranoidea-05983_ppfibp1-ex1	132	26	91	66	144	5	26	459	ppfibp1
ranoidea-00194_fbxo38-ex1	82	26	62	157	89	5	26	416	fbxo38
ranoidea-02467_hnrnph1-ex2	156	26	66	84	78	5	26	410	hnrnph1
anura-03162_col6a1l	74	26	62	131	80	5	26	373	col6a1l
anura-00852_ruvbl1	72	26	28	85	45	5	26	256	ruvbl1
anura-06091_uce-6107	26	35	72	70	53	5	26	256	uce-6107
anura-05958_uce-4335	57	26	83	40	49	5	26	255	uce-4335
ranoidea-06177_crnkl1-ex1	49	26	32	62	80	5	26	249	crnkl1
anura-05905_erc2	57	52	56	33	26	5	26	224	erc2
ranoidea-04804_anon-2354	45	26	35	42	55	5	26	203	anon-2354
ranoidea-04188_nif	36	26	34	28	57	5	26	181	nif
ranoidea-03547_anon-1957	642	25	45	405	405	5	25	1522	anon-1957
anura-05267_dok2-ex2	248	25	33	163	660	5	25	1129	dok2
ranoidea-06029_mrs2-ex1	262	25	26	412	386	5	25	1111	mrs2
ranoidea-05574_anon-2624	335	25	46	307	211	5	25	924	anon-2624
ranoidea-06488_atp10d-ex2	322	25	28	151	331	5	25	857	atp10d
ranoidea-03898_adcy4-ex2	400	25	27	242	159	5	25	853	adcy4
anura-02388_shisa3	308	25	78	286	149	5	25	846	shisa3
ranoidea-06707_anon-2958	274	37	25	242	192	5	25	770	anon-2958
anura-04776_mettl7a2	180	25	55	273	189	5	25	722	mettl7a2
anura-00274_sned1-ex3	226	25	73	175	204	5	25	703	sned1
ranoidea-04060_nup205-ex4	198	25	72	160	211	5	25	666	nup205
anura-04080_ikbkb	208	48	25	195	158	5	25	634	ikbkb
ranoidea-07033_nr1d1	141	25	107	178	135	5	25	586	nr1d1
ranoidea-01000_slc41a2	183	25	118	85	145	5	25	556	slc41a2
ranoidea-02879_wdr17-ex1	185	25	75	154	52	5	25	491	wdr17
ranoidea-04260_slc52a1-ex2	125	25	48	93	188	5	25	479	slc52a1
anura-05059_ccnf-ex2	189	25	46	115	93	5	25	468	ccnf
ranoidea-02016_kiaa0753	108	25	74	132	79	5	25	418	kiaa0753
ranoidea-05584_capn7-ex2	113	25	28	95	155	5	25	416	capn7
ranoidea-06627_mphosph10	119	25	37	115	120	5	25	416	mphosph10
ranoidea-05337_hars	112	25	87	61	111	5	25	396	hars
anura-01992_polhs-ex2	88	25	61	129	83	5	25	386	polhs
anura-04184_loc100485840-ex2	118	25	47	96	52	5	25	338	loc100485840
ranoidea-06441_lpl-ex2	100	25	29	112	55	5	25	321	lpl
anura-02089_dydc1	170	25	40	45	25	5	25	305	dydc1
ranoidea-07316_uce-3861	86	25	59	60	71	5	25	301	uce-3861
anura-03841_sytl1s	94	43	50	58	25	5	25	270	sytl1s
anura-05850_uce-2887	32	25	81	51	58	5	25	247	uce-2887
anura-06121_uce-6558	37	25	40	37	34	5	25	173	uce-6558
anura-01749_rwdd2b-ex1	1072	24	72	2290	712	5	24	4170	rwdd2b
anura-03709_anon-2378	1060	24	468	686	580	5	24	2818	anon-2378
ranoidea-03798_loc100496945-ex2	563	24	86	922	461	5	24	2056	loc100496945
ranoidea-06474_acss22-ex1	278	24	35	564	752	5	24	1653	acss22
ranoidea-02971_ntrk3	559	24	93	445	448	5	24	1569	ntrk3
ranoidea-05742_dnajc6-ex2	558	45	24	286	385	5	24	1298	dnajc6
anura-02143_rasgrp4	319	24	79	285	512	5	24	1219	rasgrp4
anura-03905_tiam1	439	24	89	294	344	5	24	1190	tiam1
anura-03773_gramd1b-ex2	413	24	72	316	322	5	24	1147	gramd1b
ranoidea-00842_acss21-ex3	269	24	68	388	200	5	24	949	acss21
anura-03849_tbl3	238	24	27	252	383	5	24	924	tbl3
anura-00595_man1b1-ex3	192	24	59	213	360	5	24	848	man1b1
ranoidea-02482_stard5	246	24	141	189	211	5	24	811	stard5
ranoidea-02287_myom3-ex1	218	24	58	258	146	5	24	704	myom3
anura-02433_nags-ex2	180	24	55	277	156	5	24	692	nags
anura-02904_drc1	293	24	27	79	257	5	24	680	drc1
ranoidea-01116_ptpn11	269	24	60	118	166	5	24	637	ptpn11
anura-04426_mtr-ex1	175	24	85	98	253	5	24	635	mtr
ranoidea-06793_efhc2-ex3	229	24	25	136	159	5	24	573	efhc2
ranoidea-03467_mast2	111	72	181	24	141	5	24	529	mast2
anura-01065_adhfe1-ex1	131	36	59	204	24	5	24	454	adhfe1
ranoidea-02156_cav31-ex2	198	24	74	91	62	5	24	449	cav31
ranoidea-01707_akr1d1l	93	24	49	60	215	5	24	441	akr1d1l
ranoidea-02131_eftud2	123	24	45	106	143	5	24	441	eftud2
ranoidea-02927_anon-1754	213	24	75	49	49	5	24	410	anon-1754
ranoidea-03655_afdn-ex1	105	24	68	138	66	5	24	401	afdn
anura-02616_ints9-ex3	55	89	109	115	24	5	24	392	ints9
ranoidea-05971_tmtc1	86	24	33	134	75	5	24	352	tmtc1
anura-02682_stxbp5	71	41	82	85	24	5	24	303	stxbp5
ranoidea-01963_gid8	95	24	32	58	85	5	24	294	gid8
anura-04359_anon-2654	43	33	24	65	90	5	24	255	anon-2654
ranoidea-07380_uce-6831	44	24	28	73	66	5	24	235	uce-6831
anura-05900_uce-3602	55	24	33	69	44	5	24	225	uce-3602
anura-02841_anon-2001	79	29	24	33	41	5	24	206	anon-2001
ranoidea-07188_tbc1d2bl	24	24	39	49	63	5	24	199	tbc1d2bl
anura-03271_pcif1-ex2	49	25	36	60	24	5	24	194	pcif1
anura-06070_uce-5827	40	24	40	34	35	5	24	173	uce-5827
ranoidea-06620_nfkbiz	1540	50	23	1889	1919	5	23	5421	nfkbiz
ranoidea-03644_kiaa1755	1328	23	57	672	734	5	23	2814	kiaa1755
anura-01032_gtpbp4-ex2	614	23	34	1104	413	5	23	2188	gtpbp4
ranoidea-05145_loc108698528	794	23	91	447	767	5	23	2122	loc108698528
ranoidea-05839_dgat2-ex2	416	23	51	658	481	5	23	1629	dgat2
ranoidea-03592_hao1-ex3	475	23	43	690	354	5	23	1585	hao1
anura-05065_loc108703179	333	23	117	611	425	5	23	1509	loc108703179
ranoidea-01543_pc2-ex2	459	23	78	397	481	5	23	1438	pc2
ranoidea-02537_mettl23-ex1	403	23	61	122	704	5	23	1313	mettl23
ranoidea-06561_arg2-ex2	528	23	95	278	371	5	23	1295	arg2
anura-04918_fam107b	401	23	31	361	453	5	23	1269	fam107b
ranoidea-06838_zcchc11	260	23	58	768	112	5	23	1221	zcchc11
ranoidea-00217_tmem8a-ex1	415	23	73	484	211	5	23	1206	tmem8a
anura-05182_brca2-ex5	495	34	23	313	327	5	23	1192	brca2
ranoidea-05744_wdr78-ex1	111	23	248	597	178	5	23	1157	wdr78
ranoidea-00731_pros1-ex1	347	78	23	270	421	5	23	1139	pros1
anura-01697_exoc7-ex2	179	268	558	23	70	5	23	1098	exoc7
ranoidea-01726_nt5dc4-ex2	407	49	23	258	325	5	23	1062	nt5dc4
ranoidea-00131_anon-0899	286	23	40	279	414	5	23	1042	anon-0899
ranoidea-06559_fam160a1	239	23	70	226	275	5	23	833	fam160a1
anura-01010_slc25a43	245	23	38	197	271	5	23	774	slc25a43
ranoidea-05451_zc3h7a	155	23	27	278	269	5	23	752	zc3h7a
ranoidea-02970_agbl1	234	42	23	236	169	5	23	704	agbl1
anura-00674_hbp1	251	84	23	209	88	5	23	655	hbp1
anura-01292_itpka-ex2	269	34	23	170	132	5	23	628	itpka
anura-04669_gpsm1-ex2	180	23	31	137	225	5	23	596	gpsm1
ranoidea-05642_ankrd1	73	45	23	188	262	5	23	591	ankrd1
anura-02499_anon-1871	213	23	79	124	143	5	23	582	anon-1871
anura-02702_rsph14-ex2	214	23	57	53	217	5	23	564	rsph14
ranoidea-07371_uce-5777	164	23	108	144	102	5	23	541	uce-5777
ranoidea-04390_unc79-ex2	186	23	45	170	112	5	23	536	unc79
anura-01858_vash2	209	23	82	94	124	5	23	532	vash2
anura-04664_alg9	23	73	131	212	58	5	23	497	alg9
ranoidea-06506_synj1-ex2	134	23	79	105	103	5	23	444	synj1
anura-03695_loc108698584	69	23	84	168	80	5	23	424	loc108698584
anura-05066_tnks	188	26	23	79	90	5	23	406	tnks
ranoidea-02949_anon-1768	80	23	25	156	106	5	23	390	anon-1768
ranoidea-03299_anon-1883	38	23	60	109	103	5	23	333	anon-1883
ranoidea-06479_ppp4r1-ex2	81	54	61	89	23	5	23	308	ppp4r1
anura-01593_prdm11-ex1	89	23	71	67	50	5	23	300	prdm11
anura-03161_nelfa-ex3	152	23	24	43	48	5	23	290	nelfa
anura-00760_cfap58	103	23	27	82	48	5	23	283	cfap58
anura-03022_anon-2091	99	23	43	73	41	5	23	279	anon-2091
anura-04990_clk2l	27	23	63	68	57	5	23	238	clk2l
anura-00479_rabep1	41	23	58	65	50	5	23	237	rabep1
ranoidea-01947_anon-1451	51	23	35	58	46	5	23	213	anon-1451
anura-05975_uce-4573	46	23	44	27	37	5	23	177	uce-4573
ranoidea-07354_uce-3082	28	23	54	34	28	5	23	167	uce-3082
ranoidea-03418_anon-1916	668	22	86	905	859	5	22	2540	anon-1916
anura-02249_loc100485462	526	22	54	880	932	5	22	2414	loc100485462
anura-03021_ankra2	510	22	145	786	744	5	22	2207	ankra2
ranoidea-02650_sema4c	662	22	147	644	601	5	22	2076	sema4c
anura-05647_uce-0136	326	156	22	849	642	5	22	1995	uce-0136
anura-05635_slc8a3	651	22	73	659	558	5	22	1963	slc8a3
anura-03647_dgkh-ex1	533	22	44	500	481	5	22	1580	dgkh
ranoidea-03932_vps13al	229	22	23	564	611	5	22	1449	vps13al
anura-03922_dmpk	306	22	149	460	416	5	22	1353	dmpk
anura-00362_cpamd8-ex2	401	22	66	409	412	5	22	1310	cpamd8
ranoidea-03871_daxx	441	35	22	336	441	5	22	1275	daxx
anura-03326_anon-2213	251	22	96	418	350	5	22	1137	anon-2213
ranoidea-04171_dhx58s	111	22	98	423	446	5	22	1100	dhx58s
ranoidea-03346_tnpo3s	246	22	46	380	348	5	22	1042	tnpo3s
anura-00634_cttn	403	22	49	377	149	5	22	1000	cttn
ranoidea-01354_ldhb-ex3	84	22	97	288	472	5	22	963	ldhb
anura-03352_trim29	309	22	23	384	178	5	22	916	trim29
anura-01161_znf292l	314	22	74	222	243	5	22	875	znf292l
anura-00704_mcm10-ex1	22	36	121	443	220	5	22	842	mcm10
ranoidea-03186_anon-1848	280	22	35	239	255	5	22	831	anon-1848
anura-04267_mctp2-ex1	207	22	56	201	246	5	22	732	mctp2
ranoidea-05668_loc108712907	182	22	81	210	202	5	22	697	loc108712907
ranoidea-03121_ipo4l-ex1	160	22	28	330	110	5	22	650	ipo4l
ranoidea-02996_loc108700968-ex2	175	22	26	228	141	5	22	592	loc108700968
anura-02835_dlg1	235	22	23	164	145	5	22	589	dlg1
anura-04735_abhd14b	247	22	24	165	126	5	22	584	abhd14b
ranoidea-05460_tram1	142	22	54	223	103	5	22	544	tram1
ranoidea-02921_nemf-ex2	235	22	54	129	92	5	22	532	nemf
anura-04309_kif1b-ex5	53	22	47	262	145	5	22	529	kif1b
anura-01412_tmem145	154	22	36	173	143	5	22	528	tmem145
ranoidea-01049_anon-1189	146	22	28	215	90	5	22	501	anon-1189
anura-05079_hspa4	97	22	57	159	163	5	22	498	hspa4
anura-00449_pibf1-ex1	144	22	79	149	43	5	22	437	pibf1
anura-05902_uce-3609	134	22	68	112	98	5	22	434	uce-3609
anura-00084_loc100494394	182	30	22	151	45	5	22	430	loc100494394
anura-00718_syp-ex1	155	22	81	73	94	5	22	425	syp
ranoidea-03433_tll2-ex4	73	22	69	105	142	5	22	411	tll2
anura-04125_cecr1	170	22	22	26	165	5	22	405	cecr1
anura-05408_wdr65-ex1	122	22	23	127	107	5	22	401	wdr65
ranoidea-01619_ano1l	88	22	83	89	116	5	22	398	ano1l
ranoidea-00539_fbxo4-ex2	132	22	59	89	94	5	22	396	fbxo4
anura-06193_uce-7546	124	22	28	101	115	5	22	390	uce-7546
anura-05867_uce-3113	124	22	44	125	74	5	22	389	uce-3113
ranoidea-01443_ptgs2	141	32	22	120	59	5	22	374	ptgs2
anura-01902_loc100497464-ex2	186	25	24	55	22	5	22	312	loc100497464
anura-04130_pou6f1	101	22	32	97	57	5	22	309	pou6f1
anura-00761_anon-1159	77	22	82	60	57	5	22	298	anon-1159
ranoidea-01184_prodh	60	22	35	125	42	5	22	284	prodh
ranoidea-06720_cramp1	88	22	52	81	35	5	22	278	cramp1
anura-05421_tacc1-ex1	57	22	55	48	88	5	22	270	tacc1
anura-01893_donson-ex2	56	26	22	56	93	5	22	253	donson
ranoidea-04304_anon-2199	74	22	27	78	42	5	22	243	anon-2199
anura-02114_tmem131-ex2	45	22	33	69	68	5	22	237	tmem131
ranoidea-02548_jkamp	36	22	27	41	74	5	22	200	jkamp
anura-05949_uce-4224	40	22	33	74	28	5	22	197	uce-4224
ranoidea-02119_anon-1502	22	27	38	46	57	5	22	190	anon-1502
anura-00064_snx9	26	22	22	55	44	5	22	169	snx9
anura-05894_ube3a	28	22	50	30	22	5	22	152	ube3a
ranoidea-05968_klhl42-ex1	833	21	40	964	1208	5	21	3066	klhl42
anura-04747_slc27a2-ex2	415	21	203	409	288	5	21	1336	slc27a2
ranoidea-02975_osgepl1-ex2	387	21	102	219	431	5	21	1160	osgepl1
ranoidea-03050_dnajc12	243	21	51	372	391	5	21	1078	dnajc12
anura-02581_setd7-ex2	205	21	169	340	330	5	21	1065	setd7
anura-04740_sh3gl3	359	60	21	74	355	5	21	869	sh3gl3
ranoidea-04464_nup153	236	21	26	305	252	5	21	840	nup153
anura-04877_lpin2-ex2	321	21	38	191	266	5	21	837	lpin2
ranoidea-04798_ppard	283	21	47	173	267	5	21	791	ppard
anura-01013_heatr5a-ex1	278	21	40	184	192	5	21	715	heatr5a
anura-01872_trerf1	132	29	21	325	180	5	21	687	trerf1
anura-04127_tfcp2	110	21	56	364	111	5	21	662	tfcp2
anura-00191_aip-ex2	151	62	21	245	103	5	21	582	aip
anura-00828_klkb1-ex1	194	21	42	118	195	5	21	570	klkb1
ranoidea-03058_oclns	338	21	32	109	61	5	21	561	oclns
ranoidea-01411_nfat5-ex1	173	21	26	111	215	5	21	546	nfat5
anura-01191_fam136a-ex2	182	21	66	127	148	5	21	544	fam136a
anura-01404_tmem129-ex2	200	21	50	78	187	5	21	536	tmem129
anura-04054_prkag2	187	21	48	159	119	5	21	534	prkag2
ranoidea-04609_palld-ex1	201	27	21	239	41	5	21	529	palld
ranoidea-01795_rimklb	101	21	99	120	152	5	21	493	rimklb
ranoidea-01341_ttc21b-ex3	226	21	54	109	82	5	21	492	ttc21b
ranoidea-04771_nav3-ex3	123	21	55	160	107	5	21	466	nav3
ranoidea-06754_loc100491968	133	21	63	75	165	5	21	457	loc100491968
anura-01346_xylb	101	21	66	167	92	5	21	447	xylb
ranoidea-04191_anon-2153	129	21	23	134	106	5	21	413	anon-2153
anura-03549_mtmr8-ex2	41	21	27	177	145	5	21	411	mtmr8
ranoidea-03403_strip2-ex1	88	21	35	115	114	5	21	373	strip2
anura-01307_stra6	95	21	27	150	78	5	21	371	stra6
ranoidea-03966_ep400-ex1	103	21	29	149	64	5	21	366	ep400
ranoidea-03066_xak-cs	123	21	50	108	62	5	21	364	xak-cs
ranoidea-00899_brf1	117	29	37	21	150	5	21	354	brf1
anura-01003_tmem1821	36	21	39	139	113	5	21	348	tmem1821
ranoidea-04097_anon-2125	46	21	35	125	87	5	21	314	anon-2125
anura-00379_fbxl5	21	35	87	70	51	5	21	264	fbxl5
anura-00327_gapdh-ex2	100	21	23	39	75	5	21	258	gapdh
ranoidea-06056_anon-2757	27	21	24	104	35	5	21	211	anon-2757
ranoidea-01356_c12orf4l	40	21	24	79	42	5	21	206	c12orf4l
anura-05874_uce-3188	66	21	47	39	29	5	21	202	uce-3188
anura-05765_uce-1736	32	21	31	62	30	5	21	176	uce-1736
anura-04745_pde8a	35	21	44	40	28	5	21	168	pde8a
ranoidea-07318_tenm4-ex2	28	23	46	23	21	5	21	141	tenm4
anura-02594_anon-1908	2102	20	89	2807	1951	5	20	6969	anon-1908
ranoidea-07258_phldb1-ex3	1781	20	217	1993	1658	5	20	5669	phldb1
ranoidea-01039_loc100127872-ex1	1373	20	23	993	1121	5	20	3530	loc100127872
anura-03997_umpsl-ex1	929	20	23	420	1450	5	20	2842	umpsl
anura-03062_loc100490227	717	20	66	738	774	5	20	2315	loc100490227
ranoidea-01531_rb1cc1	585	20	106	534	464	5	20	1709	rb1cc1
ranoidea-05855_dis3l2s	428	20	72	254	477	5	20	1251	dis3l2s
anura-01987_kiaa0586	385	22	20	418	342	5	20	1187	kiaa0586
anura-03553_anon-2306	199	20	177	385	323	5	20	1104	anon-2306
ranoidea-03138_anon-1829	362	24	20	365	321	5	20	1092	anon-1829
anura-05319_prmt7	336	20	32	318	251	5	20	957	prmt7
anura-05998_uce-4944	281	20	101	284	209	5	20	895	uce-4944
ranoidea-03038_tlr51	177	20	61	341	219	5	20	818	tlr51
ranoidea-01597_anon-1352	279	37	20	243	230	5	20	809	anon-1352
anura-03426_stab2-ex1	111	32	20	371	233	5	20	767	stab2
anura-01041_anon-1250	266	20	54	219	194	5	20	753	anon-1250
anura-05511_itga11l	201	20	31	223	235	5	20	710	itga11l
anura-02894_ilkap-ex2	132	42	20	255	224	5	20	673	ilkap
anura-02944_tmem19-ex1	417	27	20	71	67	5	20	602	tmem19
ranoidea-05307_wdr63l	217	20	44	118	190	5	20	589	wdr63l
anura-02076_mlycd	180	20	61	138	171	5	20	570	mlycd
ranoidea-02834_asuns	25	20	155	182	186	5	20	568	asuns
anura-05309_mtm1-ex3	254	20	63	91	122	5	20	550	mtm1
ranoidea-02954_atp6ap2l	60	20	43	203	188	5	20	514	atp6ap2l
anura-04654_acot11-ex2	162	26	20	206	76	5	20	490	acot11
anura-00108_ccdc63	127	21	20	147	150	5	20	465	ccdc63
ranoidea-03928_ylpm1l-ex2	172	20	70	165	34	5	20	461	ylpm1l
anura-03102_ppp4r3a	125	20	61	121	107	5	20	434	ppp4r3a
anura-02811_tgm2-ex4	202	29	20	113	60	5	20	424	tgm2
ranoidea-02818_vprbp-ex2	200	20	31	73	90	5	20	414	vprbp
anura-01424_arhgef1-ex3	134	20	20	45	160	5	20	379	arhgef1
anura-05728_uce-1203	94	20	32	104	104	5	20	354	uce-1203
anura-04247_th-ex1	99	20	21	103	104	5	20	347	th
anura-04893_srpral	74	20	29	174	35	5	20	332	srpral
ranoidea-04794_mfsd14b-ex2	76	20	21	98	45	5	20	260	mfsd14b
anura-02224_pole2-ex1	79	22	20	68	65	5	20	254	pole2
ranoidea-02300_ndufv1-ex4	72	20	21	48	54	5	20	215	ndufv1
anura-05913_atad2b-ex3	51	20	57	41	44	5	20	213	atad2b
anura-00803_lta4h	79	21	27	20	43	5	20	190	lta4h
anura-06131_uce-6692	33	20	28	37	68	5	20	186	uce-6692
anura-06053_uce-5600	36	26	59	34	20	5	20	175	uce-5600
anura-06111_uce-6409	24	20	42	38	28	5	20	152	uce-6409
anura-01598_xpa	26	26	20	40	33	5	20	145	xpa
ranoidea-00352_c19orf44-ex2	1463	19	88	1044	1102	5	19	3716	c19orf44
anura-01498_loc100490565	1160	34	19	1212	652	5	19	3077	loc100490565
anura-01835_slx4-ex1	943	19	171	950	942	5	19	3025	slx4
anura-01253_anon-1355	868	19	46	595	706	5	19	2234	anon-1355
anura-01007_nudt19	1185	19	79	336	441	5	19	2060	nudt19
ranoidea-05209_plekha3-ex2	511	27	19	1000	394	5	19	1951	plekha3
ranoidea-03962_loc108703354	338	19	43	540	430	5	19	1370	loc108703354
anura-00516_igfbp1-ex2	372	19	68	399	469	5	19	1327	igfbp1
ranoidea-03283_nudt22-ex2	408	19	93	442	264	5	19	1226	nudt22
anura-02017_anon-1645	420	19	125	383	152	5	19	1099	anon-1645
ranoidea-00083_ndor1	347	19	45	430	236	5	19	1077	ndor1
ranoidea-01575_slc12a6-ex2	378	19	48	287	269	5	19	1001	slc12a6
ranoidea-02862_capg-ex2	325	19	22	277	356	5	19	999	capg
anura-05017_loc101732275	324	19	163	221	257	5	19	984	loc101732275
ranoidea-06514_anon-2898	268	19	81	90	262	5	19	720	anon-2898
anura-01158_ube2j1	230	54	19	335	73	5	19	711	ube2j1
ranoidea-05662_pmfbp1-ex3	189	19	41	208	182	5	19	639	pmfbp1
anura-03776_slc45a4	221	19	36	151	166	5	19	593	slc45a4
ranoidea-00460_usp43-ex2	207	48	19	154	164	5	19	592	usp43
ranoidea-06721_paqr3	220	19	58	136	126	5	19	559	paqr3
anura-01131_zswim4-ex3	204	19	43	165	117	5	19	548	zswim4
anura-04137_spi1-ex2	179	19	19	111	176	5	19	504	spi1
anura-04190_slc44a2	76	19	104	143	153	5	19	495	slc44a2
anura-05541_athl1	187	19	20	196	69	5	19	491	athl1
ranoidea-03816_gfm2-ex4	114	19	40	146	170	5	19	489	gfm2
anura-02735_ldlrad3-ex1	128	63	19	161	115	5	19	486	ldlrad3
anura-03722_gnl3l	128	19	39	139	137	5	19	462	gnl3l
anura-02719_gart-ex2	149	19	46	106	66	5	19	386	gart
ranoidea-07134_anon-3094	164	19	20	110	72	5	19	385	anon-3094
anura-03955_ralgps2-ex2	51	19	46	108	155	5	19	379	ralgps2
anura-04622_oscp1	99	19	39	98	120	5	19	375	oscp1
ranoidea-06063_lonp2-ex5	112	28	19	97	100	5	19	356	lonp2
ranoidea-03496_adgb	99	19	24	110	73	5	19	325	adgb
anura-04891_slain2-ex3	114	19	41	81	58	5	19	313	slain2
ranoidea-01371_loc108710697-ex2	76	19	44	101	73	5	19	313	loc108710697
ranoidea-04005_nckap1ll	58	21	19	106	94	5	19	298	nckap1ll
anura-02925_anon-2044	92	19	97	41	46	5	19	295	anon-2044
anura-04210_hspd1-ex1	76	19	58	48	93	5	19	294	hspd1
anura-00984_zswim8-ex4	33	19	46	83	108	5	19	289	zswim8
anura-00133_smarca5	73	19	40	100	55	5	19	287	smarca5
anura-05666_uce-0371	54	19	34	89	83	5	19	279	uce-0371
ranoidea-04087_iba57-ex1	108	39	28	19	76	5	19	270	iba57
anura-04166_tada3-ex2	77	24	19	68	77	5	19	265	tada3
ranoidea-04055_rps6ka5-ex3	89	79	28	22	19	5	19	237	rps6ka5
anura-02027_pgam1-ex1	97	25	19	37	52	5	19	230	pgam1
anura-02549_cars2-ex2	84	19	19	40	37	5	19	199	cars2
anura-02765_trmt6-ex1	76	19	26	36	40	5	19	197	trmt6
ranoidea-03519_limk2	49	19	19	56	50	5	19	193	limk2
ranoidea-00871_cep350-ex3	45	19	19	74	22	5	19	179	cep350
anura-05910_qki	30	19	37	38	33	5	19	157	qki
anura-02069_ncaph-ex2	33	24	49	19	24	5	19	149	ncaph
anura-05825_uce-2540	26	19	36	34	28	5	19	143	uce-2540
anura-05962_uce-4394	29	29	26	32	19	5	19	135	uce-4394
ranoidea-05883_anon-2707	23	19	21	19	30	5	19	112	anon-2707
anura-04904_c21orf62	2178	18	30	1908	1785	5	18	5919	c21orf62
anura-04585_anon-2755	1862	99	18	1355	1467	5	18	4801	anon-2755
anura-00738_zbtb25	1372	18	72	1716	1383	5	18	4561	zbtb25
anura-02169_twsg2	804	18	99	538	459	5	18	1918	twsg2
ranoidea-03607_anon-1975	605	18	109	264	531	5	18	1527	anon-1975
anura-01986_arid4a-ex1	398	18	18	497	583	5	18	1514	arid4a
anura-05028_ehmt1	456	18	21	392	468	5	18	1355	ehmt1
anura-03600_synm-ex1	352	18	26	500	400	5	18	1296	synm
anura-06143_uce-6859	382	38	18	388	399	5	18	1225	uce-6859
anura-05460_znf462-ex2	208	18	27	508	324	5	18	1085	znf462
anura-03952_tmem94-ex8	627	45	18	156	175	5	18	1021	tmem94
ranoidea-03279_prdx5-ex2	550	18	135	118	188	5	18	1009	prdx5
ranoidea-01172_arv1	285	38	18	379	248	5	18	968	arv1
anura-03764_ppm1j-ex1	414	21	18	259	211	5	18	923	ppm1j
ranoidea-04051_c14orf159-ex2	245	18	84	284	188	5	18	819	c14orf159
ranoidea-06908_iqgap3-ex3	171	18	122	250	181	5	18	742	iqgap3
ranoidea-00153_anon-0910	178	18	62	88	178	5	18	524	anon-0910
anura-00370_ttyh2s	187	18	82	118	111	5	18	516	ttyh2s
anura-01126_cpeb1-ex1	18	26	35	174	254	5	18	507	cpeb1
anura-02678_slc22a31-ex1	143	18	54	220	41	5	18	476	slc22a31
anura-01884_prkab1	173	18	23	58	156	5	18	428	prkab1
ranoidea-02688_tmem231-ex1	115	18	63	115	103	5	18	414	tmem231
anura-02163_fgfr1op2-ex2	113	18	18	74	163	5	18	386	fgfr1op2
ranoidea-03489_galnsl	90	18	51	108	115	5	18	382	galnsl
anura-00260_rsad1-ex1	127	18	19	104	111	5	18	379	rsad1
ranoidea-02398_coro7-ex1	149	18	34	120	52	5	18	373	coro7
anura-00224_mical2-ex1	186	37	38	91	18	5	18	370	mical2
anura-03622_anon-2327	142	18	28	102	78	5	18	368	anon-2327
ranoidea-01005_gipc1-ex1	169	31	18	75	55	5	18	348	gipc1
anura-00896_cwf19l2	131	23	18	113	53	5	18	338	cwf19l2
ranoidea-02830_anon-1714	119	27	18	61	100	5	18	325	anon-1714
anura-06198_uce-7657	66	18	49	95	83	5	18	311	uce-7657
ranoidea-06041_abcf3-ex1	42	18	85	81	76	5	18	302	abcf3
anura-03545_anon-2299	79	23	18	72	84	5	18	276	anon-2299
anura-05331_wipf2	29	18	36	92	100	5	18	275	wipf2
anura-05707_uce-0891	76	18	19	59	83	5	18	255	uce-0891
ranoidea-00784_tbcd-ex1	72	18	25	88	47	5	18	250	tbcd
ranoidea-00610_stxbp2-ex2	66	18	29	81	43	5	18	237	stxbp2
ranoidea-07327_eif4g2	58	62	18	33	62	5	18	233	eif4g2
anura-04045_syde2-ex2	37	18	25	91	37	5	18	208	syde2
anura-01480_dnpep-ex1	29	18	53	19	87	5	18	206	dnpep
ranoidea-07343_uce-2185	61	18	32	53	41	5	18	205	uce-2185
ranoidea-03078_fkbp10	59	18	22	58	42	5	18	199	fkbp10
anura-06113_uce-6476	33	18	46	58	41	5	18	196	uce-6476
ranoidea-04272_loc108703912	47	18	35	51	34	5	18	185	loc108703912
anura-06152_uce-6973	41	18	28	34	36	5	18	157	uce-6973
ranoidea-00667_anon-1072	21	25	18	54	31	5	18	149	anon-1072
anura-05831_dscam	21	19	23	27	18	5	18	108	dscam
anura-02173_c14orf93	801	17	128	894	579	5	17	2419	c14orf93
ranoidea-06839_anon-3000	554	22	17	657	255	5	17	1505	anon-3000
anura-03591_anon-2318	396	19	17	678	380	5	17	1490	anon-2318
anura-00246_slc22a18l-ex2	717	81	69	555	17	5	17	1439	slc22a18l
anura-03347_wdhd1-ex7	739	17	57	107	110	5	17	1030	wdhd1
ranoidea-00635_myd88-ex1	47	17	61	211	579	5	17	915	myd88
ranoidea-02247_ankrd6-ex1	308	17	31	307	163	5	17	826	ankrd6
ranoidea-06468_slc44a5-ex2	59	17	42	126	452	5	17	696	slc44a5
anura-05335_kmt2es	306	17	24	150	187	5	17	684	kmt2es
anura-03820_c5orf22	161	17	38	182	274	5	17	672	c5orf22
anura-02398_exd3	248	17	47	180	166	5	17	658	exd3
ranoidea-01901_pfdn2-ex2	86	131	144	253	17	5	17	631	pfdn2
anura-04808_srrd	102	17	65	217	128	5	17	529	srrd
ranoidea-06139_golga2-ex2	174	17	30	142	163	5	17	526	golga2
ranoidea-03636_p2rx5-ex2	114	17	45	162	149	5	17	487	p2rx5
ranoidea-04286_porcn	141	17	60	145	105	5	17	468	porcn
ranoidea-01283_itga11	174	17	68	130	75	5	17	464	itga11
ranoidea-03408_iqsec1	132	17	60	119	136	5	17	464	iqsec1
anura-01249_git1	172	17	26	183	55	5	17	453	git1
anura-00623_crybg3	140	17	97	82	99	5	17	435	crybg3
anura-03497_lrrfip1	114	17	18	149	116	5	17	414	lrrfip1
anura-03842_sytl1	53	25	17	179	137	5	17	411	sytl1
ranoidea-00727_cfap45-ex1	136	18	17	62	152	5	17	385	cfap45
ranoidea-03719_anon-2013	51	17	65	187	34	5	17	354	anon-2013
ranoidea-02750_eif5b-ex1	46	17	21	93	144	5	17	321	eif5b
anura-03559_anon-2309	47	17	38	153	64	5	17	319	anon-2309
ranoidea-02108_jmy-ex2	69	26	17	74	122	5	17	308	jmy
ranoidea-05692_wdr7-ex3	59	17	33	65	101	5	17	275	wdr7
anura-03601_anon-2321	73	17	37	64	78	5	17	269	anon-2321
ranoidea-00660_slc25a1	81	17	45	50	73	5	17	266	slc25a1
anura-02324_mrps22-ex1	55	17	52	101	31	5	17	256	mrps22
anura-04926_pak4	85	17	20	61	71	5	17	254	pak4
anura-05532_anon-3124	58	17	62	64	53	5	17	254	anon-3124
anura-02796_ctns-ex2	48	17	26	34	121	5	17	246	ctns
ranoidea-06542_glmn-ex3	65	23	60	77	17	5	17	242	glmn
anura-03869_ccdc47-ex3	17	21	73	93	37	5	17	241	ccdc47
ranoidea-04221_nos3-ex1	85	21	17	62	54	5	17	239	nos3
ranoidea-05730_anon-2665	58	17	21	59	82	5	17	237	anon-2665
ranoidea-00809_dpysl4	73	17	29	53	62	5	17	234	dpysl4
anura-05943_uce-4154	54	17	22	60	54	5	17	207	uce-4154
ranoidea-01072_naca2	45	17	34	47	60	5	17	203	naca2
anura-03494_tcf12-ex2	22	24	17	66	62	5	17	191	tcf12
ranoidea-02020_supt6h-ex2	31	17	31	21	91	5	17	191	supt6h
anura-05829_uce-2578	39	17	40	58	35	5	17	189	uce-2578
anura-06037_fyn	57	17	33	47	34	5	17	188	fyn
anura-01222_fam166b	49	21	17	47	41	5	17	175	fam166b
anura-01214_cav2-ex1	17	19	32	33	60	5	17	161	cav2
anura-06180_uce-7419	36	17	30	45	27	5	17	155	uce-7419
ranoidea-04474_zdhhc1	30	20	17	40	38	5	17	145	zdhhc1
ranoidea-06388_hmcn2	35	17	19	46	19	5	17	136	hmcn2
ranoidea-05204_anon-2491	28	18	23	17	21	5	17	107	anon-2491
ranoidea-06596_ofd1-ex1	1656	16	45	1547	1638	5	16	4902	ofd1
ranoidea-04513_anon-2265	835	16	26	876	917	5	16	2670	anon-2265
anura-04709_sytl4	1140	16	36	525	617	5	16	2334	sytl4
ranoidea-05766_tox4	758	116	16	811	490	5	16	2191	tox4
ranoidea-05988_wnk1-ex1	591	16	47	759	722	5	16	2135	wnk1
anura-04610_ptpru	598	16	115	518	629	5	16	1876	ptpru
ranoidea-06957_anon-3033	487	16	16	377	803	5	16	1699	anon-3033
anura-04393_epas1l	445	16	221	467	282	5	16	1431	epas1l
ranoidea-04471_mgc147117-ex1	251	54	16	692	371	5	16	1384	mgc147117
ranoidea-06557_loc100493583-ex1	413	34	16	557	303	5	16	1323	loc100493583
ranoidea-06371_anon-2852	390	16	20	265	517	5	16	1208	anon-2852
anura-03404_loc100493774-ex2	186	16	16	606	323	5	16	1147	loc100493774
anura-04968_rab3il1	508	17	16	257	348	5	16	1146	rab3il1
anura-04086_extl2	305	19	16	239	475	5	16	1054	extl2
ranoidea-05441_loc108714707	476	16	50	268	240	5	16	1050	loc108714707
anura-05025_arrdc1-ex2	245	16	50	304	413	5	16	1028	arrdc1
anura-03904_anon-2466	314	16	70	322	277	5	16	999	anon-2466
anura-03256_hydin-ex4	350	20	16	188	356	5	16	930	hydin
ranoidea-05613_trim28-ex1	219	16	37	415	115	5	16	802	trim28
ranoidea-05324_exoc1-ex1	220	16	62	277	173	5	16	748	exoc1
anura-00342_ctsc-ex3	137	54	16	243	281	5	16	731	ctsc
anura-04586_xarps	280	84	16	243	101	5	16	724	xarps
anura-00925_sbno1-ex2	191	16	30	204	254	5	16	695	sbno1
ranoidea-03339_anon-1896	251	24	16	191	166	5	16	648	anon-1896
anura-00739_jag2-ex2	186	26	16	263	148	5	16	639	jag2
anura-00365_tmem38a	240	16	23	188	155	5	16	622	tmem38a
anura-05156_dlc1-ex2	230	16	58	128	183	5	16	615	dlc1
anura-04235_mia-ex1	164	16	34	241	159	5	16	614	mia
anura-04697_echs1-ex1	63	16	91	194	240	5	16	604	echs1
anura-00637_arl5a	135	16	56	206	152	5	16	565	arl5a
ranoidea-02418_anon-1590	160	16	33	190	98	5	16	497	anon-1590
anura-01101_slc39a11	119	16	28	162	162	5	16	487	slc39a11
ranoidea-05754_anon-2672	40	23	16	33	368	5	16	480	anon-2672
anura-05026_arrdc1s	121	16	105	135	89	5	16	466	arrdc1s
anura-02486_wrnip1	121	48	16	119	155	5	16	459	wrnip1
anura-03210_col12a1-ex1	120	16	16	216	87	5	16	455	col12a1
ranoidea-05845_nup1551-ex1	16	82	120	204	31	5	16	453	nup1551
anura-02653_anon-1927	117	16	44	140	125	5	16	442	anon-1927
anura-02365_syk	119	16	43	127	115	5	16	420	syk
anura-02353_ccdc151	258	27	16	18	96	5	16	415	ccdc151
anura-01043_anon-1252	125	16	38	88	147	5	16	414	anon-1252
ranoidea-01666_anon-1369	32	16	238	37	87	5	16	410	anon-1369
ranoidea-03789_anon-2043	163	58	60	16	97	5	16	394	anon-2043
ranoidea-00305_anon-0960	124	16	36	69	147	5	16	392	anon-0960
anura-01361_anon-1395	92	16	22	78	162	5	16	370	anon-1395
anura-04224_add3	60	16	16	132	145	5	16	369	add3
ranoidea-07026_znf687	174	16	66	79	32	5	16	367	znf687
ranoidea-05869_glul1-ex2	81	16	44	160	60	5	16	361	glul1
ranoidea-05721_eef2kmt	130	16	46	121	44	5	16	357	eef2kmt
anura-02492_ppil3-ex2	129	16	35	90	81	5	16	351	ppil3
ranoidea-04217_cfi-ex1	16	20	41	134	129	5	16	340	cfi
anura-05660_uce-0300	73	16	48	98	92	5	16	327	uce-0300
ranoidea-05560_noc3l-ex1	126	16	31	108	38	5	16	319	noc3l
ranoidea-00453_arhgef11-ex3	145	16	19	39	52	5	16	271	arhgef11
anura-05159_anon-2989	99	19	19	110	16	5	16	263	anon-2989
ranoidea-03447_sirt2	59	16	24	21	126	5	16	246	sirt2
anura-05687_uce-0681	43	16	36	82	64	5	16	241	uce-0681
anura-03881_casc4	63	16	30	107	20	5	16	236	casc4
ranoidea-01389_zdhhc7l	65	39	16	60	53	5	16	233	zdhhc7l
ranoidea-05220_anon-2498	43	16	23	67	71	5	16	220	anon-2498
anura-03555_anon-2308	16	30	42	104	21	5	16	213	anon-2308
anura-02060_atf6b-ex1	42	16	28	86	30	5	16	202	atf6b
anura-03261_acad8-ex2	47	21	47	66	16	5	16	197	acad8
anura-06058_uce-5639	43	16	39	42	51	5	16	191	uce-5639
anura-02056_loc100488374-ex1	83	21	39	16	19	5	16	178	loc100488374
anura-03132_polq	36	16	20	69	33	5	16	174	polq
ranoidea-07319_uce-5627	20	19	37	74	16	5	16	166	uce-5627
ranoidea-07322_gpbp1	66	16	27	24	32	5	16	165	gpbp1
anura-06165_uce-7113	29	16	37	22	38	5	16	142	uce-7113
anura-05924_uce-3905	28	30	47	18	16	5	16	139	uce-3905
anura-05751_uce-1463	27	36	16	28	28	5	16	135	uce-1463
anura-05819_uce-2488	19	19	38	16	28	5	16	120	uce-2488
ranoidea-06431_loc100490281	359	15	89	1948	1319	5	15	3730	loc100490281
ranoidea-07114_nodal1	1722	36	15	444	178	5	15	2395	nodal1
ranoidea-05147_ppp1r37-ex1	681	15	62	799	616	5	15	2173	ppp1r37
anura-03921_loc100497555	533	15	70	829	636	5	15	2083	loc100497555
ranoidea-05805_nrp1	501	15	120	507	610	5	15	1753	nrp1
ranoidea-04686_fabp2l	516	15	28	618	388	5	15	1565	fabp2l
ranoidea-00951_kpna2-ex4	469	152	15	415	456	5	15	1507	kpna2
ranoidea-06128_anon-2782	428	15	98	380	332	5	15	1253	anon-2782
anura-00805_kiaa1033	479	15	58	421	271	5	15	1244	kiaa1033
ranoidea-03261_anon-1866	504	15	103	500	114	5	15	1236	anon-1866
ranoidea-07137_loc100488563-ex3	215	15	42	486	284	5	15	1042	loc100488563
anura-02503_anon-1873	231	75	15	377	282	5	15	980	anon-1873
ranoidea-00704_aqp7	421	15	20	59	381	5	15	896	aqp7
ranoidea-06339_loc100489834	150	15	156	272	186	5	15	779	loc100489834
anura-02523_mgc83056	234	15	29	293	196	5	15	767	mgc83056
anura-03805_timm22-ex1	217	15	67	297	126	5	15	722	timm22
ranoidea-00497_cfap47-ex2	374	15	40	102	169	5	15	700	cfap47
anura-04872_cryz-ex1	185	15	65	331	101	5	15	697	cryz
anura-02358_tgm1-ex2	239	15	64	198	131	5	15	647	tgm1
ranoidea-04460_inpp5b	203	39	15	179	162	5	15	598	inpp5b
ranoidea-03638_rpa1	203	84	78	182	15	5	15	562	rpa1
ranoidea-04569_lipcs	237	15	34	158	84	5	15	528	lipcs
ranoidea-02977_anon-1773	39	15	91	287	90	5	15	522	anon-1773
anura-00900_capn5-ex2	132	15	60	143	166	5	15	516	capn5
anura-02877_clp1	215	15	43	141	62	5	15	476	clp1
anura-02418_anon-1842	211	33	15	84	120	5	15	463	anon-1842
anura-02546_psmd5-ex2	172	15	17	118	141	5	15	463	psmd5
ranoidea-01589_anon-1349	175	18	15	151	97	5	15	456	anon-1349
anura-05294_tmem237-ex2	156	15	28	116	123	5	15	438	tmem237
anura-03484_arnt-ex2	192	15	42	61	101	5	15	411	arnt
ranoidea-04136_stac3	97	15	118	129	49	5	15	408	stac3
ranoidea-04680_iars2-ex2	74	30	15	162	87	5	15	368	iars2
anura-04614_tbc1d16-ex2	95	82	108	15	24	5	15	324	tbc1d16
anura-04144_anon-2569	159	15	35	47	60	5	15	316	anon-2569
ranoidea-05694_alpk2	87	15	31	116	65	5	15	314	alpk2
ranoidea-00803_mospd2	114	15	55	74	41	5	15	299	mospd2
anura-06210_srpk3	58	15	84	57	73	5	15	287	srpk3
ranoidea-06373_slc5a10	56	15	27	129	55	5	15	282	slc5a10
anura-03473_anon-2275	119	15	49	38	32	5	15	253	anon-2275
ranoidea-07259_arcn1-ex1	40	15	47	59	84	5	15	245	arcn1
anura-02732_apip	102	15	22	35	59	5	15	233	apip
ranoidea-02345_aplp2-ex1	42	46	18	101	15	5	15	222	aplp2
ranoidea-02089_nbeal2-ex3	58	15	25	49	64	5	15	211	nbeal2
anura-05771_uce-1878	35	15	45	66	43	5	15	204	uce-1878
anura-01273_psph-ex2	15	15	20	101	46	5	15	197	psph
ranoidea-07360_uce-3703	15	29	46	78	29	5	15	197	uce-3703
anura-06006_uce-5062	40	15	47	58	27	5	15	187	uce-5062
anura-06109_lrp4	51	27	42	15	48	5	15	183	lrp4
anura-04365_ano5-ex1	93	34	18	19	15	5	15	179	ano5
ranoidea-00517_smyd1-ex1	25	15	71	19	46	5	15	176	smyd1
ranoidea-04245_mst1r	36	15	39	48	36	5	15	174	mst1r
anura-04444_grip1-ex1	37	15	21	49	49	5	15	171	grip1
ranoidea-02040_loc100489507	54	15	32	41	24	5	15	166	loc100489507
anura-00633_fam63a	19	15	57	33	25	5	15	149	fam63a
anura-06176_epha7	42	15	19	45	24	5	15	145	epha7
anura-06092_runx1t1-ex1	42	26	26	15	29	5	15	138	runx1t1
anura-05682_uce-0598	33	15	20	34	29	5	15	131	uce-0598
anura-06140_uce-6820	18	17	46	32	15	5	15	128	uce-6820
anura-00281_cul9-ex4	1008	14	190	831	1066	5	14	3109	cul9
ranoidea-00657_apoa4	567	18	14	1304	829	5	14	2732	apoa4
anura-04793_egflam-ex1	816	14	189	1105	598	5	14	2722	egflam
ranoidea-05969_pthlh	457	14	55	681	656	5	14	1863	pthlh
ranoidea-07275_anon-3121	561	20	14	571	427	5	14	1593	anon-3121
ranoidea-02985_ccm2l-ex3	452	14	68	625	348	5	14	1507	ccm2l
ranoidea-00857_prpf18-ex1	204	20	14	1105	162	5	14	1505	prpf18
anura-04495_ctsh-ex2	319	14	22	586	435	5	14	1376	ctsh
anura-04602_plekhg4-ex2	369	14	140	435	289	5	14	1247	plekhg4
anura-05450_enpp4-ex2	308	14	17	536	172	5	14	1047	enpp4
ranoidea-04152_mars-ex3	394	33	14	237	317	5	14	995	mars
ranoidea-06188_anon-2794	522	14	43	172	161	5	14	912	anon-2794
ranoidea-05836_uvrag	285	20	14	302	287	5	14	908	uvrag
anura-01786_adgre5l-ex2	150	14	31	316	305	5	14	816	adgre5l
ranoidea-01319_cspp1-ex1	168	14	16	171	377	5	14	746	cspp1
ranoidea-05098_spg11	267	61	14	144	255	5	14	741	spg11
anura-04979_zfyve16-ex2	241	14	64	166	230	5	14	715	zfyve16
ranoidea-03446_anon-1926	311	20	14	141	219	5	14	705	anon-1926
anura-00429_col5a1	138	17	14	210	249	5	14	628	col5a1
anura-03063_hectd3-ex1	138	14	28	226	205	5	14	611	hectd3
anura-01252_pdlim5-ex3	246	14	38	108	204	5	14	610	pdlim5
ranoidea-00167_akap13-ex3	63	14	101	255	176	5	14	609	akap13
ranoidea-03503_bcr-ex2	181	14	21	171	165	5	14	552	bcr
ranoidea-03984_atg2b-ex1	101	14	45	260	121	5	14	541	atg2b
anura-02303_enah-ex1	148	14	71	182	121	5	14	536	enah
ranoidea-03144_guf1-ex1	113	14	21	117	251	5	14	516	guf1
ranoidea-04741_idh1	200	14	57	66	174	5	14	511	idh1
ranoidea-00207_enpp1-ex3	236	21	14	90	141	5	14	502	enpp1
ranoidea-03151_loc108715779	125	14	17	145	200	5	14	501	loc108715779
anura-04729_mtif2-ex1	226	23	14	59	155	5	14	477	mtif2
anura-01584_slc9a6-ex3	109	30	14	166	123	5	14	442	slc9a6
anura-03961_lamc1-ex2	90	14	93	129	107	5	14	433	lamc1
ranoidea-01134_prpf31	65	14	50	165	139	5	14	433	prpf31
ranoidea-02134_tanc2	168	16	14	106	115	5	14	419	tanc2
ranoidea-06591_anon-2923	130	14	57	77	136	5	14	414	anon-2923
anura-02451_ccdc78-ex2	173	14	38	39	148	5	14	412	ccdc78
anura-02910_setd5-ex3	170	14	20	55	126	5	14	385	setd5
anura-02198_arhgef26	112	14	58	73	121	5	14	378	arhgef26
ranoidea-02780_gltscr1	83	56	14	76	141	5	14	370	gltscr1
anura-00218_fam132a	145	25	31	144	14	5	14	359	fam132a
anura-05723_uce-1148	94	67	96	66	14	5	14	337	uce-1148
anura-02022_asb3-ex3	127	21	14	64	106	5	14	332	asb3
ranoidea-01499_anon-1312	129	14	22	144	21	5	14	330	anon-1312
anura-03977_sestd1	78	14	18	121	98	5	14	329	sestd1
anura-05419_grk5-ex1	117	14	32	110	55	5	14	328	grk5
ranoidea-00159_trip4	125	16	14	45	109	5	14	309	trip4
anura-04216_hif1an	80	14	39	46	117	5	14	296	hif1an
anura-01734_mad2l1bp	120	30	14	31	96	5	14	291	mad2l1bp
anura-05359_snai3	68	14	56	134	19	5	14	291	snai3
ranoidea-02525_vwa5b1	73	14	20	51	132	5	14	290	vwa5b1
anura-02379_trim66-ex1	118	21	38	14	45	5	14	236	trim66
anura-02794_tax1bp3	104	14	48	37	27	5	14	230	tax1bp3
anura-06101_neurod6	58	14	55	46	48	5	14	221	neurod6
anura-00270_wdr91-ex2	76	14	18	31	80	5	14	219	wdr91
anura-00534_phf21b-ex2	43	14	36	58	61	5	14	212	phf21b
anura-04648_tceanc2-ex1	35	14	20	35	108	5	14	212	tceanc2
anura-03115_anon-2117	35	14	17	88	49	5	14	203	anon-2117
anura-03316_loc101730668	14	25	57	36	55	5	14	187	loc101730668
anura-05886_uce-3368	52	14	22	54	36	5	14	178	uce-3368
ranoidea-00012_kiaa0391	71	19	50	14	21	5	14	175	kiaa0391
ranoidea-06278_loc108696000	76	15	17	14	49	5	14	171	loc108696000
anura-00150_eif3l-ex1	56	19	14	27	52	5	14	168	eif3l
anura-06130_uce-6648	30	38	34	41	14	5	14	157	uce-6648
anura-03864_hnf4a-ex2	37	14	29	19	54	5	14	153	hnf4a
anura-00488_loc108708486	29	14	31	45	29	5	14	148	loc108708486
ranoidea-01859_anon-1428	23	14	17	25	44	5	14	123	anon-1428
anura-00626_mina-ex2	26	14	15	33	34	5	14	122	mina
ranoidea-06885_myoz1	19	15	14	35	24	5	14	107	myoz1
ranoidea-02304_minpp11-ex1	1936	44	13	1872	2208	5	13	6073	minpp11
ranoidea-07235_tmem41a-ex4	1326	13	58	1191	1428	5	13	4016	tmem41a
ranoidea-05634_cyfip1-ex3	666	13	32	724	771	5	13	2206	cyfip1
anura-00834_setdb2	589	13	36	1081	407	5	13	2126	setdb2
ranoidea-02913_anon-1747	864	13	42	755	446	5	13	2120	anon-1747
anura-01555_phax	623	28	13	348	1063	5	13	2075	phax
ranoidea-02127_wapl	360	13	31	283	728	5	13	1415	wapl
ranoidea-06789_tsc1l	412	13	41	444	315	5	13	1225	tsc1l
ranoidea-06535_syne4	465	13	20	255	461	5	13	1214	syne4
ranoidea-02777_tcirg1-ex3	393	15	13	204	527	5	13	1152	tcirg1
anura-04177_naga-ex2	421	29	13	480	202	5	13	1145	naga
anura-03052_atl1	287	13	21	218	458	5	13	997	atl1
ranoidea-02410_loc108703208	380	13	20	361	218	5	13	992	loc108703208
ranoidea-04598_c2cd5l-ex4	311	13	28	252	178	5	13	782	c2cd5l
anura-01717_tp53rk	331	13	105	226	96	5	13	771	tp53rk
ranoidea-01153_kntc1	153	13	17	215	353	5	13	751	kntc1
ranoidea-03205_anon-1854	357	19	13	213	149	5	13	751	anon-1854
ranoidea-06136_c11orf1	341	13	56	183	132	5	13	725	c11orf1
anura-04360_yif1b	237	13	59	196	204	5	13	709	yif1b
ranoidea-05727_wisp1-ex2	215	29	13	178	255	5	13	690	wisp1
anura-02066_adarb1-ex2	282	13	20	89	217	5	13	621	adarb1
ranoidea-00702_ucp3	216	13	16	126	205	5	13	576	ucp3
anura-04473_amacr-ex4	193	13	23	142	196	5	13	567	amacr
anura-01150_dennd2a-ex1	113	13	15	194	172	5	13	507	dennd2a
ranoidea-05641_slc16a12	128	13	23	165	177	5	13	506	slc16a12
anura-04199_anon-2594	234	13	16	87	40	5	13	390	anon-2594
ranoidea-02631_e2f5	108	13	24	126	103	5	13	374	e2f5
ranoidea-03486_cdh15-ex1	124	13	98	67	66	5	13	368	cdh15
ranoidea-05100_blm	140	13	26	52	126	5	13	357	blm
ranoidea-05033_anon-2433	128	13	33	125	45	5	13	344	anon-2433
ranoidea-04545_nt5c3a-ex2	169	13	16	86	54	5	13	338	nt5c3a
anura-03051_nin-ex5	145	13	19	65	77	5	13	319	nin
anura-06142_uce-6844	91	13	35	89	80	5	13	308	uce-6844
anura-01046_mfn2-ex2	107	13	16	92	53	5	13	281	mfn2
ranoidea-03116_anon-1818	101	13	37	26	100	5	13	277	anon-1818
anura-01488_os9-ex1	175	13	30	16	32	5	13	266	os9
anura-00790_cwc27	142	13	41	40	29	5	13	265	cwc27
ranoidea-01962_mgc68807	103	13	13	71	58	5	13	258	mgc68807
ranoidea-06369_anon-2851	114	15	13	64	52	5	13	258	anon-2851
anura-04676_anon-2787	54	13	50	69	56	5	13	242	anon-2787
ranoidea-05310_vtga2-ex1	78	13	18	68	62	5	13	239	vtga2
anura-06040_uce-5450	80	13	15	83	47	5	13	238	uce-5450
ranoidea-05621_ube4b-ex4	72	13	17	86	50	5	13	238	ube4b
anura-05706_uce-0888	55	13	52	61	43	5	13	224	uce-0888
ranoidea-02154_fgd5	74	14	13	66	49	5	13	216	fgd5
anura-02189_arhgef10l-ex2	71	13	50	25	55	5	13	214	arhgef10l
ranoidea-02114_chaf1b-ex2	97	25	34	40	13	5	13	209	chaf1b
anura-04305_pgd-ex3	41	24	13	55	74	5	13	207	pgd
ranoidea-05213_zfyve1-ex1	46	13	35	59	53	5	13	206	zfyve1
ranoidea-04371_slc12a8l-ex2	36	13	48	60	47	5	13	204	slc12a8l
ranoidea-05533_pdcd4-ex2	112	13	29	28	15	5	13	197	pdcd4
anura-03575_adck1	24	29	57	13	72	5	13	195	adck1
anura-00283_adgrl2-ex1	40	33	61	13	37	5	13	184	adgrl2
anura-03995_umps-ex1	66	14	13	33	35	5	13	161	umps
anura-05967_rorb	13	15	48	35	48	5	13	159	rorb
anura-02893_irf8-ex2	74	13	24	28	18	5	13	157	irf8
anura-04500_anon-2718	41	13	14	74	15	5	13	157	anon-2718
anura-02376_vps72-ex1	79	17	13	32	14	5	13	155	vps72
anura-01567_sdf2	70	23	13	14	21	5	13	141	sdf2
ranoidea-03758_chrnb3	59	15	13	23	30	5	13	140	chrnb3
anura-06191_uce-7521	30	13	13	24	51	5	13	131	uce-7521
anura-00233_ampd3-ex2	13	16	36	40	22	5	13	127	ampd3
ranoidea-07089_yars-ex1	54	14	13	22	13	5	13	116	yars
ranoidea-02263_dct-ex1	13	13	21	39	26	5	13	112	dct
ranoidea-06386_anon-2856	4953	12	26	4328	5946	5	12	15265	anon-2856
ranoidea-01545_loc101733398	6219	35	12	480	510	5	12	7256	loc101733398
ranoidea-06172_c1orf116	2717	19	12	1120	2180	5	12	6048	c1orf116
ranoidea-05287_rab3gap1-ex1	883	12	178	994	860	5	12	2927	rab3gap1
ranoidea-05216_sipa1l1-ex1	1265	12	144	768	734	5	12	2923	sipa1l1
anura-02739_itgb2-ex2	477	12	138	755	883	5	12	2265	itgb2
ranoidea-07060_anon-3065	715	12	49	1018	323	5	12	2117	anon-3065
ranoidea-02923_anon-1751	1352	49	12	301	263	5	12	1977	anon-1751
ranoidea-03857_hspbap1	853	155	331	12	368	5	12	1719	hspbap1
ranoidea-05682_anln2-ex2	312	12	25	495	515	5	12	1359	anln2
anura-00620_herc6	127	26	12	636	505	5	12	1306	herc6
ranoidea-00157_apbb1ip	697	12	22	243	330	5	12	1304	apbb1ip
ranoidea-03753_qser1	400	12	103	382	399	5	12	1296	qser1
ranoidea-04910_anon-2397	389	12	79	497	289	5	12	1266	anon-2397
ranoidea-00304_mterfd2	85	12	62	742	348	5	12	1249	mterfd2
ranoidea-02592_luc7l3-ex2	59	12	20	1019	54	5	12	1164	luc7l3
ranoidea-01757_anon-1398	350	12	15	434	346	5	12	1157	anon-1398
ranoidea-05319_anon-2533	534	19	12	404	139	5	12	1108	anon-2533
ranoidea-06125_anon-2779	341	48	12	272	397	5	12	1070	anon-2779
anura-02266_hck-ex2	287	34	12	389	339	5	12	1061	hck
ranoidea-06646_ptprs	265	12	27	384	346	5	12	1034	ptprs
ranoidea-01555_anon-1337	511	14	12	332	67	5	12	936	anon-1337
ranoidea-01610_lyl1	298	12	35	282	301	5	12	928	lyl1
anura-04665_snapc4	199	12	27	313	146	5	12	697	snapc4
ranoidea-03444_aggf1-ex1	173	12	16	255	229	5	12	685	aggf1
anura-02751_fos	329	12	36	206	58	5	12	641	fos
anura-05183_b3glct	277	12	31	129	174	5	12	623	b3glct
ranoidea-01276_scfd1	211	12	40	203	154	5	12	620	scfd1
ranoidea-05864_anon-2705	191	63	12	203	141	5	12	610	anon-2705
ranoidea-06226_zswim3	124	12	16	427	26	5	12	605	zswim3
anura-02724_itsn1l	132	12	15	228	214	5	12	601	itsn1l
ranoidea-04531_pggt1b-ex2	176	12	27	228	151	5	12	594	pggt1b
ranoidea-06827_ddx51-ex6	62	20	12	362	122	5	12	578	ddx51
anura-03718_kcnk1s	104	12	26	160	258	5	12	560	kcnk1s
ranoidea-03953_anon-2096	174	12	172	171	28	5	12	557	anon-2096
ranoidea-01915_anon-1442	363	26	30	12	121	5	12	552	anon-1442
anura-00264_xylt2-ex2	238	12	15	128	125	5	12	518	xylt2
ranoidea-04967_ccdc11-ex1	198	34	12	165	100	5	12	509	ccdc11
anura-02151_pddc1-ex2	144	16	12	283	53	5	12	508	pddc1
ranoidea-02558_slc35f4	125	12	28	172	165	5	12	502	slc35f4
anura-05896_uce-3560	152	12	78	133	93	5	12	468	uce-3560
ranoidea-00361_mrpl3-ex1	140	12	22	182	108	5	12	464	mrpl3
ranoidea-00411_anon-1002	223	18	12	103	71	5	12	427	anon-1002
ranoidea-02649_cnnm3-ex3	187	12	18	116	85	5	12	418	cnnm3
anura-01608_tmem63bs	123	12	27	128	121	5	12	411	tmem63bs
ranoidea-02505_tjp2-ex1	75	12	26	129	169	5	12	411	tjp2
ranoidea-00395_anon-0993	121	12	67	72	119	5	12	391	anon-0993
anura-00167_fmnl3-ex1	104	25	12	114	129	5	12	384	fmnl3
anura-03252_hnrnpdl	92	21	12	159	96	5	12	380	hnrnpdl
anura-00682_vcp	39	12	39	118	134	5	12	342	vcp
anura-01755_ogfod1	145	27	12	50	95	5	12	329	ogfod1
anura-04009_cfap73	153	12	38	106	20	5	12	329	cfap73
anura-05680_uce-0583	66	50	116	84	12	5	12	328	uce-0583
anura-01483_abcb6-ex3	99	12	52	108	50	5	12	321	abcb6
anura-04151_grtp1-ex2	76	12	35	107	89	5	12	319	grtp1
anura-01312_anon-1381	94	12	64	44	90	5	12	304	anon-1381
anura-01799_smtn-ex4	86	12	23	101	75	5	12	297	smtn
anura-05170_scp2	148	12	22	32	83	5	12	297	scp2
anura-06230_uce-8014	57	12	51	64	75	5	12	259	uce-8014
anura-05780_uce-1963	81	12	56	74	32	5	12	255	uce-1963
ranoidea-00905_inf2	79	13	12	87	57	5	12	248	inf2
anura-00474_rfc2	71	12	12	92	58	5	12	245	rfc2
anura-03248_taf1-ex2	136	31	25	24	12	5	12	228	taf1
ranoidea-06110_dgkd-ex2	102	12	18	47	15	5	12	194	dgkd
ranoidea-03819_zmym3-ex3	95	21	35	12	19	5	12	182	zmym3
ranoidea-01051_mcm2-ex3	22	24	74	12	47	5	12	179	mcm2
anura-03502_grhl1	79	13	12	33	39	5	12	176	grhl1
ranoidea-05404_lsr1	18	14	12	51	73	5	12	168	lsr1
anura-06189_uce-7507	41	12	23	36	48	5	12	160	uce-7507
ranoidea-00822_ubap2-ex4	37	12	15	24	70	5	12	158	ubap2
ranoidea-00120_kcnma1-ex1	35	12	22	44	44	5	12	157	kcnma1
anura-02147_deaf1	52	12	17	24	31	5	12	136	deaf1
anura-06023_uce-5296	45	15	26	34	12	5	12	132	uce-5296
anura-05842_prdm5	40	12	23	24	30	5	12	129	prdm5
ranoidea-05293_anon-2527	38	12	13	30	35	5	12	128	anon-2527
anura-06155_uce-6990	38	12	27	18	31	5	12	126	uce-6990
anura-01832_anks3-ex1	44	26	31	12	12	5	12	125	anks3
anura-05736_uce-1354	28	12	21	24	26	5	12	111	uce-1354
anura-05727_uce-1201	20	21	23	26	12	5	12	102	uce-1201
anura-06017_elavl4	12	24	13	24	21	5	12	94	elavl4
ranoidea-04455_rpl28	12	17	21	22	19	5	12	91	rpl28
anura-05999_uce-4966	12	14	23	18	22	5	12	89	uce-4966
ranoidea-06844_podn-ex2	24	13	21	19	12	5	12	89	podn
ranoidea-03554_elll	1646	11	11	2971	2927	5	11	7566	elll
anura-01602_babam1-ex1	2095	567	11	1394	1315	5	11	5382	babam1
ranoidea-06623_zc3h13-ex3	1318	11	52	913	1396	5	11	3690	zc3h13
anura-02729_fjx1	1027	11	12	1158	890	5	11	3098	fjx1
ranoidea-05601_espn	883	11	39	842	600	5	11	2375	espn
anura-02880_thop1-ex1	639	11	39	615	714	5	11	2018	thop1
anura-02441_xetrov90006897mg	525	11	67	815	591	5	11	2009	xetrov90006897mg
ranoidea-01741_vnn2	123	11	28	860	286	5	11	1308	vnn2
anura-03772_atp12a2-ex1	522	11	24	325	405	5	11	1287	atp12a2
ranoidea-01718_znf770	470	11	55	637	17	5	11	1190	znf770
anura-04905_anon-2896	424	11	19	421	303	5	11	1178	anon-2896
anura-03444_loc105947166-ex2	416	11	71	175	313	5	11	986	loc105947166
ranoidea-02045_anon-1485	237	11	221	272	240	5	11	981	anon-1485
anura-04721_ccndbp1	398	11	20	311	176	5	11	916	ccndbp1
anura-05212_fut11-ex2	373	11	16	259	248	5	11	907	fut11
ranoidea-06295_anon-2820	143	13	11	362	174	5	11	703	anon-2820
anura-02298_homer3	152	13	11	301	193	5	11	670	homer3
ranoidea-03374_ints1l	188	11	40	212	206	5	11	657	ints1l
ranoidea-02431_impad1	284	11	24	170	167	5	11	656	impad1
ranoidea-05050_znf598-ex1	38	11	14	254	337	5	11	654	znf598
ranoidea-03061_leprel4-ex2	187	11	62	202	127	5	11	589	leprel4
anura-05094_cd151-ex2	151	11	35	195	162	5	11	554	cd151
anura-03195_kat2a-ex2	206	11	24	151	138	5	11	530	kat2a
ranoidea-04045_loc108698716	111	21	11	178	179	5	11	500	loc108698716
anura-04722_ddx27-ex1	167	11	45	118	121	5	11	462	ddx27
anura-00142_mastl-ex1	202	11	63	47	120	5	11	443	mastl
anura-03875_aifm2-ex2	171	21	11	81	121	5	11	405	aifm2
ranoidea-06570_loc108700035	113	11	15	122	132	5	11	393	loc108700035
ranoidea-02517_plxnb3	85	11	52	137	105	5	11	390	plxnb3
ranoidea-04223_ptprf-ex4	138	11	53	83	102	5	11	387	ptprf
anura-01331_taf4b-ex1	256	28	11	46	40	5	11	381	taf4b
anura-04545_syne3-ex2	91	11	29	130	120	5	11	381	syne3
ranoidea-04767_loc108713140	121	11	16	102	109	5	11	359	loc108713140
ranoidea-01310_anon-1261	100	11	21	125	101	5	11	358	anon-1261
ranoidea-00854_anon-1130	123	11	28	103	82	5	11	347	anon-1130
anura-00551_siael	72	11	67	46	144	5	11	340	siael
anura-00130_otud41-ex1	141	11	27	101	54	5	11	334	otud41
ranoidea-03057_anon-1801	13	11	16	101	187	5	11	328	anon-1801
anura-03991_ppap2c-ex2	44	11	34	82	148	5	11	319	ppap2c
ranoidea-01582_fam73b	47	11	30	140	85	5	11	313	fam73b
anura-05326_myo1e2-ex3	147	14	11	111	25	5	11	308	myo1e2
ranoidea-04537_gipc2	104	11	13	109	57	5	11	294	gipc2
ranoidea-06061_loc100493382	81	19	11	75	104	5	11	290	loc100493382
anura-03701_atat1-ex2	84	16	11	96	78	5	11	285	atat1
ranoidea-02075_asns-ex2	113	20	11	56	78	5	11	278	asns
ranoidea-01315_anon-1262	68	22	11	108	61	5	11	270	anon-1262
ranoidea-00138_rpl7l1l-ex1	83	11	23	111	35	5	11	263	rpl7l1l
ranoidea-03811_rps6ka6-ex3	115	11	23	25	86	5	11	260	rps6ka6
ranoidea-00240_anon-0936	160	22	11	27	24	5	11	244	anon-0936
ranoidea-04862_anon-2384	47	11	18	28	130	5	11	234	anon-2384
anura-03644_atp6v1b1-ex1	33	11	12	133	42	5	11	231	atp6v1b1
ranoidea-03382_rsg1	72	11	35	31	82	5	11	231	rsg1
ranoidea-05890_brix1-ex1	91	11	20	31	74	5	11	227	brix1
ranoidea-00863_anon-1134	91	12	11	37	58	5	11	209	anon-1134
ranoidea-04306_fnbp1l	11	35	66	36	57	5	11	205	fnbp1l
ranoidea-03223_spire1	63	11	12	86	29	5	11	201	spire1
anura-05901_uce-3603	58	11	35	42	50	5	11	196	uce-3603
anura-06114_uce-6478	54	11	13	53	57	5	11	188	uce-6478
ranoidea-03696_mms19	70	14	11	24	69	5	11	188	mms19
anura-01434_pdgfrl-ex2	33	11	41	86	13	5	11	184	pdgfrl
anura-05801_uce-2253	33	11	43	49	44	5	11	180	uce-2253
anura-04314_nr1h2	92	11	16	46	14	5	11	179	nr1h2
anura-03283_ngly1	46	11	26	57	32	5	11	172	ngly1
anura-05935_uce-4014	27	11	32	50	37	5	11	157	uce-4014
ranoidea-05788_slc3a1-ex1	24	11	21	35	57	5	11	148	slc3a1
anura-06057_gba3	27	11	26	33	47	5	11	144	gba3
anura-01636_arsb	54	11	28	23	25	5	11	141	arsb
anura-05973_uce-4557	39	11	32	28	29	5	11	139	uce-4557
anura-06064_uce-5773	54	11	15	24	25	5	11	129	uce-5773
ranoidea-02749_eif5bs	34	11	44	16	19	5	11	124	eif5bs
anura-06135_uce-6764	38	11	16	43	15	5	11	123	uce-6764
ranoidea-02462_pdpr-ex2	39	14	11	27	31	5	11	122	pdpr
ranoidea-07006_tmem185a-ex1	44	12	11	20	35	5	11	122	tmem185a
anura-06223_zfand3	39	27	14	20	11	5	11	111	zfand3
ranoidea-02663_anon-1662	22	11	16	44	18	5	11	111	anon-1662
ranoidea-01085_anon-1199	35	11	18	23	23	5	11	110	anon-1199
ranoidea-01768_clcn6-ex2	30	11	11	30	26	5	11	108	clcn6
anura-03614_anon-2323	23	21	31	19	11	5	11	105	anon-2323
anura-06078_uce-5968	19	11	35	13	24	5	11	102	uce-5968
anura-01476_nol6-ex2	22	20	32	12	11	5	11	97	nol6
ranoidea-03910_ept1l	11	15	16	22	20	5	11	84	ept1l
ranoidea-04899_ankrd52	23	11	16	17	15	5	11	82	ankrd52
anura-06117_uce-6534	21	11	11	17	18	5	11	78	uce-6534
anura-05841_uce-2784	19	15	11	15	12	5	11	72	uce-2784
ranoidea-00877_anon-1144	1303	10	26	1937	2004	5	10	5280	anon-1144
anura-01067_fam160b2-ex1	1638	10	196	1398	1356	5	10	4598	fam160b2
ranoidea-06076_anon-2766	1023	70	10	1117	1476	5	10	3696	anon-2766
ranoidea-03250_mylk4	1182	19	10	1381	872	5	10	3464	mylk4
anura-04767_vav1-ex1	1137	16	10	1277	985	5	10	3425	vav1
ranoidea-05609_ttc34-ex2	1212	10	101	999	939	5	10	3261	ttc34
anura-03007_anon-2082	1067	186	10	1132	814	5	10	3209	anon-2082
ranoidea-05591_stbd1	799	10	186	733	1085	5	10	2813	stbd1
anura-03321_anon-2206	953	10	14	788	757	5	10	2522	anon-2206
anura-00399_c18orf25	633	10	22	1030	785	5	10	2480	c18orf25
anura-04485_thap4	1627	10	31	125	40	5	10	1833	thap4
ranoidea-04064_loc100495179	1366	10	18	160	154	5	10	1708	loc100495179
anura-02566_nhlrc2	801	10	16	442	256	5	10	1525	nhlrc2
ranoidea-05010_anon-2427	396	10	82	584	441	5	10	1513	anon-2427
ranoidea-01316_arfgef1-ex1	510	24	10	395	478	5	10	1417	arfgef1
anura-00529_mcat	295	86	10	433	440	5	10	1264	mcat
ranoidea-02227_anon-1528	564	10	277	231	155	5	10	1237	anon-1528
anura-05340_rint1-ex1	443	10	18	124	524	5	10	1119	rint1
ranoidea-00488_nov	138	10	43	429	499	5	10	1119	nov
anura-04335_fbn1s	325	15	10	301	370	5	10	1021	fbn1s
anura-00751_stpg1	349	10	43	414	178	5	10	994	stpg1
anura-05427_mblac1	497	18	10	204	229	5	10	958	mblac1
anura-02113_anon-1691	364	50	10	242	290	5	10	956	anon-1691
ranoidea-05219_sh3rf2	293	10	40	336	270	5	10	949	sh3rf2
ranoidea-06544_tgfbr3	278	10	29	278	306	5	10	901	tgfbr3
ranoidea-01587_loc100495696	137	10	187	441	29	5	10	804	loc100495696
anura-03370_sybu-ex2	436	10	35	141	87	5	10	709	sybu
anura-00063_anon-0873	240	10	26	288	127	5	10	691	anon-0873
anura-00644_sostdc1	196	17	10	233	197	5	10	653	sostdc1
ranoidea-05929_aga	88	10	13	290	203	5	10	604	aga
anura-01072_loc108704887	160	10	42	198	186	5	10	596	loc108704887
anura-01393_phc1-ex3	246	10	21	141	143	5	10	561	phc1
ranoidea-01444_loc100498229	83	10	64	80	320	5	10	557	loc100498229
anura-03373_fam20c	176	10	16	183	144	5	10	529	fam20c
anura-02559_xnf7-b	99	10	26	107	268	5	10	510	xnf7-b
ranoidea-02621_pik3c2as	212	22	10	221	37	5	10	502	pik3c2as
ranoidea-03964_galnt9	122	10	47	187	136	5	10	502	galnt9
anura-00208_myo102s	196	10	24	133	68	5	10	431	myo102s
anura-06125_uce-6621	190	54	83	79	10	5	10	416	uce-6621
ranoidea-05687_tgfbr2	107	10	14	156	121	5	10	408	tgfbr2
ranoidea-04631_abhd2	134	15	10	75	169	5	10	403	abhd2
anura-01163_ctnnal1	83	10	19	123	157	5	10	392	ctnnal1
anura-04992_elp2-ex2	18	10	37	147	128	5	10	340	elp2
ranoidea-03858_slc15a2	58	10	59	68	139	5	10	334	slc15a2
ranoidea-06198_anon-2797	113	11	10	121	78	5	10	333	anon-2797
anura-03688_bub1l	144	10	18	69	90	5	10	331	bub1l
ranoidea-02438_naprts-ex2	107	30	15	10	159	5	10	321	naprts
anura-01983_hif1a	200	23	47	10	40	5	10	320	hif1a
ranoidea-06072_anon-2765	18	10	74	79	139	5	10	320	anon-2765
anura-01895_mrps14	104	10	15	88	100	5	10	317	mrps14
ranoidea-01878_aox1-ex2	108	10	18	58	109	5	10	303	aox1
anura-02280_thsd1	99	10	54	59	79	5	10	301	thsd1
ranoidea-01111_nom1	107	10	10	97	69	5	10	293	nom1
ranoidea-06456_stard9l-ex1	101	11	10	103	66	5	10	291	stard9l
anura-04073_sgcb-ex2	70	10	43	118	44	5	10	285	sgcb
ranoidea-04989_cdc42bpb-ex4	83	10	26	149	11	5	10	279	cdc42bpb
anura-01443_pdha1	103	10	34	41	70	5	10	258	pdha1
anura-02152_zmynd10-ex1	65	10	29	59	88	5	10	251	zmynd10
ranoidea-03355_loc108716563-ex1	135	11	10	60	28	5	10	244	loc108716563
anura-03018_gna13	31	10	33	67	85	5	10	226	gna13
ranoidea-02711_anon-1683	73	13	91	39	10	5	10	226	anon-1683
ranoidea-01379_tmem184c	102	10	19	21	62	5	10	214	tmem184c
ranoidea-05029_rbm26-ex2	16	10	47	38	100	5	10	211	rbm26
ranoidea-06834_smarcb1	51	20	10	60	68	5	10	209	smarcb1
anura-00604_slc23a2-ex1	51	10	31	55	56	5	10	203	slc23a2
anura-05430_slc25a39-ex1	66	21	18	10	79	5	10	194	slc25a39
ranoidea-05906_sept2	71	10	12	60	37	5	10	190	sept2
anura-02392_apbb2	54	10	38	45	40	5	10	187	apbb2
anura-06139_uce-6809	54	10	19	52	51	5	10	186	uce-6809
ranoidea-04739_ccnyl1	35	10	36	55	49	5	10	185	ccnyl1
ranoidea-04510_tdo2l	92	20	10	37	19	5	10	178	tdo2l
anura-05644_uce-0093	43	10	21	53	46	5	10	173	uce-0093
ranoidea-01638_hspa5-ex2	22	10	13	75	43	5	10	163	hspa5
anura-06039_xetrov90024187mg-ex1	37	10	11	48	53	5	10	159	xetrov90024187mg
ranoidea-07305_mrpl11	55	10	14	51	19	5	10	149	mrpl11
anura-06177_uce-7350	65	10	12	28	23	5	10	138	uce-7350
anura-01318_anon-1383	32	15	22	10	56	5	10	135	anon-1383
ranoidea-04749_anon-2337	12	11	19	10	82	5	10	134	anon-2337
anura-00289_atxn2l	33	16	10	37	36	5	10	132	atxn2l
anura-06213_uce-7819	43	10	11	52	13	5	10	129	uce-7819
anura-06116_uce-6512	23	10	38	32	25	5	10	128	uce-6512
ranoidea-06787_ddx31-ex1	38	12	10	34	26	5	10	120	ddx31
anura-06229_xetrov90000766mg	10	22	21	30	30	5	10	113	xetrov90000766mg
ranoidea-04401_anon-2234	23	23	10	12	43	5	10	111	anon-2234
anura-00369_ttyh2-ex2	53	10	18	19	10	5	10	110	ttyh2
anura-01592_efr3b	22	10	14	24	31	5	10	101	efr3b
anura-05892_evi5	14	10	19	18	35	5	10	96	evi5
ranoidea-00817_anon-1121	21	10	23	14	27	5	10	95	anon-1121
anura-01280_pla2g6-ex2	39	12	18	10	12	5	10	91	pla2g6
ranoidea-07386_uce-7617	23	10	26	15	11	5	10	85	uce-7617
anura-06232_uce-8041	10	11	27	17	18	5	10	83	uce-8041
anura-06069_uce-5817	24	10	13	17	18	5	10	82	uce-5817
anura-05821_uce-2511	13	10	12	21	15	5	10	71	uce-2511
ranoidea-04116_mkx	18	10	13	12	14	5	10	67	mkx
anura-06020_uce-5224	12	10	10	11	11	5	10	54	uce-5224
anura-04109_surf6	1028	14	9	814	17516	5	9	19381	surf6
ranoidea-06410_anon-2864	2498	9	10	2506	2047	5	9	7070	anon-2864
anura-02134_msra2-ex3	955	9	311	368	753	5	9	2396	msra2
anura-02245_tmem8b	122	9	40	1849	225	5	9	2245	tmem8b
anura-00923_setd8-ex1	558	9	23	583	450	5	9	1623	setd8
ranoidea-00416_ranbp2-ex3	512	9	129	493	330	5	9	1473	ranbp2
ranoidea-05366_stat2	594	27	9	356	316	5	9	1302	stat2
anura-04945_hspa13-ex3	374	9	95	362	457	5	9	1297	hspa13
ranoidea-03088_tcp11l2	353	9	42	277	347	5	9	1028	tcp11l2
ranoidea-04552_setdb1	469	53	9	226	267	5	9	1024	setdb1
anura-04604_fhod1l	270	9	14	373	195	5	9	861	fhod1l
ranoidea-06777_fgfr4-ex2	310	72	9	224	235	5	9	850	fgfr4
anura-04962_shroom4-ex2	214	9	19	319	283	5	9	844	shroom4
anura-03686_bcl2l11	126	9	43	360	288	5	9	826	bcl2l11
anura-02807_dph1-ex2	264	9	50	261	240	5	9	824	dph1
ranoidea-05630_mgc147475-ex1	314	9	15	335	81	5	9	754	mgc147475
ranoidea-00294_engase-ex1	261	9	15	197	265	5	9	747	engase
anura-05278_itga8	174	9	9	256	209	5	9	657	itga8
anura-02394_poc1bl	127	9	35	179	207	5	9	557	poc1bl
ranoidea-01008_anon-1179	242	10	9	77	149	5	9	487	anon-1179
anura-05996_uce-4935	145	9	46	156	117	5	9	473	uce-4935
ranoidea-05067_anon-2450	161	9	27	106	138	5	9	441	anon-2450
anura-02356_loc108695563	172	9	23	76	139	5	9	419	loc108695563
anura-05105_mri1-ex3	81	9	14	129	170	5	9	403	mri1
anura-04744_fsd2-ex2	130	11	9	146	78	5	9	374	fsd2
ranoidea-04320_bub1b-ex3	124	9	71	97	71	5	9	372	bub1b
ranoidea-04130_klhl2-ex2	158	9	36	86	77	5	9	366	klhl2
ranoidea-00379_anon-0991	106	9	47	79	87	5	9	328	anon-0991
anura-00335_sytl2l	114	9	16	106	76	5	9	321	sytl2l
anura-05251_gtf2f1-ex2	79	9	40	141	43	5	9	312	gtf2f1
ranoidea-02791_anon-1700	62	20	9	100	116	5	9	307	anon-1700
ranoidea-01678_btg5-ex1	121	10	9	68	92	5	9	300	btg5
ranoidea-06748_primpol	145	44	29	66	9	5	9	293	primpol
ranoidea-04588_loc101733439-ex1	117	9	25	66	75	5	9	292	loc101733439
anura-02055_ehmt2-ex6	79	9	26	145	19	5	9	278	ehmt2
anura-02938_rlf-ex2	72	9	61	32	100	5	9	274	rlf
ranoidea-04364_anon-2225	49	9	52	30	118	5	9	258	anon-2225
anura-02232_anon-1761	130	9	12	20	70	5	9	241	anon-1761
ranoidea-04511_rapsn	49	9	24	82	75	5	9	239	rapsn
ranoidea-01946_osbpl2	73	9	35	53	66	5	9	236	osbpl2
ranoidea-01793_unc13c	79	9	33	35	75	5	9	231	unc13c
ranoidea-05302_g6pd-ex1	37	9	24	99	60	5	9	229	g6pd
anura-04377_lrrc6-ex1	54	10	14	139	9	5	9	226	lrrc6
ranoidea-03289_otub1	39	9	20	10	140	5	9	218	otub1
anura-00947_gtdc1	85	9	13	63	43	5	9	213	gtdc1
anura-00749_syne2-ex5	115	9	9	61	18	5	9	212	syne2
anura-04178_nnt-ex1	71	9	17	63	48	5	9	208	nnt
ranoidea-04940_loc549454	65	9	38	59	37	5	9	208	loc549454
ranoidea-06154_c3orf17	70	31	46	9	43	5	9	199	c3orf17
ranoidea-03788_anon-2042	69	9	12	46	59	5	9	195	anon-2042
ranoidea-02524_anon-1621	86	9	39	15	44	5	9	193	anon-1621
ranoidea-04117_col18a1	40	13	9	97	29	5	9	188	col18a1
ranoidea-06917_anon-3021	30	9	12	13	114	5	9	178	anon-3021
anura-01124_snx1	42	9	27	35	64	5	9	177	snx1
anura-05366_def8-ex2	11	9	40	62	54	5	9	176	def8
anura-01982_l3hypdh-ex1	81	24	14	47	9	5	9	175	l3hypdh
anura-02686_cpxm1-ex1	44	9	28	54	38	5	9	173	cpxm1
anura-05823_uce-2527	53	25	9	49	36	5	9	172	uce-2527
anura-02193_tp53inp2	50	9	20	30	58	5	9	167	tp53inp2
anura-03262_anon-2168	73	9	14	32	34	5	9	162	anon-2168
anura-04257_mier3-ex2	53	20	9	35	40	5	9	157	mier3
anura-06074_uce-5905	51	9	36	32	26	5	9	154	uce-5905
ranoidea-01530_anon-1326	36	9	29	47	32	5	9	153	anon-1326
anura-05794_uce-2131	40	10	9	43	49	5	9	151	uce-2131
anura-05898_uce-3571	31	18	37	49	9	5	9	144	uce-3571
anura-03041_noc4ll	67	9	11	9	45	5	9	141	noc4ll
anura-01937_loc108703118	11	9	27	58	32	5	9	137	loc108703118
anura-01588_fam122b-ex2	19	21	9	72	15	5	9	136	fam122b
ranoidea-00662_cdk11b	37	10	9	34	44	5	9	134	cdk11b
ranoidea-03601_anon-1974	65	9	18	20	22	5	9	134	anon-1974
anura-02524_ahnak	18	9	26	29	48	5	9	130	ahnak
anura-05942_uce-4110	34	9	25	37	23	5	9	128	uce-4110
anura-06061_uce-5684	39	12	9	39	17	5	9	116	uce-5684
ranoidea-06812_loc108699478	17	17	18	50	9	5	9	111	loc108699478
anura-05983_uce-4716	20	9	21	34	21	5	9	105	uce-4716
ranoidea-02596_hook2	19	10	9	27	35	5	9	100	hook2
anura-03706_gnl1-ex1	19	11	9	28	22	5	9	89	gnl1
ranoidea-01142_nop58-ex2	21	17	9	10	32	5	9	89	nop58
anura-02077_slc6a16l	12	23	9	18	25	5	9	87	slc6a16l
anura-03867_map3k3	9	9	18	28	12	5	9	76	map3k3
anura-06048_uce-5542	20	12	18	9	10	5	9	69	uce-5542
anura-04479_iws1	42211	125	8	364	637	5	8	43345	iws1
ranoidea-02634_anon-1650	1769	93	8	2323	2413	5	8	6606	anon-1650
anura-02160_anon-1708	1776	8	241	1850	2452	5	8	6327	anon-1708
anura-02967_brd2-ex1	944	8	50	675	1014	5	8	2691	brd2
anura-04319_nipa2	672	8	50	698	704	5	8	2132	nipa2
anura-03193_ovol2	674	8	11	753	631	5	8	2077	ovol2
ranoidea-02811_taldo1	702	8	32	611	594	5	8	1947	taldo1
ranoidea-01259_tep1-ex2	625	12	8	578	397	5	8	1620	tep1
ranoidea-03173_anon-1844	401	8	24	551	528	5	8	1512	anon-1844
anura-01706_ccdc178	443	8	30	563	434	5	8	1478	ccdc178
anura-00621_hsd17b13	602	8	31	425	387	5	8	1453	hsd17b13
ranoidea-03714_golim4	8	68	29	476	854	5	8	1435	golim4
ranoidea-07084_anon-3074	494	8	8	339	552	5	8	1401	anon-3074
anura-05512_aagab	298	18	8	616	453	5	8	1393	aagab
ranoidea-01925_iqsec2	271	18	8	670	423	5	8	1390	iqsec2
ranoidea-01519_anon-1322	350	10	8	478	531	5	8	1377	anon-1322
anura-00929_atp6v0a2-ex2	508	43	8	408	303	5	8	1270	atp6v0a2
ranoidea-00946_sgol1	357	8	205	288	412	5	8	1270	sgol1
anura-05447_dhrs7b-ex1	423	10	8	483	343	5	8	1267	dhrs7b
anura-02330_anon-1814	235	38	8	175	705	5	8	1161	anon-1814
anura-04418_tnip2-ex1	255	8	22	258	555	5	8	1098	tnip2
anura-02288_trdmt1	350	8	54	293	392	5	8	1097	trdmt1
ranoidea-06983_anon-3039	534	14	8	443	95	5	8	1094	anon-3039
anura-02666_gata3	275	8	19	329	421	5	8	1052	gata3
ranoidea-05795_anon-2689	443	8	34	488	73	5	8	1046	anon-2689
ranoidea-04463_fam8a1-ex2	282	8	83	368	257	5	8	998	fam8a1
ranoidea-05495_pbrm1	328	8	26	257	326	5	8	945	pbrm1
ranoidea-05022_spata5-ex1	327	8	127	266	204	5	8	932	spata5
ranoidea-06795_smc2l	225	8	124	237	296	5	8	890	smc2l
ranoidea-00492_anon-1029	347	8	11	29	453	5	8	848	anon-1029
anura-04038_xetrov90016849mg-ex2	269	60	8	257	240	5	8	834	xetrov90016849mg
ranoidea-06582_frmpd3	324	8	53	274	146	5	8	805	frmpd3
anura-00898_fli1	212	8	26	289	236	5	8	771	fli1
anura-01069_nudt18	270	8	34	211	226	5	8	749	nudt18
ranoidea-07274_nfatc2-ex2	206	8	8	342	178	5	8	742	nfatc2
ranoidea-05364_tmem198	286	8	69	149	204	5	8	716	tmem198
ranoidea-04383_serpina1	91	8	18	302	211	5	8	630	serpina1
ranoidea-00696_c6orf203	45	12	8	309	191	5	8	565	c6orf203
ranoidea-07302_athl1l-ex2	154	34	8	173	196	5	8	565	athl1l
anura-00280_anon-0965	188	8	51	159	158	5	8	564	anon-0965
anura-01550_rgs12	201	79	8	63	204	5	8	555	rgs12
anura-03330_pole3	166	31	8	163	187	5	8	555	pole3
ranoidea-05743_sgip1	138	8	15	247	133	5	8	541	sgip1
ranoidea-01891_cltc	154	19	8	155	167	5	8	503	cltc
anura-04089_anon-2547	162	8	31	142	148	5	8	491	anon-2547
anura-02530_nxf1-ex4	116	8	10	170	186	5	8	490	nxf1
ranoidea-01180_loc108706833	162	8	9	133	149	5	8	461	loc108706833
anura-03016_suz12	122	8	35	138	157	5	8	460	suz12
anura-01615_anon-1491	172	8	10	84	159	5	8	433	anon-1491
anura-05099_osbpl1a	223	8	61	57	70	5	8	419	osbpl1a
anura-04331_wwc2	139	8	36	87	136	5	8	406	wwc2
ranoidea-02082_loc108718458	120	8	17	97	164	5	8	406	loc108718458
anura-03506_adam17-ex3	162	24	8	79	110	5	8	383	adam17
ranoidea-02560_dact1	118	8	12	94	141	5	8	373	dact1
anura-01735_arhgap25	18	8	35	120	191	5	8	372	arhgap25
anura-01767_pmpca	147	8	17	134	64	5	8	370	pmpca
anura-00840_rttn-ex2	66	8	38	114	120	5	8	346	rttn
anura-01582_ints6l	115	8	24	132	66	5	8	345	ints6l
ranoidea-02815_eps8l2s	120	8	16	122	59	5	8	325	eps8l2s
anura-00512_dctn1-ex2	112	8	19	116	50	5	8	305	dctn1
ranoidea-01414_ppib	75	8	34	74	114	5	8	305	ppib
ranoidea-05475_anon-2590	109	8	24	58	101	5	8	300	anon-2590
ranoidea-07285_hexdc	22	11	8	93	159	5	8	293	hexdc
ranoidea-04360_yars2	84	24	8	78	94	5	8	288	yars2
ranoidea-02052_loc100487674	145	8	25	54	53	5	8	285	loc100487674
anura-01397_uvssa-ex1	70	8	31	106	67	5	8	282	uvssa
ranoidea-00960_anon-1169	181	8	15	32	44	5	8	280	anon-1169
anura-03442_ppfibp2-ex3	69	8	39	106	55	5	8	277	ppfibp2
anura-02520_mark2-ex1	44	8	11	118	94	5	8	275	mark2
anura-02130_kiaa1429-ex1	124	8	39	36	64	5	8	271	kiaa1429
anura-03919_runx1-ex1	102	11	8	81	58	5	8	260	runx1
anura-03163_col6a1-ex2	59	8	29	101	60	5	8	257	col6a1
anura-02638_dnali1	89	8	49	67	34	5	8	247	dnali1
ranoidea-03168_traf2-ex2	43	8	36	127	29	5	8	243	traf2
anura-00067_mettl25	57	8	18	38	110	5	8	231	mettl25
anura-01011_loc108698439	40	8	18	97	65	5	8	228	loc108698439
anura-00210_anon-0931	54	18	8	109	36	5	8	225	anon-0931
anura-04871_crybb1	83	10	8	67	47	5	8	215	crybb1
ranoidea-07368_wnk2	91	8	15	77	23	5	8	214	wnk2
anura-06050_uce-5565	60	8	37	59	45	5	8	209	uce-5565
ranoidea-01579_anon-1344	63	8	8	76	48	5	8	203	anon-1344
anura-06183_usp9xs	23	20	67	76	8	5	8	194	usp9xs
anura-02561_pdcd2-ex1	29	8	26	63	67	5	8	193	pdcd2
anura-05101_dennd1cl-ex2	53	8	18	42	68	5	8	189	dennd1cl
anura-00656_tvp23b-ex2	29	8	22	68	58	5	8	185	tvp23b
ranoidea-01248_efr3a-ex5	49	8	71	42	13	5	8	183	efr3a
anura-01966_tmco4-ex1	45	8	24	55	40	5	8	172	tmco4
anura-00228_usp47-ex1	42	8	70	22	25	5	8	167	usp47
anura-05406_pif1l-ex5	44	18	8	75	17	5	8	162	pif1l
ranoidea-03835_pde11a	55	8	15	50	32	5	8	160	pde11a
anura-02172_slc7a7	72	24	32	8	22	5	8	158	slc7a7
ranoidea-04748_dnajc2	8	34	29	60	26	5	8	157	dnajc2
anura-00472_eif4h-ex1	59	8	22	26	28	5	8	143	eif4h
anura-00445_prpsap1-ex2	76	8	23	23	11	5	8	141	prpsap1
anura-02284_msrb2-ex1	12	8	48	43	28	5	8	139	msrb2
anura-05947_uce-4190	32	10	8	68	18	5	8	136	uce-4190
ranoidea-00337_mgrn1	64	10	18	8	33	5	8	133	mgrn1
anura-05638_uce-0018	29	8	11	40	40	5	8	128	uce-0018
ranoidea-04004_fermt2	8	21	10	32	56	5	8	127	fermt2
anura-05724_uce-1150	33	8	11	43	20	5	8	115	uce-1150
anura-01820_pigq	17	8	17	44	22	5	8	108	pigq
anura-06015_uce-5188	29	16	8	24	20	5	8	97	uce-5188
ranoidea-04734_anon-2331	11	8	8	46	10	5	8	83	anon-2331
anura-05818_uce-2487	18	8	18	8	27	5	8	79	uce-2487
ranoidea-00693_rtn4ip1-ex2	18	8	17	17	19	5	8	79	rtn4ip1
anura-05470_ncoa1-ex1	25	8	23	12	9	5	8	77	ncoa1
anura-05859_uce-3020	26	9	17	8	17	5	8	77	uce-3020
anura-03400_anon-2246	8	28	17	8	10	5	8	71	anon-2246
ranoidea-02898_ddx10l	1789	8	7	2079	1518	5	7	5401	ddx10l
anura-01778_brat1-ex2	1654	7	12	1976	1389	5	7	5038	brat1
anura-00401_anon-1015	1440	7	290	1709	1487	5	7	4933	anon-1015
anura-04716_rtkn2	1688	7	462	1628	741	5	7	4526	rtkn2
anura-03399_loc100494722-ex2	1287	7	108	1746	1374	5	7	4522	loc100494722
ranoidea-02708_ccdc39l	941	7	36	956	848	5	7	2788	ccdc39l
anura-03079_fam134b	700	8	7	733	687	5	7	2135	fam134b
ranoidea-02908_npat	665	8	7	582	722	5	7	1984	npat
ranoidea-02843_anon-1720	610	9	7	575	584	5	7	1785	anon-1720
ranoidea-05644_dscaml1-ex1	412	7	361	637	342	5	7	1759	dscaml1
ranoidea-03137_anon-1828	170	69	7	701	479	5	7	1426	anon-1828
ranoidea-04011_malt1-ex1	371	7	79	486	389	5	7	1332	malt1
ranoidea-00065_anon-0880	416	7	36	468	340	5	7	1267	anon-0880
ranoidea-05117_stim2s	311	7	15	566	246	5	7	1145	stim2s
anura-02650_fam117b-ex1	322	8	7	574	162	5	7	1073	fam117b
ranoidea-06298_anon-2822	412	30	7	351	234	5	7	1034	anon-2822
ranoidea-04913_adprm-ex1	327	7	24	224	376	5	7	958	adprm
ranoidea-04634_mga-ex1	645	7	10	55	208	5	7	925	mga
ranoidea-01475_pex11b-ex2	112	7	19	403	348	5	7	889	pex11b
anura-02040_lman2l-ex3	281	7	26	275	226	5	7	815	lman2l
ranoidea-00768_anon-1104	275	7	10	302	215	5	7	809	anon-1104
anura-05413_lrrc19l	384	9	7	128	263	5	7	791	lrrc19l
ranoidea-06999_nsun2	231	142	7	192	207	5	7	779	nsun2
ranoidea-03692_dhx32	250	7	8	189	293	5	7	747	dhx32
ranoidea-02947_anon-1766	242	7	58	208	222	5	7	737	anon-1766
anura-03017_mak	261	7	8	211	240	5	7	727	mak
anura-00121_kiaa1614l	286	7	54	184	159	5	7	690	kiaa1614l
ranoidea-05990_wnk1l	294	44	7	199	121	5	7	665	wnk1l
ranoidea-04228_anon-2162	187	7	13	179	198	5	7	584	anon-2162
anura-02196_anon-1737	194	7	40	134	181	5	7	556	anon-1737
ranoidea-02409_loc100494095	195	7	16	191	142	5	7	551	loc100494095
anura-01437_oit3-ex2	205	8	7	213	91	5	7	524	oit3
ranoidea-07016_mtmr6	139	7	26	169	154	5	7	495	mtmr6
ranoidea-04534_zzz3	149	8	7	209	113	5	7	486	zzz3
ranoidea-06826_anon-2991	229	7	26	157	49	5	7	468	anon-2991
anura-03956_tor3a-ex1	95	7	22	182	128	5	7	434	tor3a
anura-04480_wdr33	196	7	38	64	121	5	7	426	wdr33
ranoidea-07013_mgc147600-ex2	137	7	22	115	144	5	7	425	mgc147600
ranoidea-01861_phka2	168	7	17	102	107	5	7	401	phka2
ranoidea-06315_slc25a24-ex2	83	7	55	85	170	5	7	400	slc25a24
anura-01075_jak2	79	7	24	158	107	5	7	375	jak2
ranoidea-03752_immp1l	98	16	7	191	59	5	7	371	immp1l
ranoidea-00154_anon-0911	32	7	16	175	135	5	7	365	anon-0911
anura-01949_smc5-ex3	105	37	7	34	146	5	7	329	smc5
ranoidea-01394_ppp2r3b-ex1	189	11	7	45	66	5	7	318	ppp2r3b
anura-01302_loc100498095	48	7	14	230	12	5	7	311	loc100498095
anura-01976_rnf112s	103	11	7	118	63	5	7	302	rnf112s
ranoidea-05782_epas1-ex2	54	7	17	78	117	5	7	273	epas1
anura-00546_siae-ex1	70	21	94	7	80	5	7	272	siae
anura-02823_gadd45gip1-ex2	46	23	7	88	90	5	7	254	gadd45gip1
ranoidea-00775_loc100145541-ex1	64	7	28	77	76	5	7	252	loc100145541
anura-01159_znf292-ex2	26	7	33	76	102	5	7	244	znf292
anura-01719_anon-1539	31	7	12	102	87	5	7	239	anon-1539
ranoidea-04952_ift22	93	7	16	16	98	5	7	230	ift22
anura-04482_sap130-ex2	51	9	7	115	38	5	7	220	sap130
ranoidea-00688_ildr1-ex1	163	8	9	31	7	5	7	218	ildr1
ranoidea-01573_kdm5c	48	7	19	80	54	5	7	208	kdm5c
ranoidea-00686_cep131-ex3	55	7	8	45	80	5	7	195	cep131
ranoidea-01594_hadh-ex2	26	9	7	104	36	5	7	182	hadh
anura-03567_rundc1-ex1	68	8	7	72	13	5	7	168	rundc1
anura-00415_fam129b-ex1	65	12	7	65	16	5	7	165	fam129b
ranoidea-04148_anon-2138	65	11	24	52	7	5	7	159	anon-2138
anura-01587_vgll1	63	14	36	36	7	5	7	156	vgll1
ranoidea-01570_pecr	66	7	7	58	18	5	7	156	pecr
ranoidea-03823_anon-2056	40	7	16	63	23	5	7	149	anon-2056
anura-05941_uce-4106	7	19	60	47	15	5	7	148	uce-4106
anura-00869_anon-1197	42	26	50	22	7	5	7	147	anon-1197
anura-04231_itpkc-ex1	21	66	9	25	7	5	7	128	itpkc
ranoidea-00335_sh2b1	20	7	13	59	26	5	7	125	sh2b1
anura-02872_anon-2011	40	7	23	19	33	5	7	122	anon-2011
ranoidea-02483_rbksl	26	8	7	21	57	5	7	119	rbksl
anura-04260_tnni12	27	7	11	37	36	5	7	118	tnni12
ranoidea-07367_uce-4884	26	7	14	48	23	5	7	118	uce-4884
anura-05005_anon-2936	38	7	16	24	32	5	7	117	anon-2936
anura-00160_chtf18-ex1	31	38	22	7	13	5	7	111	chtf18
ranoidea-03610_dyx1c1-ex3	27	7	10	33	30	5	7	107	dyx1c1
ranoidea-02723_loc101730432	21	7	11	42	25	5	7	106	loc101730432
anura-05903_uce-3647	32	7	27	20	9	5	7	95	uce-3647
ranoidea-06115_kiaa1147l-ex1	38	8	7	27	15	5	7	95	kiaa1147l
anura-02812_epb41l1-ex2	26	7	9	26	18	5	7	86	epb41l1
ranoidea-05357_loc100135382-ex3	32	14	7	16	16	5	7	85	loc100135382
ranoidea-06779_med19-ex1	35	7	9	12	21	5	7	84	med19
anura-04681_tpp2-ex3	15	10	19	7	25	5	7	76	tpp2
ranoidea-01264_lonrf3-ex1	23	12	12	20	7	5	7	74	lonrf3
ranoidea-00378_ncapd2-ex2	14	7	12	17	16	5	7	66	ncapd2
anura-03490_cgnl1-ex2	21	8	15	7	9	5	7	60	cgnl1
anura-05883_uce-3334	13	10	7	13	7	5	7	50	uce-3334
ranoidea-01430_loc100489423	4003	6	96	2382	2997	5	6	9484	loc100489423
ranoidea-05393_anon-2560	2851	26	6	2816	1171	5	6	6870	anon-2560
ranoidea-04342_znf532	2184	6	1047	1861	1438	5	6	6536	znf532
ranoidea-04124_anon-2134	2207	6	67	2142	1629	5	6	6051	anon-2134
ranoidea-05401_anon-2562	1756	11	6	1840	1819	5	6	5432	anon-2562
ranoidea-00027_mypn	1522	148	6	1610	1765	5	6	5051	mypn
ranoidea-05367_anon-2553	917	6	117	1027	1101	5	6	3168	anon-2553
ranoidea-01110_ube3c-ex2	640	6	11	1370	890	5	6	2917	ube3c
anura-02256_loc100493771-ex1	1084	64	6	815	849	5	6	2818	loc100493771
anura-00591_wwc3-ex1	1020	6	358	591	568	5	6	2543	wwc3
ranoidea-03145_loc101732014	818	8	6	870	807	5	6	2509	loc101732014
ranoidea-06253_whamm-ex1	524	6	11	823	876	5	6	2240	whamm
anura-03019_utp15l	805	6	38	782	506	5	6	2137	utp15l
anura-01813_tsc2-ex2	669	214	6	507	671	5	6	2067	tsc2
ranoidea-06344_anon-2836	367	6	6	666	883	5	6	1928	anon-2836
ranoidea-01797_dedd2	210	6	87	877	692	5	6	1872	dedd2
ranoidea-02347_sec14l3-ex1	504	6	10	699	644	5	6	1863	sec14l3
ranoidea-06803_anon-2986	1083	6	11	342	247	5	6	1689	anon-2986
anura-04196_loc108702314	511	6	221	405	464	5	6	1607	loc108702314
ranoidea-07088_txlna	544	6	19	521	478	5	6	1568	txlna
anura-01265_loc100496714-ex1	496	6	17	576	409	5	6	1504	loc100496714
ranoidea-03989_lpin1-ex1	383	19	6	542	554	5	6	1504	lpin1
ranoidea-06774_anon-2981	397	50	6	508	459	5	6	1420	anon-2981
anura-01672_tnfrsf19s	280	6	154	543	402	5	6	1385	tnfrsf19s
ranoidea-01037_kif14	432	11	6	496	397	5	6	1342	kif14
anura-02447_ankrd49	521	6	21	383	365	5	6	1296	ankrd49
ranoidea-02757_anon-1693	283	6	41	432	456	5	6	1218	anon-1693
ranoidea-03448_loc100487948	392	6	24	484	268	5	6	1174	loc100487948
ranoidea-04633_anon-2297	254	6	6	533	305	5	6	1104	anon-2297
ranoidea-01733_anon-1393	413	6	18	257	406	5	6	1100	anon-1393
anura-02680_med6	326	6	151	308	303	5	6	1094	med6
ranoidea-00285_polk-ex4	183	16	6	569	311	5	6	1085	polk
ranoidea-02338_anon-1567	207	6	48	502	317	5	6	1080	anon-1567
ranoidea-04567_aqp9-ex2	435	26	6	165	381	5	6	1013	aqp9
anura-03680_fbln7-ex1	257	6	7	388	285	5	6	943	fbln7
anura-01795_gatsl3-ex2	337	44	6	260	287	5	6	934	gatsl3
ranoidea-02035_pm20d1	379	6	26	257	259	5	6	927	pm20d1
ranoidea-04359_fgd4	271	6	50	287	267	5	6	881	fgd4
anura-03661_rfesd-ex2	459	19	6	116	276	5	6	876	rfesd
anura-05035_rpe-ex3	246	6	65	138	419	5	6	874	rpe
ranoidea-04844_anon-2373	363	6	8	88	407	5	6	872	anon-2373
ranoidea-04213_anon-2160	359	8	6	209	262	5	6	844	anon-2160
ranoidea-05111_tbata	660	6	16	115	36	5	6	833	tbata
ranoidea-05456_anon-2581	343	6	22	121	314	5	6	806	anon-2581
ranoidea-01362_ttc1	286	6	84	180	233	5	6	789	ttc1
ranoidea-06732_anon-2962	225	6	7	285	259	5	6	782	anon-2962
anura-02624_anon-1915	342	6	9	194	230	5	6	781	anon-1915
anura-01877_dennd4b	297	14	6	85	347	5	6	749	dennd4b
anura-01876_thada-ex4	364	7	6	55	312	5	6	744	thada
anura-04634_dtymk-ex1	460	6	10	199	67	5	6	742	dtymk
anura-01559_epx-ex1	159	6	77	279	196	5	6	717	epx
ranoidea-04711_slc16a10-ex1	352	6	9	283	50	5	6	700	slc16a10
anura-05414_loc108715544	116	41	6	232	283	5	6	678	loc108715544
ranoidea-06338_anon-2834	138	6	30	280	202	5	6	656	anon-2834
ranoidea-00838_phf20	86	6	9	147	402	5	6	650	phf20
anura-00293_tnfrsf21	264	6	47	138	171	5	6	626	tnfrsf21
ranoidea-01612_dazap2	191	29	6	315	84	5	6	625	dazap2
ranoidea-05076_ddx42-ex1	122	6	10	166	308	5	6	612	ddx42
anura-01494_clec16a	140	6	92	150	199	5	6	587	clec16a
ranoidea-05210_kif27-ex1	164	6	35	211	139	5	6	555	kif27
anura-00765_ncapg	159	6	10	61	301	5	6	537	ncapg
ranoidea-00789_f13b-ex2	232	6	8	119	146	5	6	511	f13b
ranoidea-02334_slc7a1	105	6	35	125	221	5	6	492	slc7a1
anura-03003_khnyns	224	14	6	147	100	5	6	491	khnyns
ranoidea-04670_rad54bl	187	6	30	154	109	5	6	486	rad54bl
ranoidea-02771_asap3	120	6	46	155	149	5	6	476	asap3
ranoidea-05305_uox-ex1	159	6	23	201	78	5	6	467	uox
ranoidea-06250_anon-2809	206	43	166	6	39	5	6	460	anon-2809
ranoidea-05946_galm-ex4	85	6	41	169	150	5	6	451	galm
ranoidea-06015_anon-2741	133	20	6	150	129	5	6	438	anon-2741
anura-02075_ap1g1	94	6	40	202	69	5	6	411	ap1g1
anura-04431_prkrir	137	6	8	236	18	5	6	405	prkrir
ranoidea-04437_wdr18	201	6	22	95	79	5	6	403	wdr18
anura-04940_plekhd1-ex3	132	16	6	107	124	5	6	385	plekhd1
ranoidea-00990_pogz-ex1	211	10	6	57	101	5	6	385	pogz
anura-01462_rpp25ls	116	6	13	95	154	5	6	384	rpp25ls
ranoidea-02427_ubr2	181	6	33	63	75	5	6	358	ubr2
ranoidea-04962_katnal2l	127	6	11	53	159	5	6	356	katnal2l
ranoidea-04685_anon-2316	174	8	6	73	83	5	6	344	anon-2316
ranoidea-03358_loc108719615	32	6	12	135	154	5	6	339	loc108719615
ranoidea-05760_sh3yl1-ex2	7	15	6	134	169	5	6	331	sh3yl1
ranoidea-05999_fbxo33	107	6	36	68	108	5	6	325	fbxo33
ranoidea-06802_jmjd3-ex4	107	9	6	103	91	5	6	316	jmjd3
anura-01193_gmcl1-ex2	100	6	22	117	67	5	6	312	gmcl1
anura-04119_myo5c-ex1	69	6	37	72	107	5	6	291	myo5c
anura-02639_dnali1s	6	28	8	142	104	5	6	288	dnali1s
anura-04172_anon-2578	155	21	14	6	83	5	6	279	anon-2578
ranoidea-04373_dok1	93	16	6	122	33	5	6	270	dok1
anura-01175_chd6-ex4	46	8	6	134	70	5	6	264	chd6
anura-03192_polr3f	127	6	22	28	76	5	6	259	polr3f
anura-03703_anon-2369	90	26	56	6	73	5	6	251	anon-2369
anura-03093_kremen1	60	6	25	77	80	5	6	248	kremen1
ranoidea-07140_rcn3-ex1	53	6	27	127	35	5	6	248	rcn3
ranoidea-05314_ccdc65-ex1	75	6	24	94	44	5	6	243	ccdc65
ranoidea-00059_anon-0879	67	16	6	61	91	5	6	241	anon-0879
ranoidea-01433_anon-1294	93	6	14	42	75	5	6	230	anon-1294
ranoidea-06679_abca1-ex3	56	6	21	47	90	5	6	220	abca1
ranoidea-06783_zdhhc5-ex2	59	6	29	82	44	5	6	220	zdhhc5
anura-03687_acoxl	135	12	6	26	40	5	6	219	acoxl
ranoidea-04607_cbr4-ex2	17	6	57	57	80	5	6	217	cbr4
ranoidea-06667_gluls	6	110	56	13	28	5	6	213	gluls
ranoidea-04450_exoc3l2-ex2	12	6	24	21	144	5	6	207	exoc3l2
anura-05276_ccnk-ex1	26	6	32	83	58	5	6	205	ccnk
ranoidea-06016_slc15a4-ex2	78	6	15	87	16	5	6	202	slc15a4
ranoidea-00894_prkci	78	6	8	55	45	5	6	192	prkci
ranoidea-01669_tdp1	103	6	6	57	13	5	6	185	tdp1
ranoidea-02686_anon-1674	33	6	18	45	77	5	6	179	anon-1674
ranoidea-01460_orc3-ex2	58	6	10	48	55	5	6	177	orc3
ranoidea-02078_anon-1493	67	8	6	62	31	5	6	174	anon-1493
anura-05041_focad-ex3	13	6	32	73	42	5	6	166	focad
ranoidea-00879_hnrnpab	55	16	6	51	37	5	6	165	hnrnpab
anura-01511_adrm1	42	9	6	49	51	5	6	157	adrm1
anura-02976_ccdc58s	37	26	6	50	38	5	6	157	ccdc58s
ranoidea-03667_anon-1998	51	6	14	42	43	5	6	156	anon-1998
ranoidea-03700_etv1	39	6	18	49	43	5	6	155	etv1
anura-01736_cds2	36	6	34	50	28	5	6	154	cds2
ranoidea-03906_crlf3-ex3	6	7	24	102	13	5	6	152	crlf3
anura-05158_kiaa1456-ex1	58	25	25	6	24	5	6	138	kiaa1456
ranoidea-03290_anon-1878	50	6	8	9	59	5	6	132	anon-1878
ranoidea-00910_ppp1r13b	37	6	18	47	23	5	6	131	ppp1r13b
ranoidea-02396_adcy9	12	6	14	66	33	5	6	131	adcy9
anura-05889_uce-3444	59	16	26	21	6	5	6	128	uce-3444
anura-02858_adam12-ex1	50	6	27	32	12	5	6	127	adam12
anura-01467_dhx30	52	6	13	15	34	5	6	120	dhx30
anura-05374_baiap2	20	6	14	41	29	5	6	110	baiap2
ranoidea-01568_tmem169	11	6	19	14	56	5	6	106	tmem169
ranoidea-05093_slc25a4	39	10	6	28	22	5	6	105	slc25a4
anura-01410_loc100489443	22	6	13	52	10	5	6	103	loc100489443
ranoidea-00679_uap1l1	33	7	6	39	11	5	6	96	uap1l1
ranoidea-05982_endou-ex3	10	6	21	28	27	5	6	92	endou
anura-06146_uce-6902	19	6	20	23	15	5	6	83	uce-6902
ranoidea-02458_kiaa0513-ex1	22	7	16	30	6	5	6	81	kiaa0513
anura-04142_atad2	42	6	10	7	15	5	6	80	atad2
anura-05847_uce-2849	35	6	7	17	13	5	6	78	uce-2849
anura-06127_uce-6633	26	6	6	10	26	5	6	74	uce-6633
anura-06194_uce-7553	12	6	10	15	25	5	6	68	uce-7553
anura-00795_ptdss2	17	6	20	16	6	5	6	65	ptdss2
ranoidea-02974_gcdh-ex2	10	14	9	6	18	5	6	57	gcdh
ranoidea-00113_usp5-ex1	6	9	14	8	19	5	6	56	usp5
anura-05908_uce-3693	11	6	11	12	6	5	6	46	uce-3693
ranoidea-00510_sugp2	1315	5	10	2198	1754	5	5	5282	sugp2
anura-02170_oxa1ls	1418	5	96	1642	1296	5	5	4457	oxa1ls
anura-02783_pex1-ex5	1876	5	79	701	687	5	5	3348	pex1
ranoidea-03253_loc100494900	2060	5	7	205	775	5	5	3052	loc100494900
ranoidea-01108_anon-1207	1206	5	6	521	1255	5	5	2993	anon-1207
ranoidea-00867_c3orf67	963	5	154	1184	572	5	5	2878	c3orf67
ranoidea-00848_mfrp	631	6	5	893	663	5	5	2198	mfrp
ranoidea-02311_anon-1559	757	5	13	555	848	5	5	2178	anon-1559
anura-03535_polgl	797	10	620	675	5	5	5	2107	polgl
anura-02931_abt1l-ex1	874	8	5	479	555	5	5	1921	abt1l
ranoidea-03184_hnf1b-ex2	620	5	210	518	424	5	5	1777	hnf1b
anura-01056_xetrov90007899mg-ex1	647	5	19	285	681	5	5	1637	xetrov90007899mg
ranoidea-02694_phlpp2	593	5	22	460	358	5	5	1438	phlpp2
anura-01887_dars2-ex1	563	17	5	367	320	5	5	1272	dars2
ranoidea-02234_anon-1533	392	5	24	257	505	5	5	1183	anon-1533
ranoidea-03801_anon-2052	152	5	17	779	227	5	5	1180	anon-2052
anura-01132_cactin-ex2	190	5	20	600	306	5	5	1121	cactin
anura-05425_lsm1-ex2	385	18	5	443	258	5	5	1109	lsm1
ranoidea-01750_anon-1397	353	5	16	276	338	5	5	988	anon-1397
ranoidea-04167_dzank1	294	5	98	313	273	5	5	983	dzank1
ranoidea-03756_anon-2029	228	5	18	335	355	5	5	941	anon-2029
anura-01787_pkn1	108	5	39	270	495	5	5	917	pkn1
ranoidea-05212_rbm25	355	5	15	102	440	5	5	917	rbm25
anura-00785_llgl1-ex2	341	7	5	87	476	5	5	916	llgl1
ranoidea-02267_anon-1544	332	94	5	178	232	5	5	841	anon-1544
ranoidea-02295_inpp5e-ex4	218	5	20	259	247	5	5	749	inpp5e
anura-00675_stk32c	255	38	5	258	145	5	5	701	stk32c
anura-01783_snx8-ex4	326	25	113	5	232	5	5	701	snx8
anura-01002_aptx-ex1	255	11	5	192	212	5	5	675	aptx
anura-03419_loc108720009	211	16	5	163	273	5	5	668	loc108720009
anura-03659_anon-2344	200	5	26	257	167	5	5	655	anon-2344
anura-06060_uce-5671	224	5	30	187	134	5	5	580	uce-5671
anura-00297_tanc1s	138	5	37	269	130	5	5	579	tanc1s
ranoidea-03725_anon-2019	148	5	41	239	101	5	5	534	anon-2019
ranoidea-02557_anon-1626	282	5	8	30	184	5	5	509	anon-1626
anura-02840_loc100497259	76	26	5	230	163	5	5	500	loc100497259
ranoidea-01724_wdr86-ex2	141	5	8	121	154	5	5	429	wdr86
ranoidea-03267_loc108717885	173	5	43	89	108	5	5	418	loc108717885
anura-04061_kdr-ex3	222	5	25	100	65	5	5	417	kdr
anura-04007_anon-2517	127	5	19	22	231	5	5	404	anon-2517
anura-04438_loc100498108-ex3	188	5	5	69	119	5	5	386	loc100498108
ranoidea-00345_anon-0978	124	6	5	134	68	5	5	337	anon-0978
ranoidea-05316_anon-2532	114	5	19	88	101	5	5	327	anon-2532
anura-04411_loxl2-ex2	169	5	9	56	86	5	5	325	loxl2
ranoidea-04981_znf385b-ex1	116	44	71	5	86	5	5	322	znf385b
anura-00717_ribc1	119	8	5	174	15	5	5	321	ribc1
anura-03784_inpp5k	125	25	5	101	63	5	5	319	inpp5k
ranoidea-06485_nfxl1-ex3	91	5	15	83	113	5	5	307	nfxl1
anura-04592_vps35-ex3	110	5	66	46	79	5	5	306	vps35
ranoidea-06686_nsrp1	40	8	5	141	92	5	5	286	nsrp1
ranoidea-00398_c11orf73-ex2	105	5	22	84	67	5	5	283	c11orf73
ranoidea-06638_pkn3-ex5	100	17	5	86	67	5	5	275	pkn3
anura-04951_anon-2917	90	5	15	15	136	5	5	261	anon-2917
ranoidea-02137_ace	134	5	8	48	66	5	5	261	ace
ranoidea-02647_psd4-ex2	50	5	14	113	79	5	5	261	psd4
ranoidea-03997_tmed8	78	5	11	108	53	5	5	255	tmed8
ranoidea-07024_pi4kb	67	15	5	38	124	5	5	249	pi4kb
anura-04050_ctbs	70	5	54	53	66	5	5	248	ctbs
ranoidea-06148_sardh-ex3	58	5	6	148	29	5	5	246	sardh
ranoidea-04563_fam63b	34	5	6	92	70	5	5	207	fam63b
anura-01461_fam219a	54	5	31	63	45	5	5	198	fam219a
ranoidea-03911_anon-2086	86	5	7	18	72	5	5	188	anon-2086
anura-03216_hcfc2-ex1	64	5	20	48	50	5	5	187	hcfc2
ranoidea-06087_loc100485272	23	5	6	82	68	5	5	184	loc100485272
ranoidea-01007_tmem213l	40	5	29	40	59	5	5	173	tmem213l
anura-01105_slc2a9-ex3	18	5	17	71	58	5	5	169	slc2a9
anura-05312_arfgef3s-ex2	26	5	33	37	55	5	5	156	arfgef3s
ranoidea-01451_prpf391	71	5	20	30	30	5	5	156	prpf391
ranoidea-00779_loc100497434-ex2	24	13	71	5	19	5	5	132	loc100497434
ranoidea-00896_lrrc34-ex2	18	5	6	48	55	5	5	132	lrrc34
anura-06043_uce-5478	46	27	43	5	9	5	5	130	uce-5478
anura-05833_uce-2671	40	10	5	37	36	5	5	128	uce-2671
anura-05860_uce-3025	27	5	29	47	18	5	5	126	uce-3025
ranoidea-00291_cacna1g-ex1	44	13	5	16	48	5	5	126	cacna1g
anura-02934_fam19a4	55	5	6	38	17	5	5	121	fam19a4
ranoidea-04091_anon-2123	38	13	5	56	8	5	5	120	anon-2123
anura-02494_anon-1867	36	5	14	39	20	5	5	114	anon-1867
anura-05907_uce-3669	25	5	24	24	35	5	5	113	uce-3669
anura-02155_gmppb-ex2	49	5	15	34	9	5	5	112	gmppb
anura-06097_uce-6195	29	5	17	40	21	5	5	112	uce-6195
anura-00792_cgn-ex2	48	5	13	14	31	5	5	111	cgn
ranoidea-02618_pik3c2a-ex1	40	17	31	5	18	5	5	111	pik3c2a
anura-03745_odf3	32	12	5	46	10	5	5	105	odf3
anura-04333_secisbp2l-ex2	35	22	36	5	6	5	5	104	secisbp2l
anura-05734_uce-1329	30	5	13	29	22	5	5	99	uce-1329
anura-00933_anon-1215	33	5	6	33	19	5	5	96	anon-1215
anura-05756_uce-1540	26	5	6	31	27	5	5	95	uce-1540
anura-01028_zdhhc6-ex1	12	5	6	27	43	5	5	93	zdhhc6
anura-03383_mcm5-ex1	30	5	22	15	20	5	5	92	mcm5
ranoidea-07389_loc105947334-ex3	27	5	13	33	14	5	5	92	loc105947334
anura-04898_dcps	44	8	5	23	11	5	5	91	dcps
anura-06065_uce-5775	5	5	24	24	30	5	5	88	uce-5775
ranoidea-04661_anon-2310	5	13	12	34	21	5	5	85	anon-2310
ranoidea-05031_pdk3	35	5	11	28	5	5	5	84	pdk3
anura-00971_mmp24	27	5	6	14	30	5	5	82	mmp24
anura-05542_suv420h1	26	5	7	25	17	5	5	80	suv420h1
ranoidea-05987_rad52	24	17	5	9	22	5	5	77	rad52
anura-06208_rbmxs-ex3	28	24	5	11	7	5	5	75	rbmxs
anura-02555_gmps-ex2	30	9	5	16	13	5	5	73	gmps
anura-06009_epc1-ex2	17	5	12	16	21	5	5	71	epc1
anura-03121_srebf1-ex4	23	5	12	10	14	5	5	64	srebf1
ranoidea-04934_med30	14	5	22	5	15	5	5	61	med30
anura-00724_anon-1146	12	5	5	13	25	5	5	60	anon-1146
anura-00051_kiaa1279-ex3	14	12	18	10	5	5	5	59	kiaa1279
anura-05879_uce-3279	5	8	18	15	11	5	5	57	uce-3279
anura-05835_uce-2710	21	8	5	15	6	5	5	55	uce-2710
ranoidea-02857_loc100490503	15	9	5	19	5	5	5	53	loc100490503
anura-00789_fahd2al	9	5	15	8	6	5	5	43	fahd2al
ranoidea-07379_uce-6618	7	7	5	14	6	5	5	39	uce-6618
anura-04656_fam151a	2024	62	4	4716	1936	5	4	8742	fam151a
ranoidea-01860_anon-1429	2415	12	4	2452	2553	5	4	7436	anon-1429
anura-04180_c5orf28	1444	4	5	1415	1793	5	4	4661	c5orf28
ranoidea-00996_slc39a1-ex1	1644	4	14	1661	1321	5	4	4644	slc39a1
ranoidea-05239_anon-2509	1322	22	4	1272	1447	5	4	4067	anon-2509
anura-03724_mgc75872	1205	69	4	1030	1477	5	4	3785	mgc75872
anura-01684_acacb-ex1	962	67	4	1571	909	5	4	3513	acacb
ranoidea-02394_anon-1583	1006	4	22	805	1618	5	4	3455	anon-1583
ranoidea-05182_dhx9-ex1	751	9	4	1297	1261	5	4	3322	dhx9
anura-02654_ica1-ex3	1338	4	9	887	866	5	4	3104	ica1
ranoidea-01976_ubn2	721	20	4	936	820	5	4	2501	ubn2
ranoidea-04963_katnal2	660	54	4	909	812	5	4	2439	katnal2
ranoidea-06086_etaa1	614	4	22	989	683	5	4	2312	etaa1
ranoidea-00354_anon-0983	986	8	4	843	271	5	4	2112	anon-0983
ranoidea-06213_loc100486333-ex2	674	5	4	738	614	5	4	2035	loc100486333
ranoidea-06334_anon-2832	516	4	4	688	751	5	4	1963	anon-2832
anura-01370_loc100494508	628	4	12	589	726	5	4	1959	loc100494508
anura-01604_mgc147419	800	4	15	623	509	5	4	1951	mgc147419
anura-05046_loc100127659	693	4	4	556	671	5	4	1928	loc100127659
ranoidea-01149_anon-1213	4	1818	8	89	8	5	4	1927	anon-1213
ranoidea-05391_anon-2559	593	6	4	782	475	5	4	1860	anon-2559
ranoidea-02946_txnl4a	379	4	83	947	422	5	4	1835	txnl4a
ranoidea-03694_anon-2005	820	4	4	815	185	5	4	1828	anon-2005
ranoidea-07010_anon-3052	684	4	36	655	402	5	4	1781	anon-3052
ranoidea-06765_itfg2l	636	166	4	421	503	5	4	1730	itfg2l
ranoidea-01151_anon-1214	523	49	4	816	292	5	4	1684	anon-1214
anura-00086_tprn	676	4	11	380	528	5	4	1599	tprn
ranoidea-03343_rbm28l	443	342	495	4	265	5	4	1549	rbm28l
anura-01681_dcp1a-ex2	536	4	16	335	629	5	4	1520	dcp1a
ranoidea-06023_loc108713278	672	4	18	274	518	5	4	1486	loc108713278
anura-00879_cebpe	494	4	7	514	464	5	4	1483	cebpe
ranoidea-04421_lmtk2-ex1	477	95	4	527	334	5	4	1437	lmtk2
ranoidea-02176_anon-1519	205	4	28	587	593	5	4	1417	anon-1519
ranoidea-05761_anon-2673	1004	4	4	102	265	5	4	1379	anon-2673
anura-00521_anon-1050	471	4	75	513	301	5	4	1364	anon-1050
ranoidea-02580_abcc10-ex6	470	4	4	467	413	5	4	1358	abcc10
ranoidea-03319_anon-1892	602	53	4	291	401	5	4	1351	anon-1892
anura-02112_loc734042	434	4	70	438	402	5	4	1348	loc734042
anura-02537_anon-1884	511	4	26	523	163	5	4	1227	anon-1884
anura-03981_anon-2496	259	4	11	514	400	5	4	1188	anon-2496
anura-00506_commd1-ex1	512	4	12	209	440	5	4	1177	commd1
anura-00940_morn3-ex2	355	6	4	165	611	5	4	1141	morn3
ranoidea-04212_anon-2159	446	83	4	279	318	5	4	1130	anon-2159
ranoidea-03009_anon-1783	407	4	9	535	172	5	4	1127	anon-1783
anura-03970_xetrov90014452mg	327	4	43	485	258	5	4	1117	xetrov90014452mg
anura-01687_mvkl	269	4	80	318	354	5	4	1025	mvkl
anura-00755_brd8-ex1	186	4	9	452	335	5	4	986	brd8
ranoidea-01781_anon-1408	393	4	4	200	365	5	4	966	anon-1408
ranoidea-02323_ftsj2-ex2	306	4	136	294	217	5	4	957	ftsj2
anura-01354_fzd6-ex3	416	4	5	387	127	5	4	939	fzd6
anura-04251_anon-2619	372	4	67	254	239	5	4	936	anon-2619
ranoidea-04809_anon-2356	535	5	4	77	272	5	4	893	anon-2356
ranoidea-02472_anon-1605	254	4	21	320	288	5	4	887	anon-1605
anura-03654_mtrf1	272	13	4	291	291	5	4	871	mtrf1
ranoidea-06510_anon-2895	274	4	12	332	229	5	4	851	anon-2895
anura-02458_mppe1-ex2	124	4	39	241	418	5	4	826	mppe1
ranoidea-03800_anon-2051	301	6	4	433	76	5	4	820	anon-2051
ranoidea-02413_zdhhc4	215	4	7	287	302	5	4	815	zdhhc4
anura-03893_gtf2b	351	61	4	48	304	5	4	768	gtf2b
ranoidea-05211_dpf3-ex2	487	4	6	8	259	5	4	764	dpf3
ranoidea-00298_paxip1	129	4	15	353	228	5	4	729	paxip1
ranoidea-01463_cfap206-ex2	216	14	4	59	434	5	4	727	cfap206
ranoidea-00934_nhp2	214	4	65	279	152	5	4	714	nhp2
anura-05731_uce-1271	164	4	144	195	186	5	4	693	uce-1271
anura-03656_mad1l1l	196	4	6	244	242	5	4	692	mad1l1l
ranoidea-02033_unc119	252	5	4	157	218	5	4	636	unc119
ranoidea-03564_gpr157-ex4	351	91	134	4	54	5	4	634	gpr157
ranoidea-03650_myl9	226	24	4	256	119	5	4	629	myl9
ranoidea-05445_dnah3	206	36	4	264	119	5	4	629	dnah3
anura-04039_ubl4a	368	4	13	149	94	5	4	628	ubl4a
anura-00257_loc108702973	165	4	72	202	182	5	4	625	loc108702973
ranoidea-03237_haus6	155	5	4	334	124	5	4	622	haus6
anura-04466_akt1s1s	552	4	18	18	26	5	4	618	akt1s1s
ranoidea-06187_anon-2793	159	20	4	387	17	5	4	587	anon-2793
ranoidea-06018_anon-2743	316	4	6	5	253	5	4	584	anon-2743
ranoidea-01219_anon-1228	237	4	22	138	181	5	4	582	anon-1228
ranoidea-03139_bod1l1-ex3	114	4	16	205	232	5	4	571	bod1l1
ranoidea-06106_ep300	276	4	5	152	118	5	4	555	ep300
ranoidea-04649_loc734139	389	5	4	115	31	5	4	544	loc734139
ranoidea-00689_prdm1s	236	19	4	140	142	5	4	541	prdm1s
anura-00973_soga1-ex2	237	4	7	75	210	5	4	533	soga1
ranoidea-02018_anon-1478	155	6	4	188	170	5	4	523	anon-1478
ranoidea-02562_anon-1628	221	4	4	92	177	5	4	498	anon-1628
anura-00048_supv3l1-ex2	257	4	39	61	135	5	4	496	supv3l1
ranoidea-03720_anon-2014	246	4	22	53	168	5	4	493	anon-2014
ranoidea-06091_map7d1s	151	4	11	129	197	5	4	492	map7d1s
anura-02203_calcoco1	150	4	13	130	156	5	4	453	calcoco1
ranoidea-03674_acap2	4	110	108	63	168	5	4	453	acap2
anura-02799_serpinf1-ex1	273	4	6	94	64	5	4	441	serpinf1
anura-04056_kmt2d-ex2	199	4	6	96	133	5	4	438	kmt2d
ranoidea-04040_trip11	227	25	4	96	83	5	4	435	trip11
ranoidea-03152_anon-1833	155	15	4	115	143	5	4	432	anon-1833
ranoidea-05099_spg11l	146	4	31	125	124	5	4	430	spg11l
anura-04450_nr2c1	159	7	4	121	130	5	4	421	nr2c1
anura-01144_rarres3	148	14	4	97	157	5	4	420	rarres3
ranoidea-06141_uhrf2-ex1	211	4	9	158	37	5	4	419	uhrf2
ranoidea-04747_pmpcb-ex2	176	15	4	79	138	5	4	412	pmpcb
ranoidea-02960_utrn-ex2	136	4	8	115	136	5	4	399	utrn
ranoidea-05654_lsm14a-ex3	159	4	30	64	140	5	4	397	lsm14a
ranoidea-04388_dicer1-ex2	64	4	6	207	109	5	4	390	dicer1
anura-00308_anon-0980	152	4	18	128	84	5	4	386	anon-0980
anura-03410_hsd11b2	193	17	4	76	92	5	4	382	hsd11b2
ranoidea-01790_anon-1411	134	18	4	120	99	5	4	375	anon-1411
ranoidea-05771_anon-2676	249	4	9	57	55	5	4	374	anon-2676
anura-02889_ctsv-ex3	78	4	12	104	174	5	4	372	ctsv
anura-03663_anon-2347	172	4	9	70	98	5	4	353	anon-2347
anura-04954_ptgs1-ex3	171	4	21	109	35	5	4	340	ptgs1
ranoidea-00473_tbc1d23-ex2	113	4	4	117	91	5	4	329	tbc1d23
anura-03144_atg4a	47	4	12	150	111	5	4	324	atg4a
anura-04519_slc6a12-ex4	90	4	11	129	87	5	4	321	slc6a12
anura-04487_ntmt1	96	4	11	109	90	5	4	310	ntmt1
ranoidea-02666_anon-1664	61	4	6	147	88	5	4	306	anon-1664
anura-03436_lmnb2l	85	4	6	126	81	5	4	302	lmnb2l
ranoidea-05930_anon-2719	134	6	4	45	109	5	4	298	anon-2719
ranoidea-05269_anon-2521	134	17	4	75	61	5	4	291	anon-2521
ranoidea-06236_ppfia3	56	4	21	69	141	5	4	291	ppfia3
anura-02445_piwil4-ex1	23	4	5	99	154	5	4	285	piwil4
anura-05221_ppm1f-ex2	61	17	4	46	154	5	4	282	ppm1f
ranoidea-04925_anon-2404	129	10	4	102	37	5	4	282	anon-2404
anura-00241_anon-0951	125	4	20	69	62	5	4	280	anon-0951
ranoidea-00860_loc108697781	33	4	7	154	72	5	4	270	loc108697781
ranoidea-04016_gde1	46	4	40	118	61	5	4	269	gde1
ranoidea-01658_ralgapa1s	109	9	4	89	57	5	4	268	ralgapa1s
ranoidea-04784_dst-ex5	77	8	4	100	79	5	4	268	dst
ranoidea-05860_srp72	69	4	10	77	103	5	4	263	srp72
anura-00443_mrpl38	123	4	50	4	69	5	4	250	mrpl38
ranoidea-06624_trpm1	76	4	20	52	86	5	4	238	trpm1
anura-02117_unc50-ex1	121	4	14	32	66	5	4	237	unc50
ranoidea-03580_eif2b2-ex3	161	4	17	21	31	5	4	234	eif2b2
ranoidea-07098_anon-3077	168	16	42	4	4	5	4	234	anon-3077
ranoidea-02099_sept6	85	4	12	40	91	5	4	232	sept6
anura-00946_cyp7b1-ex1	101	4	16	74	35	5	4	230	cyp7b1
ranoidea-04375_ephb1	119	14	4	47	46	5	4	230	ephb1
anura-05382_khdrbs1	68	4	10	92	55	5	4	229	khdrbs1
ranoidea-06455_dnal1-ex2	89	4	4	54	76	5	4	227	dnal1
ranoidea-00942_anon-1161	13	50	45	4	111	5	4	223	anon-1161
ranoidea-04160_anon-2144	27	12	4	102	76	5	4	221	anon-2144
ranoidea-03451_anon-1928	52	14	32	4	117	5	4	219	anon-1928
ranoidea-04641_ccdc113-ex3	35	4	60	32	86	5	4	217	ccdc113
ranoidea-03552_anon-1962	117	4	18	14	58	5	4	211	anon-1962
ranoidea-02601_loc101730947	53	5	4	42	106	5	4	210	loc101730947
ranoidea-01003_ptger1	74	4	21	27	83	5	4	209	ptger1
ranoidea-05311_anon-2530	108	8	4	25	63	5	4	208	anon-2530
anura-03239_kdm4a-ex1	54	4	25	46	67	5	4	196	kdm4a
ranoidea-00545_anon-1042	79	4	6	52	54	5	4	195	anon-1042
ranoidea-03628_rbm48-ex1	113	4	18	39	20	5	4	194	rbm48
ranoidea-06073_wdr59	54	4	29	37	66	5	4	190	wdr59
ranoidea-03352_anon-1900	51	4	19	61	54	5	4	189	anon-1900
anura-02789_anon-1984	87	12	4	70	14	5	4	187	anon-1984
ranoidea-05417_mcf2l-ex4	55	6	12	106	4	5	4	183	mcf2l
ranoidea-00145_krt18-ex2	96	11	4	29	41	5	4	181	krt18
ranoidea-06453_tmem62s	54	4	13	76	33	5	4	180	tmem62s
anura-05817_uce-2485	64	4	20	56	35	5	4	179	uce-2485
ranoidea-02450_cit	73	4	9	58	35	5	4	179	cit
anura-00195_arhgdig	43	45	4	63	23	5	4	178	arhgdig
ranoidea-01388_phip-ex2	71	4	6	55	41	5	4	177	phip
anura-01519_pcmtd2	40	4	9	61	61	5	4	175	pcmtd2
ranoidea-00760_loc108702699-ex2	65	4	24	44	38	5	4	175	loc108702699
anura-03889_tmem168	33	4	28	49	53	5	4	167	tmem168
ranoidea-06304_ak2	36	6	4	90	26	5	4	162	ak2
anura-01320_larp1-ex1	25	4	20	83	29	5	4	161	larp1
anura-04291_zbtb48-ex2	42	8	4	36	71	5	4	161	zbtb48
anura-04448_rassf3	28	4	28	45	53	5	4	158	rassf3
anura-02271_cmtr1-ex1	23	4	19	50	57	5	4	153	cmtr1
anura-04370_mgat5-ex3	28	4	12	68	39	5	4	151	mgat5
anura-00603_anon-1075	24	9	4	81	29	5	4	147	anon-1075
ranoidea-03427_clpb-ex4	19	4	4	21	96	5	4	144	clpb
anura-00713_frmd4a	23	4	5	44	65	5	4	141	frmd4a
anura-05914_uce-3772	58	4	13	42	22	5	4	139	uce-3772
anura-01379_igdcc4l	11	4	8	35	76	5	4	134	igdcc4l
anura-05559_cand1	59	20	4	35	16	5	4	134	cand1
ranoidea-06012_adamts13-ex4	27	6	4	61	31	5	4	129	adamts13
ranoidea-01267_commd5-ex2	36	7	4	20	58	5	4	125	commd5
ranoidea-06956_xpo7	55	47	4	12	7	5	4	125	xpo7
anura-00847_wdr3-ex1	4	13	17	18	72	5	4	124	wdr3
anura-04982_ccdc125-ex3	53	4	6	28	33	5	4	124	ccdc125
anura-05107_prcps	33	4	5	30	52	5	4	124	prcps
ranoidea-00812_oat1	40	4	6	34	40	5	4	124	oat1
anura-01337_dhx36	33	6	46	4	30	5	4	119	dhx36
ranoidea-01828_loc100145131-ex1	66	4	11	8	30	5	4	119	loc100145131
ranoidea-01881_anon-1433	18	4	9	73	12	5	4	116	anon-1433
anura-01366_tmem98-ex2	53	4	8	28	21	5	4	114	tmem98
anura-05688_uce-0683	28	17	4	30	33	5	4	112	uce-0683
ranoidea-05459_anon-2583	22	22	4	18	46	5	4	112	anon-2583
anura-05031_poc1al	18	4	8	57	24	5	4	111	poc1al
anura-05909_uce-3724	21	4	19	35	30	5	4	109	uce-3724
ranoidea-05066_anon-2449	27	4	4	43	30	5	4	108	anon-2449
anura-06151_uce-6964	20	4	36	29	16	5	4	105	uce-6964
ranoidea-06887_usp54-ex1	39	4	4	25	27	5	4	99	usp54
ranoidea-07292_dcaf6	7	4	21	49	10	5	4	91	dcaf6
ranoidea-00963_pgm1	33	9	10	4	34	5	4	90	pgm1
ranoidea-06940_anon-3027	28	4	11	24	23	5	4	90	anon-3027
ranoidea-06702_anon-2955	25	4	13	34	12	5	4	88	anon-2955
ranoidea-00794_mettl2b	29	13	12	4	27	5	4	85	mettl2b
anura-00082_rell1s-ex2	26	4	5	11	37	5	4	83	rell1s
anura-01103_cog1-ex2	26	7	4	22	14	5	4	73	cog1
anura-06141_mrps9-ex2	19	4	17	13	19	5	4	72	mrps9
anura-00217_prkcz	26	4	7	15	13	5	4	65	prkcz
ranoidea-02593_luc7l3l	12	4	9	17	23	5	4	65	luc7l3l
ranoidea-02241_cep63-ex1	16	4	5	25	11	5	4	61	cep63
ranoidea-05904_farp2	27	10	13	7	4	5	4	61	farp2
anura-04533_anon-2732	23	4	5	13	14	5	4	59	anon-2732
ranoidea-02822_rhobtb1	4	13	13	20	8	5	4	58	rhobtb1
anura-05899_uce-3586	10	4	12	15	16	5	4	57	uce-3586
ranoidea-03659_loc100495907-ex1	31	4	13	4	5	5	4	57	loc100495907
anura-01213_ercc3	24	4	6	12	10	5	4	56	ercc3
anura-01647_rcan1	4	15	22	10	4	5	4	55	rcan1
anura-05809_uce-2370	4	9	29	7	6	5	4	55	uce-2370
anura-03846_haghl-ex1	4	11	8	14	16	5	4	53	haghl
anura-05131_pdpk1-ex2	9	4	4	5	31	5	4	53	pdpk1
anura-01130_prpf4b-ex1	14	5	4	17	12	5	4	52	prpf4b
ranoidea-07370_uce-5679	11	4	6	16	9	5	4	46	uce-5679
ranoidea-03442_dnmt1-ex2	8	4	15	4	10	5	4	41	dnmt1
anura-05527_narf-ex2	4	6	11	12	5	5	4	38	narf
anura-02080_anon-1678	4	5	6	8	7	5	4	30	anon-1678
anura-02125_tmem255b	1040	3	696	2141	1936	5	3	5816	tmem255b
ranoidea-04430_polr3e	1909	4	3	1763	1781	5	3	5460	polr3e
anura-04518_erbb2	1206	68	3	1822	1825	5	3	4924	erbb2
anura-01093_ikbip	1225	3	14	1747	1787	5	3	4776	ikbip
ranoidea-01118_naa25	1581	3	44	1627	1447	5	3	4702	naa25
ranoidea-06420_gpank1-ex1	1605	3	3	1318	1502	5	3	4431	gpank1
ranoidea-05818_loc100494753-ex3	1049	3	8	1494	895	5	3	3449	loc100494753
anura-03251_hnrnpd	1241	3	98	1227	823	5	3	3392	hnrnpd
ranoidea-02379_anon-1576	1129	3	8	1409	689	5	3	3238	anon-1576
ranoidea-06282_aoc3	887	4	3	1329	994	5	3	3217	aoc3
ranoidea-05035_fcho1-ex2	622	12	3	1454	1026	5	3	3117	fcho1
anura-04994_fam149a	1037	364	3	1048	563	5	3	3015	fam149a
ranoidea-02704_loc100158554	604	269	3	736	753	5	3	2365	loc100158554
ranoidea-06828_anon-2992	850	3	7	788	708	5	3	2356	anon-2992
anura-03570_med1-ex1	560	117	3	819	794	5	3	2293	med1
ranoidea-01096_dcaf11	597	343	297	3	516	5	3	1756	dcaf11
ranoidea-03285_vegfb	683	3	3	427	622	5	3	1738	vegfb
anura-00585_stk38-ex1	385	3	13	483	680	5	3	1564	stk38
ranoidea-01331_kiaa1468	631	3	4	487	388	5	3	1513	kiaa1468
anura-03068_fam83c-ex2	417	20	3	503	555	5	3	1498	fam83c
ranoidea-06042_anon-2749	3	153	307	985	3	5	3	1451	anon-2749
ranoidea-00526_mybbp1al	537	3	4	564	263	5	3	1371	mybbp1al
ranoidea-04570_anon-2282	549	3	194	295	302	5	3	1343	anon-2282
anura-03074_sipa1-ex1	91	10	3	580	650	5	3	1334	sipa1
anura-00152_mfap3	328	3	59	455	413	5	3	1258	mfap3
anura-04467_anon-2710	447	3	9	416	337	5	3	1212	anon-2710
ranoidea-02641_anon-1653	641	7	3	180	377	5	3	1208	anon-1653
ranoidea-07265_mcoln1-ex2	577	306	209	3	3	5	3	1098	mcoln1
ranoidea-00393_c2orf43-ex2	262	3	44	360	398	5	3	1067	c2orf43
anura-01025_anon-1248	413	3	48	293	302	5	3	1059	anon-1248
ranoidea-07211_anon-3110	391	3	8	266	326	5	3	994	anon-3110
ranoidea-06920_thnsl2	384	3	154	146	293	5	3	980	thnsl2
ranoidea-03302_txnrd2	325	3	40	242	361	5	3	971	txnrd2
ranoidea-04353_anon-2218	229	3	14	378	251	5	3	875	anon-2218
anura-02843_avpi1	331	12	3	118	391	5	3	855	avpi1
ranoidea-01961_anon-1457	308	3	4	235	257	5	3	807	anon-1457
ranoidea-07238_ppip5k1s	248	3	10	332	196	5	3	789	ppip5k1s
ranoidea-04262_anon-2179	274	3	57	258	194	5	3	786	anon-2179
anura-04809_farp1-ex1	206	3	138	188	248	5	3	783	farp1
ranoidea-06457_jmjd7-pla2g4b	329	8	3	225	203	5	3	768	jmjd7-pla2g4b
anura-03998_anon-2504	385	3	4	75	257	5	3	724	anon-2504
ranoidea-02143_klhl24	285	3	70	188	160	5	3	706	klhl24
anura-00407_pik3r6l-ex2	258	3	16	243	166	5	3	686	pik3r6l
anura-00978_anon-1232	306	3	3	256	117	5	3	685	anon-1232
ranoidea-03514_anon-1948	199	3	41	258	184	5	3	685	anon-1948
ranoidea-06423_loc108711756	163	3	70	118	294	5	3	648	loc108711756
ranoidea-00018_baz1a-ex4	118	3	59	231	236	5	3	647	baz1a
ranoidea-06049_anon-2752	223	3	62	223	123	5	3	634	anon-2752
ranoidea-01956_lama5-ex6	323	4	3	193	91	5	3	614	lama5
ranoidea-07138_ppyl	164	3	12	222	205	5	3	606	ppyl
ranoidea-02268_anon-1545	204	3	14	130	233	5	3	584	anon-1545
anura-03109_ap5z1	295	8	3	100	135	5	3	541	ap5z1
ranoidea-05785_srbd1-ex2	134	8	3	172	200	5	3	517	srbd1
ranoidea-02968_anon-1771	192	3	32	190	92	5	3	509	anon-1771
ranoidea-03405_anon-1913	118	6	3	167	140	5	3	434	anon-1913
ranoidea-06792_nefl	73	13	3	144	194	5	3	427	nefl
ranoidea-04028_lamtor1	173	89	3	48	74	5	3	387	lamtor1
anura-00156_tbcel	137	3	7	94	118	5	3	359	tbcel
ranoidea-05822_cdca7l	67	3	27	147	91	5	3	335	cdca7l
anura-00835_camsap2	40	29	3	145	106	5	3	323	camsap2
anura-02701_rab36-ex2	122	3	10	82	103	5	3	320	rab36
anura-04909_robo2-ex1	108	4	3	149	43	5	3	307	robo2
ranoidea-06716_abca3l	169	10	3	14	94	5	3	290	abca3l
anura-03186_anon-2141	49	3	5	101	122	5	3	280	anon-2141
ranoidea-01613_tpcn2l	70	3	12	112	72	5	3	269	tpcn2l
anura-05045_coro6	74	3	18	82	81	5	3	258	coro6
anura-02277_nek3	38	3	4	68	114	5	3	227	nek3
anura-03958_smg7-ex1	11	3	19	170	19	5	3	222	smg7
ranoidea-04268_adprh	8	10	3	148	51	5	3	220	adprh
anura-01495_trnt1-ex1	38	3	31	92	53	5	3	217	trnt1
ranoidea-02635_ndufaf7	87	3	7	101	12	5	3	210	ndufaf7
anura-02183_mterfd1-ex2	3	18	69	34	84	5	3	208	mterfd1
anura-05053_vars-ex5	3	36	22	53	91	5	3	205	vars
anura-05499_cln6	75	3	14	61	51	5	3	204	cln6
anura-03106_tor1b	97	3	24	29	44	5	3	197	tor1b
ranoidea-01413_anon-1291	42	3	7	74	68	5	3	194	anon-1291
ranoidea-06693_wdr34-ex1	54	17	3	86	29	5	3	189	wdr34
anura-04026_gps1	18	3	22	74	66	5	3	183	gps1
anura-05324_myo1e1	102	12	3	28	31	5	3	176	myo1e1
anura-01817_dctn5-ex2	111	9	3	35	15	5	3	173	dctn5
anura-05210_c10orf35	22	3	13	79	47	5	3	164	c10orf35
ranoidea-01270_anon-1242	3	10	12	95	43	5	3	163	anon-1242
anura-03053_frmd6-ex1	42	3	4	61	48	5	3	158	frmd6
ranoidea-07308_anon-3131	61	4	3	65	22	5	3	155	anon-3131
ranoidea-05725_ndrg1-ex2	67	3	35	43	5	5	3	153	ndrg1
ranoidea-05318_ddx23-ex2	46	3	17	44	40	5	3	150	ddx23
ranoidea-03033_chordc1-ex1	24	3	16	73	33	5	3	149	chordc1
ranoidea-00553_c10orf2	32	4	16	91	3	5	3	146	c10orf2
ranoidea-01708_dennd5a	35	20	14	3	67	5	3	139	dennd5a
anura-06026_psmd14	3	22	68	13	31	5	3	137	psmd14
ranoidea-06584_loc100487727-ex1	33	8	3	40	50	5	3	134	loc100487727
ranoidea-03252_rhag-ex1	52	3	8	6	64	5	3	133	rhag
anura-05779_uce-1961	32	3	21	37	37	5	3	130	uce-1961
ranoidea-01592_fer1l4-ex2	23	3	29	25	50	5	3	130	fer1l4
anura-05992_uce-4853	3	12	49	38	23	5	3	125	uce-4853
ranoidea-02497_dock10	42	3	3	27	48	5	3	123	dock10
ranoidea-05139_scaf4	46	3	7	4	51	5	3	111	scaf4
ranoidea-01920_ttll4	13	3	33	37	24	5	3	110	ttll4
ranoidea-03425_loc100485344	65	4	3	13	22	5	3	107	loc100485344
ranoidea-01109_dnajb6	15	22	3	33	28	5	3	101	dnajb6
anura-02870_exosc4s	44	11	29	11	3	5	3	98	exosc4s
ranoidea-05909_anon-2712	9	3	5	71	8	5	3	96	anon-2712
anura-02128_anon-1694	18	3	19	29	26	5	3	95	anon-1694
anura-06082_uce-6010	9	3	5	66	10	5	3	93	uce-6010
anura-04244_lsp1	30	3	12	22	24	5	3	91	lsp1
ranoidea-01731_loc108708727	27	3	7	45	8	5	3	90	loc108708727
ranoidea-02416_anon-1589	16	8	3	27	29	5	3	83	anon-1589
anura-04356_anon-2653	13	4	3	23	37	5	3	80	anon-2653
ranoidea-03498_loc108704485	32	3	6	17	22	5	3	80	loc108704485
ranoidea-04683_mark1	5	8	3	55	8	5	3	79	mark1
anura-05952_phtf2	3	4	11	25	30	5	3	73	phtf2
anura-06047_uce-5522	15	3	21	15	17	5	3	71	uce-5522
ranoidea-06998_glod4-ex2	6	3	8	27	26	5	3	70	glod4
anura-02775_cyp51a1-ex3	27	4	3	11	22	5	3	67	cyp51a1
ranoidea-07276_myh10-ex1	30	9	3	14	11	5	3	67	myh10
anura-03655_elf1	30	12	11	3	10	5	3	66	elf1
ranoidea-03574_alpl	17	12	7	26	3	5	3	65	alpl
anura-03587_ell2	22	3	5	20	14	5	3	64	ell2
ranoidea-02011_kmt2b-ex2	23	3	5	16	17	5	3	64	kmt2b
anura-05655_uce-0257	32	6	3	8	14	5	3	63	uce-0257
ranoidea-00481_anon-1024	3	6	4	6	42	5	3	61	anon-1024
ranoidea-05114_anon-2462	33	3	8	3	10	5	3	57	anon-2462
ranoidea-02159_kissr2	3	4	22	17	8	5	3	54	kissr2
ranoidea-01453_anon-1303	3	25	7	10	8	5	3	53	anon-1303
ranoidea-05702_anon-2656	18	10	3	10	11	5	3	52	anon-2656
anura-00170_znf592	19	3	10	11	4	5	3	47	znf592
ranoidea-03589_tpd52-ex2	24	4	8	6	3	5	3	45	tpd52
ranoidea-03779_anon-2039	8	3	4	14	9	5	3	38	anon-2039
ranoidea-06415_anon-2865	9	3	11	5	9	5	3	37	anon-2865
ranoidea-03780_shq1-ex1	3	5	9	11	8	5	3	36	shq1
anura-01167_ssr2	13	4	6	9	3	5	3	35	ssr2
anura-05858_uce-2994	3	5	6	4	10	5	3	28	uce-2994
ranoidea-06816_eif2a	8	4	6	7	3	5	3	28	eif2a
anura-00503_wdpcp-ex1	2623	8	2	2613	2381	5	2	7627	wdpcp
anura-04629_fhit	2109	6	2	1935	2056	5	2	6108	fhit
anura-02573_zbtb24	2326	2	7	1518	1734	5	2	5587	zbtb24
anura-02382_agtr2	1409	13	2	2011	2130	5	2	5565	agtr2
ranoidea-02335_slc46a3-ex1	2032	2	2	1106	1376	5	2	4518	slc46a3
ranoidea-04357_anon-2221	894	8	2	1108	2416	5	2	4428	anon-2221
anura-00509_kiaa1841	793	2	8	873	2652	5	2	4328	kiaa1841
anura-05230_ndufaf1	1698	77	2	1187	1336	5	2	4300	ndufaf1
anura-04093_hecw1-ex1	1179	4	2	1460	1280	5	2	3925	hecw1
anura-04326_kif20b	1221	189	2	1364	1109	5	2	3885	kif20b
ranoidea-05663_dhx38-ex1	1145	2	96	1184	1131	5	2	3558	dhx38
ranoidea-02844_anon-1721	1432	4	2	1059	889	5	2	3386	anon-1721
ranoidea-03353_ak9	1436	2	21	358	1494	5	2	3311	ak9
ranoidea-04677_eprs-ex1	1151	2	3	981	1071	5	2	3208	eprs
anura-04304_ei24	999	2	4	1271	875	5	2	3151	ei24
anura-03407_mtf1	765	207	2	1078	1086	5	2	3138	mtf1
ranoidea-05363_slc39a10	300	2	16	1582	1206	5	2	3106	slc39a10
ranoidea-06978_cyp27a11-ex2	2681	81	142	2	84	5	2	2990	cyp27a11
ranoidea-04579_psen2l	743	2	216	1240	749	5	2	2950	psen2l
anura-04685_ajap1	791	2	119	1233	797	5	2	2942	ajap1
ranoidea-01780_slc35g1-ex2	767	2	16	919	1221	5	2	2925	slc35g1
ranoidea-04937_anon-2408	811	16	2	1160	879	5	2	2868	anon-2408
ranoidea-01982_anon-1466	728	4	2	1064	841	5	2	2639	anon-1466
ranoidea-02896_anon-1741	1158	27	2	810	581	5	2	2578	anon-1741
ranoidea-04495_dguok	816	2	25	807	875	5	2	2525	dguok
anura-03408_cfdp1	611	2	2	836	989	5	2	2440	cfdp1
ranoidea-04069_anon-2119	947	2	35	580	819	5	2	2383	anon-2119
anura-00855_loc100486992	1664	4	51	2	648	5	2	2369	loc100486992
anura-00496_tmem180-ex1	330	2	132	1117	750	5	2	2331	tmem180
ranoidea-02907_anon-1746	906	2	15	475	891	5	2	2289	anon-1746
ranoidea-00428_alg12-ex1	486	136	2	725	935	5	2	2284	alg12
ranoidea-01848_anon-1425	648	2	3	893	722	5	2	2268	anon-1425
anura-04631_csdc2	456	2	191	816	733	5	2	2198	csdc2
anura-04230_adck4-ex1	918	2	2	689	574	5	2	2185	adck4
anura-05167_gpx7	597	2	25	859	685	5	2	2168	gpx7
ranoidea-04654_penk-ex2	425	2	3	807	920	5	2	2157	penk
anura-04300_nphp4	581	57	2	254	1262	5	2	2156	nphp4
ranoidea-03936_ttc14	650	18	2	832	640	5	2	2142	ttc14
anura-03328_bspry-ex2	922	2	2	580	605	5	2	2111	bspry
anura-05119_ftsj3	374	2	5	708	969	5	2	2058	ftsj3
anura-03863_ppp4r1l	673	2	3	706	664	5	2	2048	ppp4r1l
ranoidea-01262_tep1l-ex2	789	7	2	691	552	5	2	2041	tep1l
ranoidea-00947_anon-1163	338	2	149	896	652	5	2	2037	anon-1163
anura-03692_dtd1	666	2	121	769	470	5	2	2028	dtd1
ranoidea-05072_fitm2l	359	2	19	796	834	5	2	2010	fitm2l
anura-05672_uce-0438	377	2	619	519	487	5	2	2004	uce-0438
anura-01260_furin-ex3	739	5	2	729	477	5	2	1952	furin
anura-01051_arhgap11a1	467	2	12	777	676	5	2	1934	arhgap11a1
ranoidea-00958_adk	643	2	10	639	597	5	2	1891	adk
ranoidea-00847_cbl-ex2	277	2	82	1142	348	5	2	1851	cbl
anura-02237_anon-1765	574	2	68	549	626	5	2	1819	anon-1765
ranoidea-06068_anon-2763	170	2	43	1044	550	5	2	1809	anon-2763
ranoidea-05965_tulp3	711	79	285	2	716	5	2	1793	tulp3
anura-05108_gab2-ex1	614	2	221	426	485	5	2	1748	gab2
ranoidea-03825_loc108713147	579	2	6	736	408	5	2	1731	loc108713147
ranoidea-05347_kat6a-ex1	689	80	2	427	530	5	2	1728	kat6a
ranoidea-01271_anon-1243	561	2	344	579	229	5	2	1715	anon-1243
ranoidea-04480_chd9l	788	2	42	523	342	5	2	1697	chd9l
ranoidea-04694_eea1-ex1	57	4	2	886	695	5	2	1644	eea1
anura-04207_cdc42ep1	631	9	101	2	894	5	2	1637	cdc42ep1
ranoidea-04871_anon-2387	847	2	2	665	76	5	2	1592	anon-2387
ranoidea-00287_anon-0955	444	2	5	569	560	5	2	1580	anon-0955
ranoidea-05964_rhno1	686	2	8	191	663	5	2	1550	rhno1
ranoidea-04896_loc100490786	603	2	57	395	479	5	2	1536	loc100490786
anura-01931_anon-1613	655	14	2	715	148	5	2	1534	anon-1613
ranoidea-00868_anon-1136	668	6	2	478	375	5	2	1529	anon-1136
anura-04700_dhrsx	617	2	4	510	391	5	2	1524	dhrsx
ranoidea-04214_casp6-ex1	715	2	2	471	332	5	2	1522	casp6
ranoidea-01640_rabepk-ex3	651	124	168	2	576	5	2	1521	rabepk
ranoidea-00767_loc108696331	536	2	23	283	674	5	2	1518	loc108696331
anura-02536_hira	442	2	8	532	526	5	2	1510	hira
anura-02429_anon-1847	412	2	127	602	359	5	2	1502	anon-1847
ranoidea-05446_loc100158551	587	154	2	362	385	5	2	1490	loc100158551
ranoidea-00236_msx1	590	14	2	430	450	5	2	1486	msx1
anura-04401_anon-2687	558	3	2	609	293	5	2	1465	anon-2687
anura-02111_anon-1690	503	2	2	532	417	5	2	1456	anon-1690
anura-02351_znf653l-ex1	550	2	4	560	307	5	2	1423	znf653l
anura-03907_aldh3a2	501	4	2	502	405	5	2	1414	aldh3a2
ranoidea-00148_alkbh8-ex3	542	159	2	487	224	5	2	1414	alkbh8
anura-02487_serpinb1	479	2	6	228	688	5	2	1403	serpinb1
ranoidea-00741_anon-1097	2	162	2	794	439	5	2	1399	anon-1097
anura-03771_gstp1	976	45	72	2	302	5	2	1397	gstp1
ranoidea-06984_anon-3040	597	3	2	463	328	5	2	1393	anon-3040
anura-00878_smc4-ex3	289	81	2	576	438	5	2	1386	smc4
ranoidea-04738_anon-2334	352	5	2	584	426	5	2	1369	anon-2334
anura-04200_acox2-ex2	672	5	16	2	671	5	2	1366	acox2
anura-04565_nudt7-ex1	497	2	52	336	467	5	2	1354	nudt7
ranoidea-00923_anon-1156	634	2	3	399	312	5	2	1350	anon-1156
ranoidea-05791_ttc7as	409	2	45	543	344	5	2	1343	ttc7as
anura-05298_nxn	430	2	4	523	368	5	2	1327	nxn
anura-04724_snx21-ex2	559	9	2	133	619	5	2	1322	snx21
ranoidea-04673_stag1-ex2	278	86	2	473	473	5	2	1312	stag1
anura-00510_pus10	321	17	2	524	444	5	2	1308	pus10
anura-00841_tmx3	276	2	4	538	462	5	2	1282	tmx3
ranoidea-03577_anon-1966	214	2	12	955	76	5	2	1259	anon-1966
anura-02425_loc108698106	420	2	20	567	236	5	2	1245	loc108698106
ranoidea-05284_rfng-ex3	410	2	45	356	429	5	2	1242	rfng
anura-01505_csf1r-ex2	338	2	69	397	429	5	2	1235	csf1r
ranoidea-05749_anon-2671	621	2	2	539	68	5	2	1232	anon-2671
anura-02936_anon-2053	268	2	4	536	391	5	2	1201	anon-2053
anura-00652_arhgdia	397	3	2	430	365	5	2	1197	arhgdia
ranoidea-00806_strn	461	2	8	432	291	5	2	1194	strn
ranoidea-04354_etfbkmt-ex1	139	2	44	868	125	5	2	1178	etfbkmt
ranoidea-02632_anon-1648	319	2	9	504	333	5	2	1167	anon-1648
ranoidea-04412_twf1-ex1	389	4	2	489	280	5	2	1164	twf1
ranoidea-03602_alas2s	540	11	2	234	368	5	2	1155	alas2s
ranoidea-04424_anon-2241	371	2	6	291	453	5	2	1123	anon-2241
ranoidea-02604_anon-1637	605	6	2	333	176	5	2	1122	anon-1637
ranoidea-00694_rtn4ip1l-ex2	529	2	3	321	265	5	2	1120	rtn4ip1l
ranoidea-03920_bdp1	448	2	10	214	445	5	2	1119	bdp1
anura-01120_fbxo21-ex2	496	2	59	262	261	5	2	1080	fbxo21
anura-02312_marveld2	273	12	2	430	344	5	2	1061	marveld2
anura-02637_rspo1	413	2	4	356	280	5	2	1055	rspo1
ranoidea-04010_znf622	357	78	2	266	348	5	2	1051	znf622
anura-01492_nle1	182	2	175	410	278	5	2	1047	nle1
anura-03393_cbarp	395	4	2	319	302	5	2	1022	cbarp
anura-05146_mrps23	577	125	99	217	2	5	2	1020	mrps23
ranoidea-04635_anon-2300	339	10	2	127	540	5	2	1018	anon-2300
ranoidea-03304_apobs	308	2	102	353	245	5	2	1010	apobs
ranoidea-06685_anon-2951	247	6	2	425	328	5	2	1008	anon-2951
ranoidea-00478_tmem45a	353	86	2	315	244	5	2	1000	tmem45a
ranoidea-00520_mrpl46s	332	3	2	323	332	5	2	992	mrpl46s
anura-00572_sik3-ex2	343	2	2	327	301	5	2	975	sik3
ranoidea-05054_casp1	496	3	2	148	318	5	2	967	casp1
ranoidea-04651_anon-2305	575	2	3	3	373	5	2	956	anon-2305
anura-02973_anon-2074	311	44	2	225	361	5	2	943	anon-2074
ranoidea-02471_anon-1604	410	2	8	319	196	5	2	935	anon-1604
anura-03583_anon-2315	272	2	22	437	200	5	2	933	anon-2315
ranoidea-01103_ccdc14	237	2	93	196	386	5	2	914	ccdc14
anura-01389_msrb3l	310	3	2	339	257	5	2	911	msrb3l
anura-01278_phkg1-ex2	292	2	18	282	306	5	2	900	phkg1
anura-02742_s100a11-ex2	368	3	2	323	197	5	2	893	s100a11
ranoidea-04562_adam10-ex2	2	95	12	613	165	5	2	887	adam10
ranoidea-04724_cdca7s	498	8	2	179	200	5	2	887	cdca7s
anura-00080_klf3	281	2	78	270	249	5	2	880	klf3
ranoidea-03247_elf3	193	7	2	290	372	5	2	864	elf3
ranoidea-06566_krt18l-ex2	2	3	16	405	431	5	2	857	krt18l
anura-03883_mthfs	383	2	39	247	178	5	2	849	mthfs
ranoidea-01239_kiaa0368l	304	3	2	268	264	5	2	841	kiaa0368l
ranoidea-02693_tinf2l	361	2	34	95	338	5	2	830	tinf2l
ranoidea-00082_anon-0885	224	2	6	354	240	5	2	826	anon-0885
ranoidea-04332_anon-2208	300	4	2	179	338	5	2	823	anon-2208
ranoidea-00090_anon-0891	642	6	2	64	99	5	2	813	anon-0891
ranoidea-00540_anon-1040	282	2	8	212	301	5	2	805	anon-1040
anura-00554_gorasp1	290	2	2	253	253	5	2	800	gorasp1
ranoidea-03903_dnaja41	418	8	2	311	56	5	2	795	dnaja41
ranoidea-07120_anon-3088	311	2	2	167	286	5	2	768	anon-3088
anura-00838_ddx59-ex1	246	4	2	202	312	5	2	766	ddx59
ranoidea-01287_anon-1249	4	8	2	471	272	5	2	757	anon-1249
ranoidea-04341_loc100145419	500	2	49	60	145	5	2	756	loc100145419
anura-05134_clta	399	3	2	157	194	5	2	755	clta
ranoidea-06609_arhgap30-ex1	188	2	53	343	169	5	2	755	arhgap30
ranoidea-06274_anon-2817	260	2	67	231	183	5	2	743	anon-2817
ranoidea-02426_anon-1592	497	12	2	133	94	5	2	738	anon-1592
anura-00722_anon-1143	316	4	2	148	258	5	2	728	anon-1143
ranoidea-03091_cep162-ex2	306	5	2	126	284	5	2	723	cep162
anura-03540_mfge8-ex2	263	2	20	254	182	5	2	721	mfge8
anura-01465_loc108710216	268	2	2	244	202	5	2	718	loc108710216
ranoidea-04270_anon-2183	362	2	17	177	154	5	2	712	anon-2183
anura-00649_unc93b1-ex3	135	2	24	255	294	5	2	710	unc93b1
ranoidea-04294_uba1l	197	2	12	174	321	5	2	706	uba1l
ranoidea-00022_mcf2l2	294	191	69	127	2	5	2	683	mcf2l2
ranoidea-02206_loc108697783	122	8	2	141	398	5	2	671	loc108697783
ranoidea-05143_rsph6a	416	2	64	47	140	5	2	669	rsph6a
ranoidea-00168_anon-0914	265	7	2	196	194	5	2	664	anon-0914
anura-00185_anon-0922	298	38	2	138	187	5	2	663	anon-0922
anura-00891_rsf1	83	2	2	255	309	5	2	651	rsf1
ranoidea-01850_anon-1426	373	3	2	43	227	5	2	648	anon-1426
anura-04246_mrpl23-ex2	234	4	2	132	272	5	2	644	mrpl23
ranoidea-04491_anon-2258	121	2	7	186	318	5	2	634	anon-2258
anura-02313_ocln	220	2	8	261	136	5	2	627	ocln
ranoidea-04781_anon-2348	385	4	2	4	225	5	2	620	anon-2348
ranoidea-02348_anon-1571	245	35	2	137	199	5	2	618	anon-1571
ranoidea-00466_anon-1018	223	52	4	330	2	5	2	611	anon-1018
ranoidea-06244_anon-2806	407	2	2	52	138	5	2	601	anon-2806
anura-05370_piezo1-ex1	257	2	64	149	126	5	2	598	piezo1
ranoidea-04789_loc100497492	171	2	11	261	149	5	2	594	loc100497492
ranoidea-01295_mgc147314-ex1	102	2	6	252	231	5	2	593	mgc147314
ranoidea-01937_hmgxb3l	160	4	2	238	186	5	2	590	hmgxb3l
ranoidea-03189_gusb-ex3	336	2	2	95	148	5	2	583	gusb
ranoidea-00764_loc101733646-ex2	155	2	55	248	121	5	2	581	loc101733646
anura-00920_loc100494180	167	2	4	185	210	5	2	568	loc100494180
ranoidea-00816_anon-1120	124	2	18	199	219	5	2	562	anon-1120
anura-04936_c19orf47-ex1	62	2	6	244	243	5	2	557	c19orf47
anura-02323_anon-1811	220	6	2	169	154	5	2	551	anon-1811
ranoidea-01627_anon-1359	45	10	2	252	242	5	2	551	anon-1359
ranoidea-01207_anon-1225	164	2	6	233	144	5	2	549	anon-1225
ranoidea-02174_anon-1516	178	2	43	123	189	5	2	535	anon-1516
anura-03298_arhgef31-ex1	212	11	2	134	169	5	2	528	arhgef31
ranoidea-06353_anon-2842	118	2	2	188	217	5	2	527	anon-2842
anura-02960_clasp1	106	2	23	200	193	5	2	524	clasp1
ranoidea-00655_apoa1l	380	2	33	69	39	5	2	523	apoa1l
ranoidea-05535_numbl	247	4	75	189	2	5	2	517	numbl
anura-00873_mfsd1	199	12	2	95	205	5	2	513	mfsd1
anura-03488_uba6	406	2	2	2	97	5	2	509	uba6
anura-05451_lactb-ex2	80	3	4	2	413	5	2	502	lactb
anura-02808_anon-1989	240	2	12	82	165	5	2	501	anon-1989
anura-03653_rgcc	123	2	12	58	294	5	2	489	rgcc
ranoidea-00234_lgr4	57	2	22	220	187	5	2	488	lgr4
anura-01355_dcaf13-ex1	144	2	10	212	119	5	2	487	dcaf13
ranoidea-00035_anon-0868	56	2	2	287	140	5	2	487	anon-0868
ranoidea-06268_anon-2815	124	10	26	2	319	5	2	481	anon-2815
anura-03538_ticrr-ex2	132	2	2	152	191	5	2	479	ticrr
ranoidea-01332_anon-1271	117	2	2	191	166	5	2	478	anon-1271
anura-04528_fkbp4	154	3	2	139	175	5	2	473	fkbp4
anura-05489_anon-3118	154	2	46	69	201	5	2	472	anon-3118
ranoidea-01889_rell2	2	75	128	222	44	5	2	471	rell2
anura-00159_anon-0919	228	2	10	91	139	5	2	470	anon-0919
anura-01274_thap2	131	2	42	217	78	5	2	470	thap2
anura-00791_anon-1175	59	4	2	155	244	5	2	464	anon-1175
anura-05030_fbln2-ex2	85	5	2	195	176	5	2	463	fbln2
ranoidea-06975_usp37	177	2	31	172	65	5	2	447	usp37
anura-05355_tmem51	214	2	8	151	69	5	2	444	tmem51
ranoidea-04703_lins1	142	2	30	122	144	5	2	440	lins1
anura-01471_atg9a-ex1	264	34	85	49	2	5	2	434	atg9a
ranoidea-01396_ntrk2	150	2	6	135	139	5	2	432	ntrk2
ranoidea-06414_loc100036907l-ex2	213	5	2	74	137	5	2	431	loc100036907l
anura-04084_unnameds	110	2	52	134	125	5	2	423	unnameds
ranoidea-01802_cic-ex5	99	7	2	254	58	5	2	420	cic
anura-03486_golph3l-ex2	188	2	44	86	90	5	2	410	golph3l
anura-04214_srp19	93	2	81	113	120	5	2	409	srp19
anura-00700_prkcg-ex1	174	26	2	55	151	5	2	408	prkcg
ranoidea-00735_neb	127	2	9	233	36	5	2	407	neb
ranoidea-07015_anon-3055	123	8	2	153	115	5	2	401	anon-3055
anura-03890_c7orf60	50	7	2	195	144	5	2	398	c7orf60
anura-02926_anon-2045	55	2	6	104	225	5	2	392	anon-2045
ranoidea-04554_anon-2277	123	2	8	110	147	5	2	390	anon-2277
anura-01913_anon-1607	164	2	5	162	54	5	2	387	anon-1607
anura-03155_loc108697397	135	6	2	135	109	5	2	387	loc108697397
ranoidea-01015_cyp2f2	9	2	3	325	47	5	2	386	cyp2f2
ranoidea-05518_itpr1-ex1	79	6	2	182	117	5	2	386	itpr1
anura-04785_mapk11	97	2	61	154	71	5	2	385	mapk11
ranoidea-04454_anon-2249	2	45	86	166	85	5	2	384	anon-2249
ranoidea-00793_henmt1l	117	2	2	158	100	5	2	379	henmt1l
anura-01383_mthfr-ex2	148	43	63	118	2	5	2	374	mthfr
ranoidea-02886_loc100486185	92	2	8	117	151	5	2	370	loc100486185
ranoidea-00790_anon-1111	119	2	3	86	155	5	2	365	anon-1111
ranoidea-03925_anon-2089	45	12	2	187	117	5	2	363	anon-2089
ranoidea-00897_nceh1	140	2	4	191	23	5	2	360	nceh1
ranoidea-01138_sptbn2-ex1	91	2	23	107	137	5	2	360	sptbn2
ranoidea-00646_nampt	123	2	4	119	110	5	2	358	nampt
ranoidea-00885_loc100495258-ex2	128	16	2	49	163	5	2	358	loc100495258
ranoidea-02852_anon-1726	61	4	2	155	129	5	2	351	anon-1726
ranoidea-02276_bach1	101	2	9	125	111	5	2	348	bach1
ranoidea-00482_mrpl44s	85	2	7	97	155	5	2	346	mrpl44s
ranoidea-02571_eef22	110	2	4	106	122	5	2	344	eef22
ranoidea-02958_myo1f	91	2	6	78	164	5	2	341	myo1f
anura-00732_pld1	92	2	82	80	83	5	2	339	pld1
anura-02319_loc100490554	124	29	2	73	109	5	2	337	loc100490554
ranoidea-03918_utp15-ex2	85	74	2	8	166	5	2	335	utp15
anura-04106_anon-2554	88	2	5	87	141	5	2	323	anon-2554
ranoidea-00965_frem1	172	2	51	30	68	5	2	323	frem1
anura-01378_loc108712808	113	2	2	140	62	5	2	319	loc108712808
ranoidea-01608_snap47l	77	2	56	127	54	5	2	316	snap47l
ranoidea-03471_anon-1935	84	18	78	2	134	5	2	316	anon-1935
anura-02600_plxna4-ex1	94	2	2	117	100	5	2	315	plxna4
anura-00353_ccdc138	103	2	18	95	93	5	2	311	ccdc138
ranoidea-03879_anon-2078	180	22	82	2	25	5	2	311	anon-2078
ranoidea-00330_snx16	151	2	10	94	53	5	2	310	snx16
ranoidea-06909_anon-3020	243	3	2	29	30	5	2	307	anon-3020
ranoidea-04810_anon-2357	149	2	4	88	62	5	2	305	anon-2357
ranoidea-03687_cox15	111	2	2	103	82	5	2	300	cox15
ranoidea-01894_anon-1436	98	4	2	38	157	5	2	299	anon-1436
ranoidea-06939_dlatl	120	2	14	49	110	5	2	295	dlatl
anura-02697_pop5	116	9	2	33	132	5	2	292	pop5
anura-04379_loc108698412	125	4	2	75	85	5	2	291	loc108698412
ranoidea-06772_nop16l-ex2	124	2	33	99	29	5	2	287	nop16l
ranoidea-06343_anon-2835	94	46	2	33	108	5	2	283	anon-2835
ranoidea-07054_lrrc47	217	2	4	9	51	5	2	283	lrrc47
ranoidea-06700_odf2-ex1	89	5	2	3	183	5	2	282	odf2
ranoidea-01458_hdac3	34	41	2	90	107	5	2	274	hdac3
anura-01780_znf367	80	6	2	88	96	5	2	272	znf367
anura-03441_loc108704853	103	2	6	63	97	5	2	271	loc108704853
ranoidea-00244_ccnl2-ex2	125	9	2	126	9	5	2	271	ccnl2
ranoidea-00267_cars-ex2	41	2	57	66	103	5	2	269	cars
anura-04049_loc100494478-ex1	95	2	32	70	67	5	2	266	loc100494478
ranoidea-04594_st8sia1s	105	2	4	100	55	5	2	266	st8sia1s
anura-04229_prx-ex2	33	2	6	145	78	5	2	264	prx
anura-04040_anon-2528	81	2	14	77	88	5	2	262	anon-2528
anura-02466_slc44a3-ex1	77	2	7	85	88	5	2	259	slc44a3
ranoidea-03631_tango2-ex1	90	9	2	66	90	5	2	257	tango2
ranoidea-02759_pde3b-ex2	171	22	8	49	2	5	2	252	pde3b
anura-00908_supt3h	104	2	2	109	34	5	2	251	supt3h
anura-02088_setd1a-ex3	108	2	10	99	32	5	2	251	setd1a
anura-03720_cass4	85	2	2	58	103	5	2	250	cass4
anura-01943_loc108706187	126	5	2	44	72	5	2	249	loc108706187
anura-01779_habp4	130	15	2	46	52	5	2	245	habp4
ranoidea-04081_pik3r1	89	2	4	62	86	5	2	243	pik3r1
ranoidea-06216_clcn5-ex2	61	2	3	77	98	5	2	241	clcn5
ranoidea-04311_arhgap29s	126	2	25	48	39	5	2	240	arhgap29s
ranoidea-01875_polr1al-ex1	58	3	2	85	89	5	2	237	polr1al
ranoidea-04850_anon-2375	15	2	2	77	141	5	2	237	anon-2375
ranoidea-03401_anon-1910	177	31	23	2	2	5	2	235	anon-1910
anura-04556_anon-2742	106	2	66	2	57	5	2	233	anon-2742
ranoidea-03567_samd11	94	2	20	72	45	5	2	233	samd11
ranoidea-03743_c8a-ex2	92	2	2	65	71	5	2	232	c8a
ranoidea-03466_prdm10	71	3	2	55	98	5	2	229	prdm10
anura-02626_acot12	111	2	12	32	71	5	2	228	acot12
ranoidea-01827_anon-1422	69	2	10	48	99	5	2	228	anon-1422
ranoidea-04267_anon-2182	158	9	32	25	2	5	2	226	anon-2182
anura-05467_vps13c-ex1	2	66	92	32	28	5	2	220	vps13c
ranoidea-04415_oxr1	78	2	14	21	105	5	2	220	oxr1
ranoidea-04932_utp23	30	2	14	91	82	5	2	219	utp23
anura-01035_bgn-ex2	155	2	2	40	19	5	2	218	bgn
ranoidea-02385_anon-1579	108	6	2	73	29	5	2	218	anon-1579
anura-02071_loc100497740	109	2	2	84	19	5	2	216	loc100497740
anura-04807_ftcd-ex2	61	2	10	79	64	5	2	216	ftcd
ranoidea-01667_anon-1370	39	9	16	148	2	5	2	214	anon-1370
ranoidea-02965_anon-1770	142	2	4	35	31	5	2	214	anon-1770
anura-03322_xetrov90019665mg	77	2	14	37	76	5	2	206	xetrov90019665mg
anura-04603_plekhg4l	107	2	6	53	37	5	2	205	plekhg4l
ranoidea-04610_loc100496819	97	2	16	10	80	5	2	205	loc100496819
anura-04710_cyp7a1	79	2	5	58	60	5	2	204	cyp7a1
ranoidea-04548_tpk1	3	3	2	118	78	5	2	204	tpk1
ranoidea-05486_slmap	108	2	12	47	32	5	2	201	slmap
ranoidea-00537_lig1	50	2	2	8	138	5	2	200	lig1
ranoidea-06594_myrf	77	5	18	98	2	5	2	200	myrf
ranoidea-02230_ttc12	20	18	2	51	108	5	2	199	ttc12
ranoidea-03185_fam171a2	67	2	4	53	70	5	2	196	fam171a2
anura-02603_smo-ex2	16	2	13	57	107	5	2	195	smo
ranoidea-04194_st3gal21-ex1	87	16	45	44	2	5	2	194	st3gal21
ranoidea-01971_loc108702627	57	2	13	72	48	5	2	192	loc108702627
anura-00431_mff	56	2	12	63	56	5	2	189	mff
ranoidea-02447_wwtr1	18	2	4	82	81	5	2	187	wwtr1
anura-02805_loc100497109	53	16	2	64	49	5	2	184	loc100497109
ranoidea-00045_anon-0871	73	2	6	41	52	5	2	174	anon-0871
anura-00109_edem3	75	2	4	55	37	5	2	173	edem3
ranoidea-04298_anon-2195	5	2	2	85	78	5	2	172	anon-2195
ranoidea-01010_esd	52	2	28	65	24	5	2	171	esd
anura-02609_anon-1912	48	2	3	56	61	5	2	170	anon-1912
ranoidea-05607_arhgef16-ex1	48	2	9	16	95	5	2	170	arhgef16
ranoidea-07237_strc	57	2	2	56	53	5	2	170	strc
anura-03978_sestd1s	48	3	2	86	28	5	2	167	sestd1s
ranoidea-06447_anon-2877	76	2	8	62	18	5	2	166	anon-2877
anura-00629_igsf9l	64	2	4	91	4	5	2	165	igsf9l
anura-02043_cnnm2-ex1	93	2	8	39	23	5	2	165	cnnm2
ranoidea-06925_anon-3025	74	2	14	60	15	5	2	165	anon-3025
ranoidea-05090_sorbs2	87	2	4	52	19	5	2	164	sorbs2
ranoidea-04987_loc108699771	33	2	30	51	47	5	2	163	loc108699771
ranoidea-05179_anon-2487	50	2	38	24	47	5	2	161	anon-2487
anura-03374_trrap-ex1	62	2	16	23	54	5	2	157	trrap
ranoidea-04083_fat3-ex2	75	2	6	58	16	5	2	157	fat3
anura-03369_rspo2	49	2	15	26	64	5	2	156	rspo2
ranoidea-00531_anon-1036	41	2	20	49	41	5	2	153	anon-1036
ranoidea-01213_loc100488828	44	8	2	42	56	5	2	152	loc100488828
ranoidea-03127_anon-1823	84	6	2	4	52	5	2	148	anon-1823
anura-04635_anon-2775	54	2	2	50	35	5	2	143	anon-2775
ranoidea-06427_per1l-ex2	42	4	2	80	11	5	2	139	per1l
anura-02239_ctdp1	58	8	2	46	24	5	2	138	ctdp1
anura-03975_efhc1-ex1	67	9	27	33	2	5	2	138	efhc1
ranoidea-01522_anon-1324	17	2	4	50	65	5	2	138	anon-1324
ranoidea-00198_efhd1	20	2	3	53	58	5	2	136	efhd1
ranoidea-00982_top3al	38	2	5	32	57	5	2	134	top3al
anura-01390_hbg1s	41	2	8	22	60	5	2	133	hbg1s
ranoidea-05081_anon-2454	13	7	7	104	2	5	2	133	anon-2454
anura-05261_mpz	82	2	22	11	15	5	2	132	mpz
anura-03873_cdc27-ex2	65	2	6	26	31	5	2	130	cdc27
ranoidea-00709_dck2-ex2	58	2	3	44	22	5	2	129	dck2
ranoidea-00931_kif20a-ex3	13	9	2	99	6	5	2	129	kif20a
ranoidea-04541_egfrl	11	2	2	79	34	5	2	128	egfrl
anura-00123_baxs	67	2	18	16	24	5	2	127	baxs
ranoidea-07364_uce-4509	56	4	2	54	11	5	2	127	uce-4509
ranoidea-03081_anon-1810	47	2	2	63	10	5	2	124	anon-1810
ranoidea-03364_lhb-ex2	30	4	2	36	50	5	2	122	lhb
ranoidea-03578_anon-1967	45	32	2	18	22	5	2	119	anon-1967
ranoidea-02851_pabpn1	54	2	6	6	50	5	2	118	pabpn1
anura-00758_zyxs	27	2	15	31	42	5	2	117	zyxs
anura-02885_fbp1	37	6	2	16	55	5	2	116	fbp1
anura-05754_uce-1520	34	2	12	34	32	5	2	114	uce-1520
anura-04544_glrx5-ex1	24	9	2	41	37	5	2	113	glrx5
anura-04449_frs2-ex2	24	5	2	47	34	5	2	112	frs2
anura-05418_iqgap2-ex3	29	2	12	32	37	5	2	112	iqgap2
anura-02228_arhgef32	54	2	2	51	2	5	2	111	arhgef32
anura-02263_loc108700963	67	14	5	2	23	5	2	111	loc108700963
anura-02093_myrip	34	2	10	10	54	5	2	110	myrip
ranoidea-05144_clptm1-ex1	21	6	2	52	27	5	2	108	clptm1
ranoidea-05955_loc108704805	32	4	2	38	31	5	2	107	loc108704805
ranoidea-00503_ube2o-ex2	79	2	12	4	9	5	2	106	ube2o
ranoidea-05886_anon-2709	11	2	13	51	28	5	2	105	anon-2709
anura-00288_wdr61	22	2	6	42	32	5	2	104	wdr61
ranoidea-02453_anon-1599	2	5	2	76	15	5	2	100	anon-1599
ranoidea-01445_anon-1302	27	2	20	36	13	5	2	98	anon-1302
ranoidea-02934_appl1-ex1	6	2	5	63	20	5	2	96	appl1
anura-00876_ift80-ex2	24	2	4	29	35	5	2	94	ift80
anura-01819_plk1-ex2	20	4	2	31	37	5	2	94	plk1
anura-06104_uce-6294	30	2	6	34	21	5	2	93	uce-6294
anura-00343_plpp1-ex1	23	8	23	34	2	5	2	90	plpp1
ranoidea-03269_anon-1868	19	13	14	42	2	5	2	90	anon-1868
anura-00922_tmed2	36	2	19	19	13	5	2	89	tmed2
ranoidea-04559_srcaps	62	13	6	3	2	5	2	86	srcaps
ranoidea-02940_anon-1759	20	2	2	53	7	5	2	84	anon-1759
ranoidea-03651_anon-1992	4	2	10	32	36	5	2	84	anon-1992
ranoidea-04521_anon-2270	62	3	11	6	2	5	2	84	anon-2270
anura-04720_lamtor3	17	16	2	24	23	5	2	82	lamtor3
anura-05120_slit1	26	5	2	25	24	5	2	82	slit1
anura-00734_ect2	2	2	7	39	31	5	2	81	ect2
anura-04532_loc101733286	43	2	8	17	11	5	2	81	loc101733286
ranoidea-05559_tbc1d12	15	4	2	25	33	5	2	79	tbc1d12
ranoidea-01617_gyltl1b	2	9	12	26	29	5	2	78	gyltl1b
anura-01907_anon-1602	29	2	3	27	14	5	2	75	anon-1602
anura-04234_anon-2610	42	2	4	9	18	5	2	75	anon-2610
anura-06034_uce-5383	17	2	10	16	30	5	2	75	uce-5383
anura-05955_uce-4301	7	2	5	29	30	5	2	73	uce-4301
ranoidea-04786_zfpm1-ex2	25	4	2	36	6	5	2	73	zfpm1
ranoidea-05680_gfra4	36	2	7	22	6	5	2	73	gfra4
anura-03678_eif4a3	43	2	5	13	7	5	2	70	eif4a3
anura-03856_loc108702639	41	2	2	6	17	5	2	68	loc108702639
anura-04874_ankrd13c	13	2	2	33	18	5	2	68	ankrd13c
anura-05352_slc45a1	27	2	10	22	7	5	2	68	slc45a1
anura-01705_ttr	2	3	11	14	34	5	2	64	ttr
ranoidea-00137_abce1	4	2	11	32	15	5	2	64	abce1
ranoidea-05580_zpr1-ex1	28	2	7	15	11	5	2	63	zpr1
anura-00975_pinx1	21	2	10	13	16	5	2	62	pinx1
anura-06085_uce-6033	23	2	5	8	24	5	2	62	uce-6033
ranoidea-07115_anon-3085	6	2	8	14	31	5	2	61	anon-3085
ranoidea-06911_aph1a	6	6	2	13	33	5	2	60	aph1a
anura-00193_anon-0925	29	2	8	7	13	5	2	59	anon-0925
anura-05933_uce-3982	21	4	2	20	12	5	2	59	uce-3982
anura-06188_uce-7504	20	12	2	13	9	5	2	56	uce-7504
ranoidea-01902_nit1-ex1	17	5	2	15	13	5	2	52	nit1
anura-02958_loc108701254	16	6	7	20	2	5	2	51	loc108701254
anura-05813_uce-2419	12	2	3	15	19	5	2	51	uce-2419
ranoidea-01100_anon-1204	12	2	4	10	22	5	2	50	anon-1204
ranoidea-05004_anon-2425	6	2	2	23	17	5	2	50	anon-2425
anura-01165_rbm8al	31	2	2	11	3	5	2	49	rbm8al
anura-06179_uce-7369	7	2	4	25	11	5	2	49	uce-7369
anura-00693_stk17a	14	4	6	2	22	5	2	48	stk17a
anura-02286_stam	6	2	6	25	9	5	2	48	stam
anura-03666_zc3h18	6	2	2	28	10	5	2	48	zc3h18
ranoidea-07192_anon-3102	16	21	2	2	7	5	2	48	anon-3102
ranoidea-00381_mgea5	25	2	5	13	2	5	2	47	mgea5
ranoidea-00656_rnf214	22	2	2	6	15	5	2	47	rnf214
anura-02604_ahcyl2	4	2	2	2	36	5	2	46	ahcyl2
anura-05049_wnk3-ex3	11	2	10	14	9	5	2	46	wnk3
ranoidea-05928_trpc6-ex2	15	3	2	13	12	5	2	45	trpc6
ranoidea-07132_anon-3092	6	2	4	18	12	5	2	42	anon-3092
anura-06153_nuak1	4	2	5	15	15	5	2	41	nuak1
anura-00544_llgl2-ex2	29	4	3	2	2	5	2	40	llgl2
ranoidea-05521_sumf1	21	2	2	2	11	5	2	38	sumf1
ranoidea-03992_dag1l	7	2	8	16	4	5	2	37	dag1l
anura-00061_loc100490391	8	2	6	9	10	5	2	35	loc100490391
ranoidea-01232_anon-1231	18	2	2	6	6	5	2	34	anon-1231
ranoidea-04959_chd3-ex2	10	2	8	6	6	5	2	32	chd3
anura-05904_uce-3655	7	7	12	3	2	5	2	31	uce-3655
ranoidea-02542_mfsd11s	4	6	11	8	2	5	2	31	mfsd11s
anura-05985_cacnb4	8	2	14	4	2	5	2	30	cacnb4
anura-06001_uce-4975	2	6	8	7	7	5	2	30	uce-4975
anura-06126_yaf2	5	4	2	8	11	5	2	30	yaf2
ranoidea-04507_ranbp3-ex3	16	2	2	2	8	5	2	30	ranbp3
ranoidea-03666_neu3-ex1	6	5	12	2	4	5	2	29	neu3
anura-03184_ddit3	3	7	3	2	13	5	2	28	ddit3
ranoidea-01474_lix1l	3	2	13	6	4	5	2	28	lix1l
ranoidea-06022_golga1	6	6	2	10	4	5	2	28	golga1
anura-02233_fbxl12l	8	2	2	6	9	5	2	27	fbxl12l
anura-05981_uce-4695	4	2	7	2	11	5	2	26	uce-4695
anura-06220_tspan7	6	3	6	2	6	5	2	23	tspan7
anura-00766_smurf2	6	2	2	7	2	5	2	19	smurf2
anura-05299_rffl	8	2	2	2	5	5	2	19	rffl
ranoidea-03993_rrm1	4	2	4	4	2	5	2	16	rrm1
ranoidea-04911_tmem220	7057	18	1	242	454	5	1	7772	tmem220
anura-04010_ddx54	1784	9	1	1894	1388	5	1	5076	ddx54
ranoidea-01979_tnrc18-ex2	1407	8	1	1533	1134	5	1	4083	tnrc18
anura-05552_rin1	1477	16	1	1382	893	5	1	3769	rin1
anura-03992_tle2	955	1	2	1429	1123	5	1	3510	tle2
anura-01141_sac3d1	730	1	60	1145	1238	5	1	3174	sac3d1
ranoidea-02273_anon-1546	848	52	1	1010	1135	5	1	3046	anon-1546
ranoidea-01952_anon-1454	856	3	1	881	869	5	1	2610	anon-1454
ranoidea-04936_anon-2407	596	8	1	1023	770	5	1	2398	anon-2407
anura-03166_stambpl1s	912	8	1	827	605	5	1	2353	stambpl1s
ranoidea-06026_loc100493339	1164	6	1	1176	4	5	1	2351	loc100493339
ranoidea-00915_anon-1149	598	1	2	918	789	5	1	2308	anon-1149
ranoidea-01988_anon-1471	724	1	11	599	970	5	1	2305	anon-1471
ranoidea-03443_kiaa0556l	778	1	13	745	744	5	1	2281	kiaa0556l
ranoidea-00049_anon-0874	790	2	1	417	918	5	1	2128	anon-0874
anura-02542_atf7ip	1315	1	38	347	424	5	1	2125	atf7ip
ranoidea-00103_mmp1-ex3	1218	59	1	356	447	5	1	2081	mmp1
ranoidea-06841_coa7-ex2	711	1	27	610	639	5	1	1988	coa7
ranoidea-01424_med16-ex2	650	216	1	611	414	5	1	1892	med16
ranoidea-01565_anon-1341	501	1	7	663	567	5	1	1739	anon-1341
ranoidea-05262_rasal1-ex1	878	4	1	571	228	5	1	1682	rasal1
anura-03358_hpd2	623	1	7	514	531	5	1	1676	hpd2
anura-02491_sbspon-ex2	436	1	141	479	616	5	1	1673	sbspon
anura-04096_anon-2550	578	1	1	601	300	5	1	1481	anon-2550
anura-03349_asb2-ex2	698	1	149	508	114	5	1	1470	asb2
ranoidea-07064_tp53bp1-ex3	612	1	3	327	508	5	1	1451	tp53bp1
ranoidea-02561_anon-1627	852	30	10	1	522	5	1	1415	anon-1627
anura-01847_loc100490582	211	854	1	134	184	5	1	1384	loc100490582
ranoidea-05554_anon-2617	492	1	22	311	538	5	1	1364	anon-2617
anura-03512_sox5-ex1	268	39	1	538	450	5	1	1296	sox5
ranoidea-00149_anon-0908	1	39	25	762	445	5	1	1272	anon-0908
ranoidea-06181_rrbp1	311	1	148	316	457	5	1	1233	rrbp1
ranoidea-07092_ets2s	515	18	28	1	662	5	1	1224	ets2s
ranoidea-04458_yrdc	363	2	1	456	348	5	1	1170	yrdc
anura-03335_dennd5b-ex2	344	54	1	316	452	5	1	1167	dennd5b
anura-03769_pgm3-ex4	321	102	137	558	1	5	1	1119	pgm3
ranoidea-04696_anon-2319	297	6	1	566	211	5	1	1081	anon-2319
anura-03499_ahctf1-ex3	1	77	90	337	545	5	1	1050	ahctf1
ranoidea-01042_anon-1186	332	52	167	1	496	5	1	1048	anon-1186
anura-02891_ercc6l2-ex1	1	221	292	222	286	5	1	1022	ercc6l2
ranoidea-00554_sema4g-ex1	255	32	1	290	436	5	1	1014	sema4g
ranoidea-06860_anon-3005	441	4	1	147	401	5	1	994	anon-3005
anura-02328_slc25a30	266	4	1	333	370	5	1	974	slc25a30
anura-02192_pigu-ex1	317	71	1	350	226	5	1	965	pigu
anura-04452_ntn4s	322	4	1	413	222	5	1	962	ntn4s
anura-04574_sphk2	154	1	87	317	387	5	1	946	sphk2
ranoidea-01023_xetrov90020983mg-ex2	227	1	2	424	266	5	1	920	xetrov90020983mg
anura-00788_shmt1	431	1	107	316	50	5	1	905	shmt1
anura-04111_tns4	364	1	7	166	366	5	1	904	tns4
ranoidea-06670_slc4a8	387	6	1	312	188	5	1	894	slc4a8
anura-03130_thbs4s	366	1	3	2	516	5	1	888	thbs4s
ranoidea-06776_cfap43l	106	2	1	497	268	5	1	874	cfap43l
ranoidea-05645_anon-2638	130	1	1	289	441	5	1	862	anon-2638
ranoidea-04204_mast3-ex1	298	1	1	318	221	5	1	839	mast3
ranoidea-00409_anon-1000	208	1	46	232	339	5	1	826	anon-1000
ranoidea-02036_anon-1482	423	1	2	368	4	5	1	798	anon-1482
ranoidea-04843_anon-2372	284	1	18	110	381	5	1	794	anon-2372
ranoidea-04023_anon-2109	167	1	6	191	428	5	1	793	anon-2109
ranoidea-00225_cdh23-ex3	237	2	1	249	281	5	1	770	cdh23
ranoidea-00316_vti1b	297	1	4	106	354	5	1	762	vti1b
ranoidea-03761_ggt1	176	33	1	280	253	5	1	743	ggt1
anura-00622_anon-1092	228	1	102	246	162	5	1	739	anon-1092
anura-04642_anon-2776	241	1	19	214	263	5	1	738	anon-2776
ranoidea-06830_loc100496882	616	2	1	82	23	5	1	724	loc100496882
ranoidea-00346_loc108701341	203	1	2	239	262	5	1	707	loc108701341
ranoidea-02990_anon-1776	275	1	2	240	179	5	1	697	anon-1776
anura-01048_anon-1255	237	1	4	193	259	5	1	694	anon-1255
anura-02874_mlh1	260	4	1	185	243	5	1	693	mlh1
anura-04617_gaa-ex5	435	1	3	1	223	5	1	663	gaa
ranoidea-04334_anon-2209	168	1	2	269	204	5	1	644	anon-2209
ranoidea-00484_anon-1025	237	1	4	299	101	5	1	642	anon-1025
ranoidea-04787_ptbp1	199	1	8	311	120	5	1	639	ptbp1
ranoidea-03202_anon-1853	226	1	1	160	244	5	1	632	anon-1853
anura-02862_ptpre	323	1	6	181	97	5	1	608	ptpre
anura-03300_imp4s-ex2	194	1	2	214	189	5	1	600	imp4s
anura-02591_ncbp3	200	1	9	243	140	5	1	593	ncbp3
anura-02370_dpp4	383	1	8	135	59	5	1	586	dpp4
ranoidea-04751_pigvs	184	1	2	267	124	5	1	578	pigvs
ranoidea-06912_kirrel	201	70	112	189	1	5	1	573	kirrel
ranoidea-02812_eps8l2-ex1	264	2	2	297	1	5	1	566	eps8l2
anura-00096_loc100497391-ex5	226	1	2	97	234	5	1	560	loc100497391
ranoidea-00347_anon-0979	161	2	1	213	175	5	1	552	anon-0979
anura-02544_st3gal5	194	8	1	199	133	5	1	535	st3gal5
ranoidea-00382_adamtsl4	225	1	2	160	143	5	1	531	adamtsl4
ranoidea-01197_clul-ex3	322	1	20	176	1	5	1	520	clul
anura-01581_anon-1484	141	2	1	117	242	5	1	503	anon-1484
ranoidea-03595_anon-1973	123	8	1	241	123	5	1	496	anon-1973
ranoidea-00548_taf5-ex1	65	4	2	411	1	5	1	483	taf5
ranoidea-03654_loc496335	268	2	1	3	186	5	1	460	loc496335
anura-05213_snap29-ex1	135	1	11	224	77	5	1	448	snap29
anura-03513_loc108710176	221	39	176	1	1	5	1	438	loc108710176
ranoidea-07014_anon-3054	103	1	50	278	1	5	1	433	anon-3054
ranoidea-00670_sytl5l	77	1	3	236	115	5	1	432	sytl5l
ranoidea-04957_wwp2	105	1	28	146	145	5	1	425	wwp2
anura-02552_tiparp-ex1	75	1	21	186	136	5	1	419	tiparp
ranoidea-02039_gata6	184	1	99	47	86	5	1	417	gata6
ranoidea-03092_depdc4	1	2	20	351	42	5	1	416	depdc4
anura-05848_uce-2870	110	4	1	128	164	5	1	407	uce-2870
anura-04772_mfsd2a	1	42	41	85	228	5	1	397	mfsd2a
anura-01658_myo1d-ex4	212	2	1	111	68	5	1	394	myo1d
anura-02648_kiaa0556	110	59	66	153	1	5	1	389	kiaa0556
ranoidea-03853_sema5b	58	1	8	129	182	5	1	378	sema5b
ranoidea-04075_cenpk	70	1	2	83	221	5	1	377	cenpk
ranoidea-04839_ddr1s	179	1	6	133	47	5	1	366	ddr1s
ranoidea-07164_anon-3100	113	1	2	185	63	5	1	364	anon-3100
anura-04348_nedd4l	144	16	1	89	113	5	1	363	nedd4l
anura-01272_arl6ip1	177	1	1	86	94	5	1	359	arl6ip1
ranoidea-02969_tmem144	121	1	32	123	79	5	1	356	tmem144
ranoidea-03010_tpte2	98	1	24	114	115	5	1	352	tpte2
ranoidea-05756_uggt1l	214	1	4	62	70	5	1	351	uggt1l
ranoidea-05947_c18orf21	171	6	1	78	93	5	1	349	c18orf21
ranoidea-00802_anon-1116	188	5	1	138	14	5	1	346	anon-1116
ranoidea-05774_siglec1l	287	2	2	50	1	5	1	342	siglec1l
ranoidea-00521_loc108709661	148	19	1	70	103	5	1	341	loc108709661
ranoidea-03944_anon-2094	81	1	12	74	169	5	1	337	anon-2094
ranoidea-07246_dis3ll-ex2	94	1	2	170	69	5	1	336	dis3ll
ranoidea-06750_trappc11-ex3	123	15	1	144	50	5	1	333	trappc11
anura-03061_pqlc3-ex2	162	1	10	72	81	5	1	326	pqlc3
anura-04778_loc101731871-ex2	1	120	165	3	30	5	1	319	loc101731871
anura-03428_pah	203	1	2	42	67	5	1	315	pah
ranoidea-06898_celsr1-ex1	118	1	41	118	36	5	1	314	celsr1
ranoidea-01923_fam134al	98	46	26	135	1	5	1	306	fam134al
ranoidea-02725_loc108718972	148	1	28	40	88	5	1	305	loc108718972
ranoidea-03318_ccnl1-ex2	50	1	2	108	139	5	1	300	ccnl1
ranoidea-01672_anon-1372	80	1	5	128	83	5	1	297	anon-1372
ranoidea-04444_cst7	230	1	14	22	28	5	1	295	cst7
ranoidea-02737_anon-1688	65	1	30	31	162	5	1	289	anon-1688
ranoidea-06281_grb7-ex1	1	52	84	41	110	5	1	288	grb7
anura-00683_kif24	108	1	24	90	61	5	1	284	kif24
ranoidea-03771_ppp1r12c-ex1	79	1	2	105	80	5	1	267	ppp1r12c
anura-03229_enpep	162	6	1	55	37	5	1	261	enpep
anura-03257_srm-ex1	102	1	8	85	62	5	1	258	srm
ranoidea-00309_ivns1abp	81	1	7	58	108	5	1	255	ivns1abp
anura-01878_gatad2b-ex1	174	7	1	1	70	5	1	253	gatad2b
ranoidea-06756_anon-2976	18	2	1	227	4	5	1	252	anon-2976
anura-02464_anon-1859	141	1	2	37	66	5	1	247	anon-1859
anura-04949_anon-2914	132	1	7	51	51	5	1	242	anon-2914
ranoidea-03409_mef2d-ex1	67	3	1	101	68	5	1	240	mef2d
anura-02361_anon-1820	65	1	7	64	91	5	1	228	anon-1820
ranoidea-03226_ptpn1	55	1	6	72	94	5	1	228	ptpn1
anura-02007_anon-1638	65	1	1	61	97	5	1	225	anon-1638
anura-00337_anon-0997	74	1	19	54	76	5	1	224	anon-0997
anura-05013_anon-2940	46	12	1	88	70	5	1	217	anon-2940
ranoidea-02995_tpx2	136	1	1	23	55	5	1	216	tpx2
anura-05826_uce-2563	70	1	26	55	61	5	1	213	uce-2563
ranoidea-03132_loc108700950	21	92	18	78	1	5	1	210	loc108700950
ranoidea-03028_anon-1789	29	1	10	86	83	5	1	209	anon-1789
anura-03607_tube1-ex2	94	5	2	106	1	5	1	208	tube1
ranoidea-02507_loc100489839	98	9	1	38	62	5	1	208	loc100489839
ranoidea-04518_anon-2267	48	4	1	79	74	5	1	206	anon-2267
ranoidea-03669_atp13a4	56	1	28	77	31	5	1	193	atp13a4
anura-00662_anon-1108	78	2	1	69	40	5	1	190	anon-1108
ranoidea-03005_atp7b-ex3	4	1	22	76	86	5	1	189	atp7b
ranoidea-01576_anon-1343	28	2	22	125	1	5	1	178	anon-1343
ranoidea-02859_anon-1730	83	1	2	42	48	5	1	176	anon-1730
ranoidea-02116_son-ex1	57	1	11	46	57	5	1	172	son
anura-03090_anon-2111	63	1	14	68	25	5	1	171	anon-2111
ranoidea-01580_anon-1345	55	5	1	32	74	5	1	167	anon-1345
ranoidea-04058_rbm5s-ex2	69	1	2	67	26	5	1	165	rbm5s
ranoidea-02919_klhdc1	1	38	90	32	2	5	1	163	klhdc1
anura-01152_loc100485794	59	6	1	1	95	5	1	162	loc100485794
ranoidea-01470_tpm3l	89	1	2	50	20	5	1	162	tpm3l
ranoidea-02575_polh-ex2	36	1	7	42	73	5	1	159	polh
ranoidea-01812_loc108697030	58	2	1	64	24	5	1	149	loc108697030
ranoidea-02305_rasl12	20	1	24	44	60	5	1	149	rasl12
anura-04958_mars2	27	2	1	61	57	5	1	148	mars2
anura-02181_ptdss1	40	1	2	41	62	5	1	146	ptdss1
ranoidea-06873_anon-3010	63	1	18	29	34	5	1	145	anon-3010
ranoidea-06251_shank3	115	5	9	1	14	5	1	144	shank3
anura-01359_sh2d3c-ex2	49	1	5	23	65	5	1	143	sh2d3c
anura-02645_strip1-ex1	14	3	1	61	62	5	1	141	strip1
ranoidea-03077_krtl	77	2	1	41	16	5	1	137	krtl
ranoidea-04494_ppp1r13l-ex1	11	6	18	101	1	5	1	137	ppp1r13l
anura-04590_shcbp1-ex2	63	2	30	1	38	5	1	134	shcbp1
anura-02479_loc108708118	31	1	6	46	46	5	1	130	loc108708118
ranoidea-03935_tgfbr22l	75	1	1	14	38	5	1	129	tgfbr22l
anura-04534_adipor2l	30	1	1	43	33	5	1	108	adipor2l
anura-00874_anon-1200	12	10	9	75	1	5	1	107	anon-1200
anura-01668_thumpd3	46	7	1	16	36	5	1	106	thumpd3
ranoidea-00998_ppid	16	10	1	29	46	5	1	102	ppid
anura-02264_pdik1l	32	1	3	35	29	5	1	100	pdik1l
anura-05401_loc101730335	31	1	7	21	40	5	1	100	loc101730335
ranoidea-00590_pacsin2s	22	1	10	36	31	5	1	100	pacsin2s
anura-04075_hars2-ex1	40	12	27	13	1	5	1	93	hars2
anura-00817_hipk2-ex2	22	2	1	31	35	5	1	91	hipk2
ranoidea-01760_cxorf56	5	1	33	34	17	5	1	90	cxorf56
ranoidea-02224_hsd11b1l2	30	1	2	27	23	5	1	83	hsd11b1l2
anura-03461_spns1-ex1	22	2	1	49	5	5	1	79	spns1
ranoidea-02466_anon-1601	26	1	14	12	25	5	1	78	anon-1601
ranoidea-06897_gramd4s	2	43	13	1	18	5	1	77	gramd4s
anura-02629_qtrtd1-ex1	9	2	1	28	34	5	1	74	qtrtd1
anura-00897_plod2	21	6	1	34	8	5	1	70	plod2
anura-05857_uce-2955	22	1	18	15	14	5	1	70	uce-2955
ranoidea-06020_gpd1l-ex1	22	1	10	30	7	5	1	70	gpd1l
anura-01618_thsd7a-ex1	59	3	1	1	3	5	1	67	thsd7a
anura-04645_anon-2777	18	7	1	25	15	5	1	66	anon-2777
ranoidea-02098_galnt7	12	8	30	15	1	5	1	66	galnt7
ranoidea-03383_fbxo42-ex1	7	1	7	24	27	5	1	66	fbxo42
ranoidea-00831_slk-ex2	23	1	5	30	2	5	1	61	slk
ranoidea-02531_mgc147490	30	1	2	21	7	5	1	61	mgc147490
ranoidea-03404_nrf1	1	16	16	8	16	5	1	57	nrf1
ranoidea-06364_phf19	15	1	2	17	20	5	1	55	phf19
anura-05429_anon-3090	21	1	7	1	24	5	1	54	anon-3090
ranoidea-01483_gse1	20	8	4	1	18	5	1	51	gse1
anura-02769_mns1	35	2	4	1	4	5	1	46	mns1
anura-00181_gigyf2-ex1	1	1	5	20	14	5	1	41	gigyf2
anura-05044_fsd1l	7	1	2	13	16	5	1	39	fsd1l
ranoidea-02330_lrch4	6	7	14	4	1	5	1	32	lrch4
anura-01258_ccnd1	19	1	1	7	1	5	1	29	ccnd1
anura-06081_uce-5996	9	9	6	2	1	5	1	27	uce-5996
ranoidea-01895_ankzf1-ex2	14	7	1	1	4	5	1	27	ankzf1
ranoidea-07332_uce-0627	7	7	4	1	5	5	1	24	uce-0627
anura-06227_uce-7967	11	1	2	1	7	5	1	22	uce-7967
ranoidea-06497_anon-2891	3	1	1	3	13	5	1	21	anon-2891
anura-05897_uce-3570	2	3	1	9	1	5	1	16	uce-3570
anura-05677_uce-0527	5	1	1	4	2	5	1	13	uce-0527
ranoidea-00989_stard7	1	1	1	4	6	5	1	13	stard7
ranoidea-06883_loc108704484	3	2	2	4	1	5	1	12	loc108704484
ranoidea-04918_anon-2400	1	2	2	4	2	5	1	11	anon-2400
